Date,Open,High,Low,Close,Adj Close,Volume
2020-07-27 04:00:00+00:00,23.54,23.6,23.38,23.53,23.53,3775.0
2020-07-28 04:00:00+00:00,23.53,24.22,23.53,24.22,24.22,612.0
2020-07-29 04:00:00+00:00,24.42,24.75,24.42,24.68,24.68,1950.0
2020-07-30 04:00:00+00:00,24.84,24.84,24.84,24.84,24.84,306.0
2020-07-31 04:00:00+00:00,24.44,24.83,24.44,24.83,24.83,951.0
2020-08-03 04:00:00+00:00,24.74,24.88,24.74,24.85,24.85,934.0
2020-08-04 04:00:00+00:00,25.03,25.07,25.03,25.07,25.07,445.0
2020-08-05 04:00:00+00:00,25.6,25.78,25.6,25.78,25.78,600.0
2020-08-06 04:00:00+00:00,26.81,27.86,26.81,27.42,27.42,5917.0
2020-08-07 04:00:00+00:00,27.43,27.95,27.3,27.72,27.72,2491.0
2020-08-12 04:00:00+00:00,28.72,28.86,28.72,28.81,28.81,748.0
2020-08-13 04:00:00+00:00,28.75,29.85,28.75,29.85,29.85,1078.0
2020-08-17 04:00:00+00:00,29.83,30.64,29.83,30.64,30.64,733.0
2020-08-18 04:00:00+00:00,30.25,30.25,28.94,29.09,29.09,1524.0
2020-08-19 04:00:00+00:00,29.78,29.83,29.68,29.68,29.68,843.0
2020-08-20 04:00:00+00:00,28.78,28.78,28.78,28.78,28.78,441.0
2020-08-21 04:00:00+00:00,28.11,28.39,28.11,28.3,28.3,1948.0
2020-08-24 04:00:00+00:00,28.2,28.2,28.2,28.2,28.2,700.0
2020-08-25 04:00:00+00:00,28.76,28.76,28.44,28.55,28.55,1236.0
2020-08-26 04:00:00+00:00,28.19,28.3,28.17,28.3,28.3,4207.0
2020-08-27 04:00:00+00:00,28.25,28.31,27.91,28.17,28.17,2458.0
2020-08-28 04:00:00+00:00,27.98,28.11,27.93,28.11,28.11,1459.0
2020-08-31 04:00:00+00:00,27.8,28.34,27.8,28.1,28.1,8746.0
2020-09-02 04:00:00+00:00,28.84,29.15,28.84,29.1,29.1,1158.0
2020-09-03 04:00:00+00:00,28.26,28.26,27.72,27.73,27.73,997.0
2020-09-04 04:00:00+00:00,27.61,27.61,26.68,26.73,26.73,1327.0
2020-09-10 04:00:00+00:00,26.78,26.78,26.78,26.78,26.78,256.0
2020-09-11 04:00:00+00:00,26.81,26.81,26.61,26.61,26.61,381.0
2020-09-14 04:00:00+00:00,26.78,26.78,26.78,26.78,26.78,492.0
2020-09-15 04:00:00+00:00,26.52,26.55,26.52,26.55,26.55,426.0
2020-09-16 04:00:00+00:00,27.16,27.18,27.16,27.18,27.18,592.0
2020-09-18 04:00:00+00:00,27.07,27.07,26.01,26.01,26.01,892.0
2020-09-21 04:00:00+00:00,25.0,25.0,25.0,25.0,25.0,271.0
2020-09-22 04:00:00+00:00,25.16,25.59,25.08,25.59,25.59,829.0
2020-09-23 04:00:00+00:00,26.54,26.54,25.1,25.1,25.1,3103.0
2020-09-24 04:00:00+00:00,24.81,25.56,24.81,25.22,25.22,1962.0
2020-09-25 04:00:00+00:00,25.7,25.92,25.38,25.92,25.92,765.0
2020-09-28 04:00:00+00:00,26.95,26.95,26.95,26.95,26.95,309.0
2020-09-29 04:00:00+00:00,26.61,26.61,26.61,26.61,26.61,1242.0
2020-09-30 04:00:00+00:00,27.33,27.45,26.7,27.16,27.16,1602.0
2020-10-01 04:00:00+00:00,27.6,27.83,27.33,27.69,27.69,3166.0
2020-10-02 04:00:00+00:00,27.22,28.27,27.22,27.61,27.61,3607.0
2020-10-05 04:00:00+00:00,28.45,28.53,28.45,28.53,28.53,1626.0
2020-10-07 04:00:00+00:00,28.4,29.22,28.4,29.2,29.2,3075.0
2020-10-08 04:00:00+00:00,28.21,28.98,28.21,28.95,28.95,2134.0
2020-10-09 04:00:00+00:00,28.82,28.82,28.8,28.8,28.8,585.0
2020-10-12 04:00:00+00:00,28.54,28.76,28.45,28.76,28.76,1500.0
2020-10-13 04:00:00+00:00,28.89,29.26,28.89,29.26,29.26,1627.0
2020-10-14 04:00:00+00:00,28.9,28.91,28.11,28.11,28.11,1782.0
2020-10-15 04:00:00+00:00,27.45,27.45,27.08,27.22,27.22,1468.0
2020-10-16 04:00:00+00:00,27.12,28.28,27.12,28.28,28.28,1324.0
2020-10-19 04:00:00+00:00,28.15,28.26,28.15,28.25,28.25,1086.0
2020-10-20 04:00:00+00:00,28.14,28.14,28.04,28.06,28.06,862.0
2020-10-21 04:00:00+00:00,27.49,28.12,27.49,28.03,28.03,1128.0
2020-10-22 04:00:00+00:00,27.76,28.04,27.76,28.04,28.04,703.0
2020-10-23 04:00:00+00:00,28.42,28.74,28.42,28.69,28.69,1369.0
2020-10-26 04:00:00+00:00,27.58,27.87,27.58,27.75,27.75,2157.0
2020-10-27 04:00:00+00:00,27.7,28.01,27.24,27.24,27.24,2302.0
2020-10-28 04:00:00+00:00,27.19,27.19,25.62,25.62,25.62,4851.0
2020-10-29 04:00:00+00:00,25.51,25.94,25.13,25.73,25.73,2559.0
2020-10-30 04:00:00+00:00,25.93,25.93,24.71,24.92,24.92,3211.0
2020-11-03 05:00:00+00:00,26.85,26.95,25.94,26.73,26.73,2808.0
2020-11-04 05:00:00+00:00,26.36,26.6,26.36,26.6,26.6,798.0
2020-11-05 05:00:00+00:00,27.36,27.6,27.36,27.6,27.6,1560.0
2020-11-06 05:00:00+00:00,27.65,27.65,26.77,26.77,26.77,1657.0
2020-11-09 05:00:00+00:00,29.17,29.31,27.93,27.93,27.93,4644.0
2020-11-10 05:00:00+00:00,28.01,28.01,27.43,27.54,27.54,3634.0
2020-11-11 05:00:00+00:00,26.45,26.45,26.22,26.3,26.3,2977.0
2020-11-12 05:00:00+00:00,26.07,26.82,26.07,26.48,26.48,2056.0
2020-11-13 05:00:00+00:00,26.89,26.89,26.61,26.8,26.8,1135.0
2020-11-16 05:00:00+00:00,27.04,27.04,26.45,26.47,26.47,3172.0
2020-11-17 05:00:00+00:00,26.91,26.91,25.79,26.33,26.33,2871.0
2020-11-18 05:00:00+00:00,26.28,26.58,26.11,26.45,26.45,1290.0
2020-11-19 05:00:00+00:00,26.4,26.57,26.4,26.55,26.55,3244.0
2020-11-20 05:00:00+00:00,26.46,26.73,26.46,26.61,26.61,1737.0
2020-11-23 05:00:00+00:00,26.82,26.9,26.77,26.85,26.85,2529.0
2020-11-24 05:00:00+00:00,26.95,28.25,26.81,27.89,27.89,5079.0
2020-11-25 05:00:00+00:00,27.67,27.67,27.55,27.55,27.55,1825.0
2020-11-27 05:00:00+00:00,27.73,27.77,27.73,27.77,27.77,1704.0
2020-11-30 05:00:00+00:00,27.0,27.0,26.59,26.59,26.59,837.0
2020-12-01 05:00:00+00:00,27.08,27.08,26.64,26.64,26.64,4575.0
2020-12-02 05:00:00+00:00,26.49,26.64,26.49,26.64,26.64,1462.0
2020-12-03 05:00:00+00:00,26.68,27.87,26.68,27.76,27.76,1476.0
2020-12-04 05:00:00+00:00,28.04,31.57,28.04,31.57,31.57,13734.0
2020-12-07 05:00:00+00:00,31.41,31.41,30.69,30.69,30.69,2680.0
2020-12-08 05:00:00+00:00,31.15,31.2,30.71,31.07,31.07,14809.0
2020-12-09 05:00:00+00:00,31.34,31.34,31.1,31.25,31.25,3538.0
2020-12-10 05:00:00+00:00,31.34,32.43,31.34,32.01,32.01,4063.0
2020-12-11 05:00:00+00:00,31.25,31.3,30.43,30.98,30.98,3351.0
2020-12-14 05:00:00+00:00,31.16,31.83,31.07,31.83,31.83,3235.0
2020-12-15 05:00:00+00:00,32.07,32.43,32.07,32.17,32.17,2338.0
2020-12-16 05:00:00+00:00,32.43,33.11,32.4,32.93,32.93,5052.0
2020-12-17 05:00:00+00:00,32.79,33.5,32.57,33.5,33.5,5266.0
2020-12-18 05:00:00+00:00,33.58,33.99,32.64,32.64,32.64,4161.0
2020-12-21 05:00:00+00:00,31.2,31.93,30.88,31.93,31.93,3234.0
2020-12-22 05:00:00+00:00,32.24,32.84,32.24,32.84,32.84,2722.0
2020-12-23 05:00:00+00:00,32.93,33.1,32.9,33.1,33.1,1903.0
2020-12-28 05:00:00+00:00,33.28,33.28,32.9,33.06,33.06,1564.0
2020-12-29 05:00:00+00:00,33.1,33.1,32.75,32.75,32.75,5463.0
2020-12-30 05:00:00+00:00,33.06,33.19,32.96,33.15,33.15,2451.0
2020-12-31 05:00:00+00:00,32.82,33.51,32.82,33.51,33.51,2631.0
2021-01-04 05:00:00+00:00,33.52,33.52,32.32,32.45,32.45,1347.0
2021-01-05 05:00:00+00:00,32.45,33.27,32.45,32.82,32.82,2338.0
2021-01-06 05:00:00+00:00,33.71,34.46,33.71,34.14,34.14,5035.0
2021-01-07 05:00:00+00:00,34.82,36.11,34.27,34.37,34.37,5113.0
2021-01-08 05:00:00+00:00,33.44,33.44,32.73,32.73,32.73,1180.0
2021-01-11 05:00:00+00:00,32.47,32.57,32.33,32.47,32.47,1708.0
2021-01-12 05:00:00+00:00,32.34,34.1,32.34,34.1,34.1,18399.0
2021-01-13 05:00:00+00:00,33.58,33.83,33.35,33.43,33.43,8122.0
2021-01-14 05:00:00+00:00,33.19,33.64,32.99,33.16,33.16,8443.0
2021-01-15 05:00:00+00:00,32.24,33.04,32.24,33.04,33.04,2749.0
2021-01-19 05:00:00+00:00,33.58,33.79,33.4,33.4,33.4,1752.0
2021-01-20 05:00:00+00:00,33.01,33.01,33.01,33.01,33.01,1305.0
2021-01-22 05:00:00+00:00,32.47,32.76,32.36,32.64,32.64,2422.0
2021-01-25 05:00:00+00:00,31.57,32.15,31.57,31.85,31.85,7273.0
2021-01-26 05:00:00+00:00,32.16,32.16,31.86,31.86,31.86,1132.0
2021-01-27 05:00:00+00:00,30.41,30.56,29.77,30.38,30.38,4539.0
2021-01-28 05:00:00+00:00,30.07,30.18,27.29,29.6,29.6,5496.0
2021-01-29 05:00:00+00:00,29.91,29.91,29.41,29.71,29.71,5758.0
2021-02-01 05:00:00+00:00,29.84,30.38,29.78,30.16,30.16,1203.0
2021-02-02 05:00:00+00:00,30.85,31.65,30.85,31.65,31.65,1381.0
2021-02-03 05:00:00+00:00,31.51,31.73,31.14,31.73,31.73,4717.0
2021-02-04 05:00:00+00:00,31.88,32.07,31.88,32.07,32.07,1207.0
2021-02-05 05:00:00+00:00,32.37,32.62,32.37,32.62,32.62,2977.0
2021-02-08 05:00:00+00:00,32.16,32.78,31.84,32.5,32.5,8800.0
2021-02-09 05:00:00+00:00,32.45,32.45,31.09,31.17,31.17,5287.0
2021-02-10 05:00:00+00:00,30.98,31.65,30.61,30.61,30.61,2386.0
2021-02-11 05:00:00+00:00,31.04,31.38,30.6,31.38,31.38,2236.0
2021-02-12 05:00:00+00:00,31.15,31.39,31.12,31.39,31.39,1968.0
2021-02-16 05:00:00+00:00,31.17,31.94,31.17,31.27,31.27,1903.0
2021-02-17 05:00:00+00:00,30.66,30.99,30.66,30.73,30.73,1818.0
2021-02-18 05:00:00+00:00,30.27,30.27,29.55,29.55,29.55,625.0
2021-02-19 05:00:00+00:00,30.77,30.85,30.77,30.85,30.85,784.0
2021-02-22 05:00:00+00:00,29.92,31.85,29.92,31.62,31.62,6253.0
2021-02-23 05:00:00+00:00,31.27,32.27,31.27,32.21,32.21,2262.0
2021-02-24 05:00:00+00:00,32.27,33.26,32.24,32.99,32.99,3253.0
2021-02-25 05:00:00+00:00,33.48,33.56,32.32,32.49,32.49,2887.0
2021-02-26 05:00:00+00:00,32.25,32.72,32.04,32.04,32.04,4048.0
2021-03-01 05:00:00+00:00,33.25,33.25,33.13,33.13,33.13,1686.0
2021-03-02 05:00:00+00:00,32.45,32.45,32.0,32.01,32.01,1113.0
2021-03-03 05:00:00+00:00,32.32,32.32,31.82,32.09,32.09,1686.0
2021-03-04 05:00:00+00:00,31.75,31.75,30.21,30.21,30.21,1098.0
2021-03-05 05:00:00+00:00,30.43,31.27,30.43,31.27,31.27,1623.0
2021-03-08 05:00:00+00:00,31.01,31.01,30.39,30.64,30.64,2271.0
2021-03-09 05:00:00+00:00,31.33,31.33,31.21,31.21,31.21,1828.0
2021-03-10 05:00:00+00:00,31.44,31.95,31.01,31.32,31.32,3528.0
2021-03-11 05:00:00+00:00,32.6,34.16,32.6,34.02,34.02,2533.0
2021-03-12 05:00:00+00:00,34.84,36.0,34.07,35.99,35.99,2713.0
2021-03-15 04:00:00+00:00,35.4,35.4,35.0,35.0,35.0,1645.0
2021-03-16 04:00:00+00:00,34.94,35.27,34.79,34.98,34.98,3292.0
2021-03-17 04:00:00+00:00,35.11,35.38,35.11,35.38,35.38,1000.0
2021-03-18 04:00:00+00:00,34.9,34.91,34.61,34.61,34.61,2172.0
2021-03-19 04:00:00+00:00,34.42,35.34,34.42,35.34,35.34,4131.0
2021-03-22 04:00:00+00:00,34.22,34.76,34.05,34.75,34.75,2415.0
2021-03-23 04:00:00+00:00,34.81,35.49,33.52,33.52,33.52,1980.0
2021-03-24 04:00:00+00:00,32.87,33.37,31.87,31.87,31.87,1677.0
2021-03-25 04:00:00+00:00,31.62,33.36,31.62,33.36,33.36,2605.0
2021-03-26 04:00:00+00:00,33.63,34.94,33.63,34.94,34.94,2284.0
2021-03-29 04:00:00+00:00,35.72,35.72,34.23,34.53,34.53,2436.0
2021-03-30 04:00:00+00:00,35.01,35.14,34.41,34.41,34.41,5803.0
2021-03-31 04:00:00+00:00,34.78,34.78,33.33,33.96,33.96,2605.0
2021-04-01 04:00:00+00:00,33.39,34.42,33.35,34.29,34.29,2889.0
2021-04-05 04:00:00+00:00,34.63,35.7,34.63,35.7,35.7,1119.0
2021-04-07 04:00:00+00:00,34.17,34.17,34.16,34.16,34.16,634.0
2021-04-08 04:00:00+00:00,34.14,34.23,34.14,34.18,34.18,1429.0
2021-04-09 04:00:00+00:00,34.9,35.12,34.84,34.96,34.96,1647.0
2021-04-12 04:00:00+00:00,34.86,34.86,33.75,33.75,33.75,3258.0
2021-04-13 04:00:00+00:00,34.13,34.13,34.13,34.13,34.13,774.0
2021-04-14 04:00:00+00:00,34.71,34.71,34.08,34.08,34.08,904.0
2021-04-15 04:00:00+00:00,33.65,33.74,33.51,33.74,33.74,1392.0
2021-04-16 04:00:00+00:00,33.77,33.91,33.62,33.82,33.82,3462.0
2021-04-19 04:00:00+00:00,33.22,33.22,32.67,32.67,32.67,1531.0
2021-04-20 04:00:00+00:00,31.8,31.8,31.8,31.8,31.8,220.0
2021-04-21 04:00:00+00:00,32.46,32.46,32.46,32.46,32.46,583.0
2021-04-22 04:00:00+00:00,33.13,34.02,33.13,33.62,33.62,6238.0
2021-04-23 04:00:00+00:00,34.91,36.11,34.91,35.48,35.48,3375.0
2021-04-26 04:00:00+00:00,36.13,36.32,34.88,35.28,35.28,3306.0
2021-04-27 04:00:00+00:00,35.38,35.38,35.38,35.38,35.38,1561.0
2021-04-28 04:00:00+00:00,36.13,36.13,35.66,35.69,35.69,3166.0
2021-04-29 04:00:00+00:00,35.55,35.55,35.55,35.55,35.55,301.0
2021-04-30 04:00:00+00:00,35.44,35.44,34.35,34.35,34.35,796.0
2021-05-03 04:00:00+00:00,34.77,34.85,34.44,34.59,34.59,762.0
2021-05-04 04:00:00+00:00,35.57,35.83,34.46,34.46,34.46,1420.0
2021-05-05 04:00:00+00:00,34.77,34.77,33.09,33.48,33.48,1579.0
2021-05-06 04:00:00+00:00,33.99,34.62,33.99,34.41,34.41,3009.0
2021-05-07 04:00:00+00:00,34.71,34.92,34.48,34.82,34.82,1983.0
2021-05-10 04:00:00+00:00,35.19,35.26,33.5,33.5,33.5,2221.0
2021-05-11 04:00:00+00:00,32.59,33.36,32.59,33.04,33.04,1224.0
2021-05-12 04:00:00+00:00,32.72,32.72,31.92,31.92,31.92,457.0
2021-05-13 04:00:00+00:00,32.62,32.62,32.21,32.36,32.36,766.0
2021-05-14 04:00:00+00:00,33.45,33.45,33.45,33.45,33.45,131.0
2021-05-17 04:00:00+00:00,34.32,34.32,34.32,34.32,34.32,322.0
2021-05-18 04:00:00+00:00,34.51,34.99,34.29,34.41,34.41,1499.0
2021-05-19 04:00:00+00:00,33.23,34.27,33.23,34.19,34.19,2428.0
2021-05-20 04:00:00+00:00,34.3,34.74,34.3,34.74,34.74,770.0
2021-05-21 04:00:00+00:00,35.75,36.03,35.4,35.61,35.61,3586.0
2021-05-24 04:00:00+00:00,35.68,35.83,35.42,35.79,35.79,4005.0
2021-05-25 04:00:00+00:00,35.51,35.79,34.34,34.34,34.34,3958.0
2021-05-26 04:00:00+00:00,35.04,35.04,35.04,35.04,35.04,580.0
2021-05-27 04:00:00+00:00,34.86,35.41,34.86,35.27,35.27,2494.0
2021-05-28 04:00:00+00:00,34.73,35.07,34.73,34.94,34.94,1519.0
2021-06-01 04:00:00+00:00,35.55,36.18,35.36,36.08,36.08,6734.0
2021-06-02 04:00:00+00:00,35.85,36.19,35.8,36.17,36.17,2435.0
2021-06-03 04:00:00+00:00,36.18,36.89,36.18,36.53,36.53,2140.0
2021-06-04 04:00:00+00:00,36.71,37.27,36.71,37.27,37.27,839.0
2021-06-07 04:00:00+00:00,37.23,37.25,36.86,37.0,37.0,1549.0
2021-06-08 04:00:00+00:00,36.92,36.92,36.54,36.55,36.55,986.0
2021-06-09 04:00:00+00:00,36.22,36.41,36.22,36.22,36.22,560.0
2021-06-10 04:00:00+00:00,36.36,36.43,36.16,36.16,36.16,1122.0
2021-06-11 04:00:00+00:00,36.68,36.68,36.0,36.04,36.04,1456.0
2021-06-14 04:00:00+00:00,36.0,36.2,35.92,36.2,36.2,1975.0
2021-06-15 04:00:00+00:00,36.03,36.03,35.94,36.03,36.03,1635.0
2021-06-16 04:00:00+00:00,36.32,36.49,36.12,36.16,36.16,1533.0
2021-06-17 04:00:00+00:00,36.11,36.11,35.01,35.01,35.01,1501.0
2021-06-18 04:00:00+00:00,33.93,34.43,33.46,33.51,33.51,1800.0
2021-06-21 04:00:00+00:00,33.81,34.0,33.43,33.52,33.52,1934.0
2021-06-22 04:00:00+00:00,33.2,33.2,33.01,33.01,33.01,1415.0
2021-06-23 04:00:00+00:00,34.02,34.15,33.94,33.99,33.99,1875.0
2021-06-24 04:00:00+00:00,33.71,34.37,33.68,34.37,34.37,6080.0
2021-06-25 04:00:00+00:00,35.1,35.1,34.55,34.74,34.74,2121.0
2021-06-28 04:00:00+00:00,33.92,33.92,33.66,33.66,33.66,879.0
2021-06-29 04:00:00+00:00,33.85,33.97,33.85,33.97,33.97,1080.0
2021-06-30 04:00:00+00:00,33.92,34.5,33.61,33.87,33.87,4891.0
2021-07-01 04:00:00+00:00,34.39,34.39,34.39,34.39,34.39,160.0
2021-07-02 04:00:00+00:00,34.37,34.37,34.16,34.35,34.35,602.0
2021-07-07 04:00:00+00:00,33.09,33.25,33.08,33.08,33.08,650.0
2021-07-08 04:00:00+00:00,32.14,32.81,31.83,32.45,32.45,1919.0
2021-07-09 04:00:00+00:00,32.41,32.99,32.41,32.79,32.79,2063.0
2021-07-12 04:00:00+00:00,32.75,32.75,32.53,32.66,32.66,681.0
2021-07-13 04:00:00+00:00,32.67,32.95,32.67,32.88,32.88,865.0
2021-07-14 04:00:00+00:00,32.92,32.92,32.21,32.21,32.21,891.0
2021-07-15 04:00:00+00:00,32.05,32.05,31.36,31.36,31.36,749.0
2021-07-16 04:00:00+00:00,31.34,31.89,31.17,31.67,31.67,1070.0
2021-07-19 04:00:00+00:00,30.73,31.63,30.73,31.26,31.26,1449.0
2021-07-20 04:00:00+00:00,31.82,33.28,31.51,32.58,32.58,2018.0
2021-07-21 04:00:00+00:00,33.17,33.17,33.17,33.17,33.17,478.0
2021-07-22 04:00:00+00:00,32.05,32.05,31.82,31.85,31.85,586.0
2021-07-26 04:00:00+00:00,31.84,31.84,31.61,31.76,31.76,1013.0
2021-07-27 04:00:00+00:00,31.85,32.34,31.85,32.28,32.28,1180.0
2021-07-28 04:00:00+00:00,32.46,33.19,32.44,32.64,32.64,773.0
2021-07-29 04:00:00+00:00,32.73,32.76,32.73,32.76,32.76,670.0
2021-07-30 04:00:00+00:00,32.87,32.87,32.54,32.55,32.55,1140.0
2021-08-02 04:00:00+00:00,32.35,32.36,31.08,31.08,31.08,1221.0
2021-08-03 04:00:00+00:00,31.29,31.37,30.86,30.86,30.86,2347.0
2021-08-04 04:00:00+00:00,30.83,30.94,30.05,30.87,30.87,10089.0
2021-08-05 04:00:00+00:00,31.52,31.89,31.52,31.85,31.85,7058.0
2021-08-06 04:00:00+00:00,32.52,32.52,32.52,32.52,32.52,169.0
2021-08-09 04:00:00+00:00,32.46,32.56,32.46,32.56,32.56,441.0
2021-08-10 04:00:00+00:00,32.54,32.72,32.53,32.63,32.63,1849.0
2021-08-11 04:00:00+00:00,32.53,33.02,32.51,33.02,33.02,702.0
2021-08-12 04:00:00+00:00,33.12,33.47,32.89,33.47,33.47,1393.0
2021-08-13 04:00:00+00:00,33.48,33.48,33.0,33.38,33.38,999.0
2021-08-16 04:00:00+00:00,32.94,32.94,31.96,32.49,32.49,2507.0
2021-08-17 04:00:00+00:00,32.29,32.56,31.79,32.17,32.17,1883.0
2021-08-18 04:00:00+00:00,32.23,32.23,32.03,32.12,32.12,1031.0
2021-08-19 04:00:00+00:00,31.87,32.35,31.87,32.1,32.1,3012.0
2021-08-20 04:00:00+00:00,32.45,32.45,31.58,31.85,31.85,1791.0
2021-08-23 04:00:00+00:00,31.7,32.87,31.59,32.54,32.54,2172.0
2021-08-24 04:00:00+00:00,33.23,34.28,33.23,33.94,33.94,1812.0
2021-08-25 04:00:00+00:00,34.06,34.06,32.81,32.81,32.81,753.0
2021-08-26 04:00:00+00:00,33.13,33.13,32.63,32.63,32.63,581.0
2021-08-27 04:00:00+00:00,32.78,34.13,32.78,34.13,34.13,2032.0
2021-08-30 04:00:00+00:00,33.86,34.15,33.86,33.95,33.95,1797.0
2021-08-31 04:00:00+00:00,33.56,34.0,33.56,33.96,33.96,3752.0
2021-09-01 04:00:00+00:00,34.18,34.36,34.01,34.36,34.36,3897.0
2021-09-02 04:00:00+00:00,34.54,34.86,34.49,34.78,34.78,7345.0
2021-09-03 04:00:00+00:00,34.97,35.04,34.85,34.93,34.93,1765.0
2021-09-07 04:00:00+00:00,35.03,35.16,34.7,35.16,35.16,1432.0
2021-09-08 04:00:00+00:00,33.64,33.64,32.77,32.77,32.77,959.0
2021-09-09 04:00:00+00:00,32.38,32.55,31.85,31.85,31.85,829.0
2021-09-10 04:00:00+00:00,32.12,32.15,31.85,31.99,31.99,958.0
2021-09-13 04:00:00+00:00,31.51,31.7,31.51,31.61,31.61,1005.0
2021-09-14 04:00:00+00:00,32.02,32.02,31.77,31.8,31.8,1193.0
2021-09-15 04:00:00+00:00,31.07,31.07,30.4,30.65,30.65,1305.0
2021-09-16 04:00:00+00:00,30.63,30.69,30.62,30.62,30.62,968.0
2021-09-17 04:00:00+00:00,29.95,30.83,29.95,30.83,30.83,1377.0
2021-09-20 04:00:00+00:00,29.45,29.8,29.4,29.8,29.8,6065.0
2021-09-21 04:00:00+00:00,29.7,30.02,29.7,29.9,29.9,652.0
2021-09-23 04:00:00+00:00,29.7,29.7,29.64,29.64,29.64,971.0
2021-09-24 04:00:00+00:00,29.84,29.95,29.7,29.72,29.72,1453.0
2021-09-27 04:00:00+00:00,30.09,32.36,30.09,32.33,32.33,1464.0
2021-09-28 04:00:00+00:00,31.55,31.81,31.44,31.49,31.49,4924.0
2021-09-29 04:00:00+00:00,31.41,31.48,31.41,31.46,31.46,797.0
2021-09-30 04:00:00+00:00,31.61,31.61,30.87,30.87,30.87,1554.0
2021-10-01 04:00:00+00:00,31.06,31.1,31.06,31.09,31.09,938.0
2021-10-04 04:00:00+00:00,31.72,31.72,31.72,31.72,31.72,363.0
2021-10-05 04:00:00+00:00,32.24,32.41,32.12,32.41,32.41,557.0
2021-10-06 04:00:00+00:00,31.63,32.27,31.16,32.27,32.27,708.0
2021-10-07 04:00:00+00:00,33.3,33.3,32.85,32.86,32.86,1129.0
2021-10-08 04:00:00+00:00,32.18,32.23,31.95,32.05,32.05,1110.0
2021-10-11 04:00:00+00:00,32.54,32.54,32.27,32.34,32.34,817.0
2021-10-13 04:00:00+00:00,32.28,32.28,32.28,32.28,32.28,272.0
2021-10-14 04:00:00+00:00,32.09,32.59,32.09,32.59,32.59,329.0
2021-10-15 04:00:00+00:00,32.2,32.2,31.96,32.0,32.0,1178.0
2021-10-18 04:00:00+00:00,32.32,32.32,32.22,32.22,32.22,567.0
2021-10-19 04:00:00+00:00,32.22,32.45,32.22,32.45,32.45,326.0
2021-10-20 04:00:00+00:00,32.84,32.84,32.83,32.83,32.83,300.0
2021-10-21 04:00:00+00:00,33.3,33.57,33.17,33.57,33.57,591.0
2021-10-22 04:00:00+00:00,33.27,33.36,33.01,33.01,33.01,448.0
2021-10-25 04:00:00+00:00,33.3,34.46,33.3,34.46,34.46,1221.0
2021-10-26 04:00:00+00:00,34.32,34.34,34.24,34.31,34.31,1825.0
2021-10-27 04:00:00+00:00,34.28,34.4,34.1,34.22,34.22,1739.0
2021-10-28 04:00:00+00:00,34.68,34.68,34.68,34.68,34.68,412.0
2021-10-29 04:00:00+00:00,34.53,34.53,34.23,34.34,34.34,1193.0
2021-11-01 04:00:00+00:00,35.46,35.58,35.46,35.58,35.58,1264.0
2021-11-02 04:00:00+00:00,35.3,35.58,35.23,35.58,35.58,2725.0
2021-11-03 04:00:00+00:00,35.61,36.48,35.61,36.48,36.48,685.0
2021-11-04 04:00:00+00:00,37.46,40.66,37.46,40.55,40.55,1391.0
2021-11-05 04:00:00+00:00,41.25,42.39,41.15,42.39,42.39,2274.0
2021-11-08 05:00:00+00:00,42.69,43.08,42.69,43.08,43.08,1422.0
2021-11-09 05:00:00+00:00,43.3,43.92,43.28,43.43,43.43,1941.0
2021-11-10 05:00:00+00:00,41.76,42.15,41.74,41.97,41.97,882.0
2021-11-11 05:00:00+00:00,41.8,41.8,41.8,41.8,41.8,661.0
2021-11-12 05:00:00+00:00,41.93,41.93,41.23,41.23,41.23,1920.0
2021-11-15 05:00:00+00:00,40.65,40.65,39.97,40.15,40.15,770.0
2021-11-16 05:00:00+00:00,40.09,40.09,39.69,40.02,40.02,1365.0
2021-11-18 05:00:00+00:00,39.68,40.78,39.21,40.1,40.1,2523.0
2021-11-19 05:00:00+00:00,39.23,39.49,39.23,39.33,39.33,2158.0
2021-11-22 05:00:00+00:00,39.73,39.73,39.05,39.49,39.49,1956.0
2021-11-23 05:00:00+00:00,39.22,39.61,38.69,39.54,39.54,2913.0
2021-11-24 05:00:00+00:00,40.03,40.03,39.62,39.73,39.73,1159.0
2021-11-26 05:00:00+00:00,37.65,38.09,37.18,38.06,38.06,1221.0
2021-11-29 05:00:00+00:00,38.62,39.6,37.93,39.29,39.29,2683.0
2021-11-30 05:00:00+00:00,38.44,39.32,37.61,38.53,38.53,8709.0
2021-12-01 05:00:00+00:00,39.87,41.58,39.87,40.61,40.61,1778.0
2021-12-02 05:00:00+00:00,39.91,40.91,39.91,40.91,40.91,1026.0
2021-12-03 05:00:00+00:00,39.74,39.76,39.74,39.76,39.76,520.0
2021-12-06 05:00:00+00:00,40.55,40.72,40.55,40.57,40.57,986.0
2021-12-07 05:00:00+00:00,41.17,41.17,40.39,40.39,40.39,966.0
2021-12-08 05:00:00+00:00,39.84,39.84,38.51,38.66,38.66,2045.0
2021-12-09 05:00:00+00:00,39.41,39.41,38.7,38.7,38.7,797.0
2021-12-10 05:00:00+00:00,38.22,38.32,38.18,38.26,38.26,2487.0
2021-12-13 05:00:00+00:00,36.7,36.7,36.06,36.06,36.06,696.0
2021-12-14 05:00:00+00:00,34.72,35.65,34.6,34.99,34.99,1938.0
2021-12-15 05:00:00+00:00,34.69,37.36,34.61,37.2,37.2,3798.0
2021-12-16 05:00:00+00:00,37.83,38.05,35.38,35.38,35.38,1373.0
2021-12-17 05:00:00+00:00,36.5,36.82,34.77,34.98,34.98,4723.0
2021-12-20 05:00:00+00:00,33.39,33.61,32.59,33.54,33.54,4858.0
2021-12-21 05:00:00+00:00,34.1,34.16,33.75,33.75,33.75,2488.0
2021-12-22 05:00:00+00:00,34.72,34.73,34.72,34.73,34.73,408.0
2021-12-23 05:00:00+00:00,34.87,35.01,34.87,35.01,35.01,1008.0
2021-12-27 05:00:00+00:00,35.26,35.79,35.06,35.79,35.79,792.0
2021-12-28 05:00:00+00:00,35.54,35.69,35.03,35.67,35.67,1199.0
2021-12-29 05:00:00+00:00,35.17,35.53,34.81,34.81,34.81,1111.0
2021-12-30 05:00:00+00:00,34.73,34.73,34.73,34.73,34.73,377.0
2021-12-31 05:00:00+00:00,36.6,36.73,35.79,36.06,36.06,6393.0
2022-01-03 05:00:00+00:00,37.27,41.36,36.61,41.36,41.36,3579.0
2022-01-04 05:00:00+00:00,41.01,41.06,40.89,41.06,41.06,974.0
2022-01-05 05:00:00+00:00,40.92,41.27,40.75,41.27,41.27,2216.0
2022-01-06 05:00:00+00:00,41.02,42.35,40.99,42.3,42.3,1842.0
2022-01-07 05:00:00+00:00,41.19,41.27,40.62,40.87,40.87,24611.0
2022-01-10 05:00:00+00:00,40.12,40.68,38.85,39.02,39.02,13258.0
2022-01-11 05:00:00+00:00,38.31,38.56,38.31,38.55,38.55,1125.0
2022-01-12 05:00:00+00:00,39.12,39.36,38.68,38.68,38.68,2724.0
2022-01-13 05:00:00+00:00,39.06,39.21,39.06,39.21,39.21,1327.0
2022-01-14 05:00:00+00:00,38.24,38.75,38.18,38.55,38.55,1015.0
2022-01-18 05:00:00+00:00,38.58,38.58,37.33,37.7,37.7,19338.0
2022-01-19 05:00:00+00:00,37.97,37.97,36.97,36.97,36.97,1104.0
2022-01-21 05:00:00+00:00,35.53,35.55,35.4,35.55,35.55,1441.0
2022-01-24 05:00:00+00:00,35.09,36.58,35.01,36.58,36.58,2442.0
2022-01-25 05:00:00+00:00,35.37,36.92,35.37,36.24,36.24,4325.0
2022-01-26 05:00:00+00:00,36.23,36.45,35.45,36.04,36.04,1557.0
2022-01-27 05:00:00+00:00,36.23,37.11,34.67,34.77,34.77,2944.0
2022-01-28 05:00:00+00:00,34.67,35.35,33.79,35.31,35.31,6246.0
2022-01-31 05:00:00+00:00,34.57,35.16,34.49,35.06,35.06,3179.0
2022-02-01 05:00:00+00:00,36.07,36.6,35.73,36.33,36.33,2227.0
2022-02-02 05:00:00+00:00,37.15,37.15,36.48,36.69,36.69,1805.0
2022-02-03 05:00:00+00:00,36.04,36.04,35.08,35.08,35.08,1943.0
2022-02-04 05:00:00+00:00,35.04,35.04,34.38,34.98,34.98,2577.0
2022-02-07 05:00:00+00:00,35.28,35.28,34.68,34.74,34.74,1393.0
2022-02-08 05:00:00+00:00,35.2,35.2,35.19,35.19,35.19,1039.0
2022-02-09 05:00:00+00:00,35.25,35.39,35.25,35.39,35.39,474.0
2022-02-10 05:00:00+00:00,35.68,35.68,34.63,34.77,34.77,1887.0
2022-02-11 05:00:00+00:00,34.61,34.86,34.3,34.56,34.56,3473.0
2022-02-14 05:00:00+00:00,35.05,35.05,34.4,34.59,34.59,5113.0
2022-02-15 05:00:00+00:00,35.16,36.2,35.16,36.2,36.2,418.0
2022-02-16 05:00:00+00:00,35.7,36.23,35.68,36.23,36.23,1775.0
2022-02-17 05:00:00+00:00,35.3,35.3,34.81,35.12,35.12,1215.0
2022-02-22 05:00:00+00:00,34.37,34.37,33.8,33.8,33.8,858.0
2022-02-23 05:00:00+00:00,33.2,33.2,33.2,33.2,33.2,711.0
2022-02-24 05:00:00+00:00,32.64,33.49,32.64,33.42,33.42,552.0
2022-02-25 05:00:00+00:00,34.48,34.89,34.27,34.27,34.27,952.0
2022-02-28 05:00:00+00:00,34.54,35.04,34.54,34.59,34.59,1343.0
2022-03-01 05:00:00+00:00,34.17,34.17,32.79,33.02,33.02,1319.0
2022-03-02 05:00:00+00:00,33.82,35.43,33.82,35.43,35.43,1076.0
2022-03-03 05:00:00+00:00,35.06,35.06,34.77,34.88,34.88,1116.0
2022-03-04 05:00:00+00:00,33.87,34.09,33.52,34.09,34.09,910.0
2022-03-07 05:00:00+00:00,34.81,34.81,33.72,33.72,33.72,1433.0
2022-03-08 05:00:00+00:00,33.94,34.79,33.89,34.07,34.07,1656.0
2022-03-09 05:00:00+00:00,34.87,35.18,34.18,34.21,34.21,2688.0
2022-03-10 05:00:00+00:00,33.11,33.19,31.69,31.69,31.69,3400.0
2022-03-11 05:00:00+00:00,31.16,31.16,29.92,29.92,29.92,1527.0
2022-03-14 04:00:00+00:00,30.17,30.61,28.94,29.13,29.13,4432.0
2022-03-15 04:00:00+00:00,29.61,29.93,29.57,29.75,29.75,2546.0
2022-03-16 04:00:00+00:00,29.95,31.17,29.81,30.85,30.85,3069.0
2022-03-17 04:00:00+00:00,31.22,31.46,31.14,31.14,31.14,1478.0
2022-03-18 04:00:00+00:00,30.87,31.06,30.59,30.59,30.59,2207.0
2022-03-21 04:00:00+00:00,30.51,30.51,30.14,30.32,30.32,1876.0
2022-03-22 04:00:00+00:00,31.02,31.02,29.46,29.7,29.7,4354.0
2022-03-23 04:00:00+00:00,29.27,29.28,28.87,28.87,28.87,1957.0
2022-03-24 04:00:00+00:00,28.4,29.05,28.4,29.05,29.05,4393.0
2022-03-25 04:00:00+00:00,29.03,29.65,29.03,29.59,29.59,2326.0
2022-03-28 04:00:00+00:00,29.61,29.62,28.77,29.25,29.25,6587.0
2022-03-29 04:00:00+00:00,30.11,30.23,29.94,29.94,29.94,1723.0
2022-03-30 04:00:00+00:00,30.34,30.55,30.26,30.36,30.36,4487.0
2022-03-31 04:00:00+00:00,29.64,29.85,29.39,29.39,29.39,6907.0
2022-04-01 04:00:00+00:00,29.69,29.69,29.45,29.45,29.45,1142.0
2022-04-04 04:00:00+00:00,29.24,29.27,29.24,29.27,29.27,680.0
2022-04-05 04:00:00+00:00,29.1,29.1,27.98,27.98,27.98,1600.0
2022-04-06 04:00:00+00:00,27.91,27.91,27.02,27.17,27.17,4417.0
2022-04-07 04:00:00+00:00,26.96,27.23,26.83,26.92,26.92,11049.0
2022-04-08 04:00:00+00:00,27.02,27.42,26.77,27.17,27.17,4364.0
2022-04-11 04:00:00+00:00,27.11,27.44,27.11,27.38,27.38,1197.0
2022-04-12 04:00:00+00:00,27.36,27.36,26.62,26.62,26.62,1896.0
2022-04-13 04:00:00+00:00,27.31,27.31,27.31,27.31,27.31,821.0
2022-04-14 04:00:00+00:00,27.6,27.6,27.06,27.06,27.06,1240.0
2022-04-18 04:00:00+00:00,26.78,26.78,26.14,26.14,26.14,3399.0
2022-04-19 04:00:00+00:00,26.85,27.08,26.85,27.08,27.08,677.0
2022-04-20 04:00:00+00:00,27.39,27.54,27.39,27.54,27.54,1932.0
2022-04-21 04:00:00+00:00,26.72,26.78,26.71,26.78,26.78,1265.0
2022-04-22 04:00:00+00:00,26.23,26.3,26.23,26.27,26.27,1242.0
2022-04-25 04:00:00+00:00,25.02,25.82,25.02,25.69,25.69,7800.0
2022-04-26 04:00:00+00:00,26.09,26.09,24.37,24.37,24.37,3135.0
2022-04-27 04:00:00+00:00,24.54,24.54,24.11,24.12,24.12,2308.0
2022-04-28 04:00:00+00:00,24.35,24.42,22.99,24.42,24.42,7274.0
2022-04-29 04:00:00+00:00,24.79,24.8,24.0,24.0,24.0,1514.0
2022-05-02 04:00:00+00:00,24.68,24.68,23.86,23.86,23.86,728.0
2022-05-03 04:00:00+00:00,23.62,24.08,23.62,24.08,24.08,1963.0
2022-05-04 04:00:00+00:00,24.01,24.77,24.01,24.68,24.68,2924.0
2022-05-05 04:00:00+00:00,26.37,26.37,24.86,25.73,25.73,8347.0
2022-05-06 04:00:00+00:00,25.62,25.62,24.44,24.44,24.44,2428.0
2022-05-09 04:00:00+00:00,23.31,23.31,22.6,22.63,22.63,4502.0
2022-05-10 04:00:00+00:00,22.19,22.94,21.77,22.94,22.94,2187.0
2022-05-11 04:00:00+00:00,22.92,22.92,22.24,22.24,22.24,1493.0
2022-05-12 04:00:00+00:00,22.18,23.31,22.18,23.24,23.24,2873.0
2022-05-13 04:00:00+00:00,23.77,23.78,23.17,23.57,23.57,2342.0
2022-05-16 04:00:00+00:00,23.09,23.09,23.09,23.09,23.09,603.0
2022-05-17 04:00:00+00:00,23.49,23.49,22.91,23.0,23.0,4814.0
2022-05-18 04:00:00+00:00,22.95,23.0,22.71,22.71,22.71,3722.0
2022-05-19 04:00:00+00:00,22.93,23.75,22.52,23.38,23.38,3653.0
2022-05-20 04:00:00+00:00,22.71,22.71,22.12,22.36,22.36,2035.0
2022-05-23 04:00:00+00:00,21.86,21.86,21.68,21.68,21.68,4920.0
2022-05-24 04:00:00+00:00,21.41,21.91,21.1,21.9,21.9,3399.0
2022-05-25 04:00:00+00:00,22.14,22.49,22.02,22.49,22.49,1554.0
2022-05-26 04:00:00+00:00,22.64,22.64,22.35,22.43,22.43,2555.0
2022-05-27 04:00:00+00:00,22.66,23.78,22.66,23.78,23.78,1736.0
2022-05-31 04:00:00+00:00,23.84,24.4,23.55,24.3,24.3,5118.0
2022-06-01 04:00:00+00:00,23.72,23.86,23.34,23.76,23.76,2179.0
2022-06-02 04:00:00+00:00,24.21,24.9,24.21,24.43,24.43,4034.0
2022-06-03 04:00:00+00:00,24.21,24.21,24.21,24.21,24.21,1428.0
2022-06-06 04:00:00+00:00,24.55,24.55,24.16,24.43,24.43,1812.0
2022-06-07 04:00:00+00:00,24.68,24.69,24.22,24.27,24.27,905.0
2022-06-08 04:00:00+00:00,24.53,24.53,24.14,24.15,24.15,1710.0
2022-06-09 04:00:00+00:00,23.89,23.89,23.13,23.13,23.13,1099.0
2022-06-10 04:00:00+00:00,22.28,22.88,22.28,22.88,22.88,9044.0
2022-06-13 04:00:00+00:00,22.57,23.05,22.22,23.05,23.05,15618.0
2022-06-14 04:00:00+00:00,23.06,23.25,22.91,23.18,23.18,14084.0
2022-06-15 04:00:00+00:00,23.66,23.66,23.36,23.37,23.37,1578.0
2022-06-16 04:00:00+00:00,22.07,22.48,22.06,22.2,22.2,2547.0
2022-06-17 04:00:00+00:00,22.53,22.53,22.49,22.49,22.49,1292.0
2022-06-21 04:00:00+00:00,23.02,23.09,22.85,22.88,22.88,2016.0
2022-06-22 04:00:00+00:00,22.3,22.67,22.3,22.47,22.47,1347.0
2022-06-23 04:00:00+00:00,22.69,22.93,22.36,22.93,22.93,845.0
2022-06-24 04:00:00+00:00,22.91,23.79,22.83,22.83,22.83,3779.0
2022-06-27 04:00:00+00:00,22.92,23.39,22.92,23.33,23.33,2822.0
2022-06-28 04:00:00+00:00,23.72,23.85,22.72,22.78,22.78,3081.0
2022-06-29 04:00:00+00:00,22.66,22.95,22.4,22.44,22.44,1828.0
2022-06-30 04:00:00+00:00,22.36,22.52,22.32,22.52,22.52,1041.0
2022-07-01 04:00:00+00:00,22.77,23.44,22.77,23.41,23.41,6223.0
2022-07-05 04:00:00+00:00,23.22,23.29,22.35,23.29,23.29,3645.0
2022-07-06 04:00:00+00:00,23.69,23.71,23.23,23.33,23.33,1375.0
2022-07-07 04:00:00+00:00,23.85,23.93,23.84,23.93,23.93,2676.0
2022-07-08 04:00:00+00:00,24.0,24.45,24.0,24.27,24.27,3068.0
2022-07-11 04:00:00+00:00,24.14,24.14,24.03,24.03,24.03,1003.0
2022-07-12 04:00:00+00:00,23.97,24.03,23.77,23.77,23.77,917.0
2022-07-13 04:00:00+00:00,23.48,23.48,23.48,23.48,23.48,237.0
2022-07-14 04:00:00+00:00,23.3,24.0,23.04,24.0,24.0,819.0
2022-07-15 04:00:00+00:00,24.0,24.18,23.94,24.01,24.01,4834.0
2022-07-18 04:00:00+00:00,24.17,24.27,23.19,23.19,23.19,4511.0
2022-07-19 04:00:00+00:00,23.82,23.96,23.82,23.86,23.86,7501.0
2022-07-20 04:00:00+00:00,24.03,24.92,23.85,24.91,24.91,17479.0
2022-07-21 04:00:00+00:00,24.73,25.57,24.73,25.57,25.57,637.0
2022-07-22 04:00:00+00:00,25.28,25.3,25.15,25.3,25.3,1180.0
2022-07-25 04:00:00+00:00,24.75,24.75,24.57,24.57,24.57,314.0
2022-07-26 04:00:00+00:00,24.98,24.98,24.41,24.62,24.62,1952.0
2022-07-27 04:00:00+00:00,25.08,25.66,24.85,25.64,25.64,3275.0
2022-07-28 04:00:00+00:00,25.53,25.76,25.34,25.72,25.72,1051.0
2022-07-29 04:00:00+00:00,26.02,26.71,26.02,26.71,26.71,2937.0
2022-08-01 04:00:00+00:00,26.71,27.53,26.71,27.52,27.52,6131.0
2022-08-02 04:00:00+00:00,27.59,27.84,27.58,27.58,27.58,2062.0
2022-08-03 04:00:00+00:00,27.78,28.11,27.64,28.11,28.11,1309.0
2022-08-04 04:00:00+00:00,31.69,32.07,30.53,32.07,32.07,2423.0
2022-08-05 04:00:00+00:00,31.88,32.41,31.71,32.41,32.41,2141.0
2022-08-08 04:00:00+00:00,33.87,33.87,32.67,33.23,33.23,3975.0
2022-08-09 04:00:00+00:00,32.81,32.89,32.61,32.73,32.73,1877.0
2022-08-10 04:00:00+00:00,32.54,33.58,32.54,33.58,33.58,2364.0
2022-08-11 04:00:00+00:00,33.85,34.23,33.72,34.23,34.23,1476.0
2022-08-12 04:00:00+00:00,34.64,34.89,34.64,34.89,34.89,1419.0
2022-08-15 04:00:00+00:00,34.31,35.4,34.31,35.4,35.4,1196.0
2022-08-16 04:00:00+00:00,36.08,36.41,36.08,36.41,36.41,883.0
2022-08-17 04:00:00+00:00,36.05,36.05,35.78,36.04,36.04,2192.0
2022-08-18 04:00:00+00:00,36.13,37.15,36.13,36.96,36.96,2264.0
2022-08-19 04:00:00+00:00,35.93,36.19,35.93,36.05,36.05,2424.0
2022-08-22 04:00:00+00:00,35.93,35.94,35.07,35.39,35.39,3848.0
2022-08-23 04:00:00+00:00,34.92,35.67,34.92,35.53,35.53,1550.0
2022-08-24 04:00:00+00:00,36.06,36.06,35.74,35.74,35.74,1970.0
2022-08-25 04:00:00+00:00,35.41,35.49,35.31,35.31,35.31,1586.0
2022-08-26 04:00:00+00:00,34.14,34.14,33.77,33.77,33.77,1036.0
2022-08-29 04:00:00+00:00,33.57,34.73,33.17,34.38,34.38,3092.0
2022-08-30 04:00:00+00:00,34.86,35.15,34.48,35.14,35.14,2668.0
2022-08-31 04:00:00+00:00,34.59,34.67,34.59,34.67,34.67,640.0
2022-09-01 04:00:00+00:00,34.14,34.14,32.55,32.57,32.57,4283.0
2022-09-02 04:00:00+00:00,32.95,32.95,32.05,32.06,32.06,1898.0
2022-09-06 04:00:00+00:00,32.61,32.72,31.76,31.88,31.88,2946.0
2022-09-07 04:00:00+00:00,31.42,31.88,31.42,31.72,31.72,4778.0
2022-09-08 04:00:00+00:00,31.63,31.63,31.07,31.35,31.35,1720.0
2022-09-09 04:00:00+00:00,31.41,31.51,31.41,31.5,31.5,1966.0
2022-09-12 04:00:00+00:00,31.38,31.38,31.03,31.12,31.12,2356.0
2022-09-13 04:00:00+00:00,30.61,30.61,29.39,29.61,29.61,3516.0
2022-09-14 04:00:00+00:00,29.27,29.27,28.74,29.14,29.14,2023.0
2022-09-15 04:00:00+00:00,28.91,28.92,28.35,28.64,28.64,1949.0
2022-09-16 04:00:00+00:00,28.07,28.55,27.41,28.43,28.43,5766.0
2022-09-19 04:00:00+00:00,28.2,28.65,28.2,28.65,28.65,1723.0
2022-09-20 04:00:00+00:00,28.33,28.33,27.85,28.18,28.18,2104.0
2022-09-21 04:00:00+00:00,28.7,28.7,27.98,27.98,27.98,2836.0
2022-09-22 04:00:00+00:00,27.92,27.92,26.95,27.29,27.29,4719.0
2022-09-23 04:00:00+00:00,26.72,29.07,26.72,28.84,28.84,6479.0
2022-09-26 04:00:00+00:00,29.17,29.17,28.69,28.93,28.93,3538.0
2022-09-27 04:00:00+00:00,29.42,29.51,28.92,28.94,28.94,1799.0
2022-09-28 04:00:00+00:00,29.13,30.41,29.13,30.19,30.19,4558.0
2022-09-29 04:00:00+00:00,29.16,29.46,28.37,28.46,28.46,13782.0
2022-09-30 04:00:00+00:00,29.05,29.18,28.39,28.39,28.39,3362.0
2022-10-03 04:00:00+00:00,28.97,29.72,28.97,29.45,29.45,2463.0
2022-10-04 04:00:00+00:00,29.63,30.74,29.31,30.61,30.61,9394.0
2022-10-05 04:00:00+00:00,30.09,30.09,29.0,29.0,29.0,3475.0
2022-10-06 04:00:00+00:00,28.71,28.71,27.98,28.21,28.21,3912.0
2022-10-07 04:00:00+00:00,27.52,27.52,26.37,26.61,26.61,4158.0
2022-10-10 04:00:00+00:00,26.13,26.21,25.74,26.12,26.12,7228.0
2022-10-11 04:00:00+00:00,25.8,25.94,25.19,25.76,25.76,4259.0
2022-10-12 04:00:00+00:00,25.56,25.56,25.33,25.33,25.33,847.0
2022-10-13 04:00:00+00:00,25.25,26.48,25.25,26.42,26.42,2600.0
2022-10-14 04:00:00+00:00,26.19,26.19,25.99,26.0,26.0,1381.0
2022-10-17 04:00:00+00:00,27.05,27.18,27.05,27.18,27.18,1427.0
2022-10-18 04:00:00+00:00,27.41,28.35,27.41,28.35,28.35,2282.0
2022-10-19 04:00:00+00:00,28.33,28.99,28.33,28.88,28.88,4895.0
2022-10-20 04:00:00+00:00,29.25,29.88,28.87,29.47,29.47,6273.0
2022-10-21 04:00:00+00:00,28.91,31.15,28.73,31.1,31.1,3497.0
2022-10-24 04:00:00+00:00,30.75,30.8,30.12,30.19,30.19,14483.0
2022-10-25 04:00:00+00:00,30.01,31.4,29.82,30.91,30.91,10367.0
2022-10-26 04:00:00+00:00,30.49,32.27,30.49,31.91,31.91,4623.0
2022-10-27 04:00:00+00:00,31.96,32.22,30.36,31.52,31.52,6082.0
2022-10-28 04:00:00+00:00,31.87,33.37,31.72,33.12,33.12,2662.0
2022-10-31 04:00:00+00:00,33.04,33.67,32.69,33.44,33.44,4399.0
2022-11-01 04:00:00+00:00,33.49,33.49,32.71,33.0,33.0,1955.0
2022-11-02 04:00:00+00:00,32.45,33.72,32.01,32.13,32.13,5544.0
2022-11-03 04:00:00+00:00,31.92,32.44,31.23,32.44,32.44,13690.0
2022-11-04 04:00:00+00:00,33.06,33.12,30.75,31.35,31.35,5809.0
2022-11-07 05:00:00+00:00,31.3,32.31,30.88,32.31,32.31,5366.0
2022-11-08 05:00:00+00:00,32.3,32.67,31.4,32.05,32.05,6063.0
2022-11-09 05:00:00+00:00,31.48,32.36,31.48,32.01,32.01,5594.0
2022-11-10 05:00:00+00:00,33.5,34.79,33.5,34.66,34.66,7497.0
2022-11-11 05:00:00+00:00,34.32,36.69,34.31,36.41,36.41,9410.0
2022-11-14 05:00:00+00:00,36.13,37.35,35.41,35.67,35.67,12376.0
2022-11-15 05:00:00+00:00,35.16,35.97,34.56,35.88,35.88,9212.0
2022-11-16 05:00:00+00:00,35.47,35.47,35.02,35.36,35.36,14366.0
2022-11-17 05:00:00+00:00,35.02,35.56,34.94,34.97,34.97,3155.0
2022-11-18 05:00:00+00:00,35.27,35.29,34.49,34.93,34.93,12098.0
2022-11-21 05:00:00+00:00,35.16,35.7,35.16,35.45,35.45,3225.0
2022-11-22 05:00:00+00:00,35.86,35.86,35.34,35.83,35.83,2658.0
2022-11-23 05:00:00+00:00,35.43,35.77,35.43,35.74,35.74,4030.0
2022-11-25 05:00:00+00:00,35.69,36.29,35.69,36.29,36.29,1763.0
2022-11-28 05:00:00+00:00,35.31,35.31,34.38,34.38,34.38,3012.0
2022-11-29 05:00:00+00:00,34.08,34.08,33.46,33.58,33.58,1477.0
2022-11-30 05:00:00+00:00,33.78,35.37,33.4,35.16,35.16,9333.0
2022-12-01 05:00:00+00:00,35.61,36.72,35.47,36.64,36.64,2935.0
2022-12-02 05:00:00+00:00,36.29,36.54,36.02,36.25,36.25,2358.0
2022-12-05 05:00:00+00:00,36.35,36.83,36.05,36.05,36.05,4033.0
2022-12-06 05:00:00+00:00,36.11,36.16,35.19,35.23,35.23,3853.0
2022-12-07 05:00:00+00:00,35.44,35.68,35.44,35.68,35.68,2172.0
2022-12-08 05:00:00+00:00,35.95,35.95,35.49,35.58,35.58,3229.0
2022-12-09 05:00:00+00:00,35.75,35.75,34.17,34.17,34.17,3221.0
2022-12-12 05:00:00+00:00,35.39,35.68,35.2,35.34,35.34,2817.0
2022-12-13 05:00:00+00:00,36.66,36.74,35.78,36.55,36.55,8948.0
2022-12-14 05:00:00+00:00,36.55,37.7,36.55,37.41,37.41,9026.0
2022-12-15 05:00:00+00:00,36.57,36.57,33.93,34.19,34.19,3836.0
2022-12-16 05:00:00+00:00,33.72,34.14,33.35,33.77,33.77,6035.0
2022-12-19 05:00:00+00:00,33.21,33.23,32.65,32.72,32.72,5160.0
2022-12-20 05:00:00+00:00,33.01,33.42,32.78,32.86,32.86,10270.0
2022-12-21 05:00:00+00:00,32.92,33.38,32.89,32.91,32.91,4114.0
2022-12-22 05:00:00+00:00,31.92,32.32,31.28,32.32,32.32,9660.0
2022-12-23 05:00:00+00:00,32.06,33.28,31.8,32.97,32.97,6472.0
2022-12-27 05:00:00+00:00,33.11,34.41,33.09,34.41,34.41,4671.0
2022-12-28 05:00:00+00:00,34.48,34.81,33.38,33.49,33.49,3376.0
2022-12-29 05:00:00+00:00,33.73,34.65,33.73,34.65,34.65,3715.0
2022-12-30 05:00:00+00:00,34.26,34.54,34.04,34.52,34.52,2224.0
2023-01-03 05:00:00+00:00,34.65,34.74,34.39,34.68,34.68,4277.0
2023-01-04 05:00:00+00:00,34.57,35.63,34.57,35.58,35.58,3008.0
2023-01-05 05:00:00+00:00,35.12,35.88,35.12,35.85,35.85,3470.0
2023-01-06 05:00:00+00:00,36.99,37.75,36.99,37.75,37.75,4606.0
2023-01-09 05:00:00+00:00,37.71,37.9,36.95,36.95,36.95,2450.0
2023-01-10 05:00:00+00:00,36.9,38.33,36.87,38.23,38.23,5392.0
2023-01-11 05:00:00+00:00,38.28,39.42,37.88,39.24,39.24,3456.0
2023-01-12 05:00:00+00:00,39.15,39.45,39.09,39.37,39.37,5105.0
2023-01-13 05:00:00+00:00,39.01,39.89,39.01,39.89,39.89,1521.0
2023-01-17 05:00:00+00:00,39.42,39.9,39.23,39.23,39.23,4131.0
2023-01-18 05:00:00+00:00,38.96,39.4,38.9,38.96,38.96,1418.0
2023-01-19 05:00:00+00:00,38.42,38.87,38.42,38.87,38.87,1505.0
2023-01-20 05:00:00+00:00,39.08,39.23,38.46,38.79,38.79,2558.0
2023-01-23 05:00:00+00:00,38.85,39.61,38.6,39.57,39.57,3926.0
2023-01-24 05:00:00+00:00,39.93,39.93,39.15,39.18,39.18,1705.0
2023-01-25 05:00:00+00:00,38.26,38.69,37.9,38.69,38.69,2469.0
2023-01-26 05:00:00+00:00,38.38,38.39,38.22,38.22,38.22,763.0
2023-01-27 05:00:00+00:00,39.16,39.16,38.74,38.74,38.74,710.0
2023-01-30 05:00:00+00:00,38.7,38.77,38.15,38.15,38.15,1436.0
2023-01-31 05:00:00+00:00,38.39,40.22,38.35,40.08,40.08,3923.0
2023-02-01 05:00:00+00:00,40.24,40.32,39.8,39.95,39.95,10787.0
2023-02-02 05:00:00+00:00,39.72,42.05,39.71,41.95,41.95,11806.0
2023-02-03 05:00:00+00:00,41.75,41.84,40.96,40.96,40.96,6926.0
2023-02-06 05:00:00+00:00,40.03,40.12,39.4,39.96,39.96,9920.0
2023-02-07 05:00:00+00:00,39.82,41.29,39.64,41.17,41.17,3027.0
2023-02-08 05:00:00+00:00,40.61,41.49,40.61,41.48,41.48,1962.0
2023-02-09 05:00:00+00:00,41.49,41.49,40.17,40.17,40.17,1583.0
2023-02-10 05:00:00+00:00,39.77,40.33,39.77,40.33,40.33,1777.0
2023-02-13 05:00:00+00:00,40.2,41.07,40.2,40.48,40.48,3327.0
2023-02-14 05:00:00+00:00,40.05,40.52,39.65,40.05,40.05,3837.0
2023-02-15 05:00:00+00:00,40.07,40.16,39.61,39.62,39.62,11891.0
2023-02-16 05:00:00+00:00,39.58,41.12,39.58,40.69,40.69,3249.0
2023-02-17 05:00:00+00:00,40.71,42.33,40.71,41.96,41.96,4090.0
2023-02-21 05:00:00+00:00,41.32,41.32,39.28,39.78,39.78,4727.0
2023-02-22 05:00:00+00:00,39.84,40.61,39.84,40.34,40.34,2442.0
2023-02-23 05:00:00+00:00,40.81,41.21,40.72,41.21,41.21,1262.0
2023-02-24 05:00:00+00:00,40.07,40.42,40.07,40.41,40.41,1723.0
2023-02-27 05:00:00+00:00,41.15,41.33,40.83,41.22,41.22,2095.0
2023-02-28 05:00:00+00:00,41.83,43.38,41.83,42.82,42.82,3939.0
2023-03-01 05:00:00+00:00,43.13,43.13,42.71,42.71,42.71,2804.0
2023-03-02 05:00:00+00:00,42.98,43.5,42.98,43.47,43.47,2292.0
2023-03-03 05:00:00+00:00,43.82,44.34,43.82,44.33,44.33,5615.0
2023-03-06 05:00:00+00:00,42.77,42.77,40.2,42.07,42.07,7764.0
2023-03-07 05:00:00+00:00,42.8,43.05,42.43,42.59,42.59,4840.0
2023-03-08 05:00:00+00:00,42.8,42.8,40.68,40.92,40.92,2764.0
2023-03-09 05:00:00+00:00,40.92,41.03,39.08,39.08,39.08,3505.0
2023-03-10 05:00:00+00:00,39.0,39.84,38.32,38.53,38.53,3123.0
2023-03-13 04:00:00+00:00,38.03,38.1,36.46,36.68,36.68,8776.0
2023-03-14 04:00:00+00:00,37.61,38.55,37.27,38.41,38.41,1572.0
2023-03-15 04:00:00+00:00,36.85,36.85,36.08,36.43,36.43,5543.0
2023-03-16 04:00:00+00:00,35.45,37.1,35.08,37.08,37.08,8229.0
2023-03-17 04:00:00+00:00,35.9,36.46,35.9,36.3,36.3,1415.0
2023-03-20 04:00:00+00:00,36.91,37.71,36.91,37.35,37.35,3157.0
2023-03-21 04:00:00+00:00,38.71,38.71,38.01,38.22,38.22,2159.0
2023-03-22 04:00:00+00:00,37.73,37.73,36.81,36.81,36.81,2287.0
2023-03-23 04:00:00+00:00,36.72,37.32,36.38,36.41,36.41,1315.0
2023-03-24 04:00:00+00:00,36.26,36.96,36.26,36.82,36.82,2777.0
2023-03-27 04:00:00+00:00,37.18,37.36,37.18,37.32,37.32,956.0
2023-03-28 04:00:00+00:00,37.41,37.41,36.79,36.82,36.82,3424.0
2023-03-29 04:00:00+00:00,36.94,37.5,36.85,37.06,37.06,2970.0
2023-03-30 04:00:00+00:00,37.5,37.7,37.5,37.53,37.53,1453.0
2023-03-31 04:00:00+00:00,38.4,38.4,38.23,38.23,38.23,2072.0
2023-04-03 04:00:00+00:00,38.31,38.31,37.42,37.92,37.92,4155.0
2023-04-04 04:00:00+00:00,38.41,38.41,35.95,35.99,35.99,2489.0
2023-04-05 04:00:00+00:00,35.76,35.76,34.45,34.46,34.46,3344.0
2023-04-06 04:00:00+00:00,34.52,34.78,34.46,34.46,34.46,2398.0
2023-04-10 04:00:00+00:00,34.9,35.57,34.9,35.51,35.51,2249.0
2023-04-11 04:00:00+00:00,35.87,35.87,35.28,35.28,35.28,1209.0
2023-04-12 04:00:00+00:00,36.9,37.23,36.48,36.48,36.48,1924.0
2023-04-13 04:00:00+00:00,36.02,36.18,35.97,36.1,36.1,2539.0
2023-04-14 04:00:00+00:00,36.49,36.49,36.21,36.39,36.39,2231.0
2023-04-17 04:00:00+00:00,36.18,36.43,36.18,36.34,36.34,1036.0
2023-04-18 04:00:00+00:00,36.68,36.85,36.2,36.54,36.54,3850.0
2023-04-19 04:00:00+00:00,36.45,36.45,35.48,35.59,35.59,1162.0
2023-04-20 04:00:00+00:00,35.75,35.78,35.44,35.62,35.62,2729.0
2023-04-21 04:00:00+00:00,35.56,35.78,35.21,35.39,35.39,2308.0
2023-04-24 04:00:00+00:00,35.88,35.88,35.33,35.36,35.36,1599.0
2023-04-25 04:00:00+00:00,35.16,35.16,34.0,34.01,34.01,2421.0
2023-04-26 04:00:00+00:00,33.61,33.93,33.49,33.49,33.49,731.0
2023-04-27 04:00:00+00:00,33.97,33.99,33.89,33.89,33.89,701.0
2023-04-28 04:00:00+00:00,34.44,34.44,34.25,34.25,34.25,1358.0
2023-05-01 04:00:00+00:00,34.66,35.29,34.66,35.16,35.16,2056.0
2023-05-02 04:00:00+00:00,34.93,35.16,34.22,34.77,34.77,1505.0
2023-05-03 04:00:00+00:00,35.79,36.42,35.51,35.81,35.81,2441.0
2023-05-04 04:00:00+00:00,36.11,36.11,34.08,34.23,34.23,1164.0
2023-05-05 04:00:00+00:00,34.41,34.58,34.41,34.58,34.58,1137.0
2023-05-08 04:00:00+00:00,34.23,34.48,34.23,34.48,34.48,1554.0
2023-05-09 04:00:00+00:00,35.04,35.04,34.84,34.84,34.84,1547.0
2023-05-10 04:00:00+00:00,34.8,34.8,34.05,34.38,34.38,1222.0
2023-05-11 04:00:00+00:00,38.56,38.56,38.56,38.56,38.56,0.0
2023-05-12 04:00:00+00:00,33.9,34.19,33.67,33.83,33.83,2575.0
2023-05-15 04:00:00+00:00,33.96,34.42,33.96,34.11,34.11,1112.0
2023-05-16 04:00:00+00:00,33.99,34.28,33.97,34.26,34.26,1523.0
2023-05-17 04:00:00+00:00,34.25,34.93,34.19,34.75,34.75,2793.0
2023-05-18 04:00:00+00:00,34.56,35.36,34.24,35.36,35.36,7076.0
2023-05-19 04:00:00+00:00,35.7,35.7,35.33,35.49,35.49,1319.0
2023-05-22 04:00:00+00:00,35.7,35.77,35.55,35.61,35.61,1303.0
2023-05-23 04:00:00+00:00,35.82,35.82,35.78,35.78,35.78,1313.0
2023-05-24 04:00:00+00:00,35.74,35.74,35.41,35.48,35.48,799.0
2023-05-25 04:00:00+00:00,35.93,35.93,35.28,35.65,35.65,2819.0
2023-05-26 04:00:00+00:00,36.09,36.09,36.09,36.09,36.09,512.0
2023-05-30 04:00:00+00:00,36.28,36.41,36.0,36.23,36.23,3037.0
2023-05-31 04:00:00+00:00,35.32,35.32,33.5,33.77,33.77,3050.0
2023-06-01 04:00:00+00:00,34.03,34.03,33.27,33.75,33.75,3661.0
2023-06-02 04:00:00+00:00,34.32,35.1,34.24,35.09,35.09,9060.0
2023-06-05 04:00:00+00:00,35.23,35.34,35.01,35.04,35.04,1904.0
2023-06-06 04:00:00+00:00,35.3,36.86,35.3,36.73,36.73,2722.0
2023-06-07 04:00:00+00:00,37.77,38.32,37.62,38.32,38.32,4037.0
2023-06-08 04:00:00+00:00,37.7,37.94,37.33,37.38,37.38,2181.0
2023-06-09 04:00:00+00:00,37.16,37.35,37.16,37.35,37.35,1348.0
2023-06-12 04:00:00+00:00,37.68,38.6,37.68,38.38,38.38,3477.0
2023-06-13 04:00:00+00:00,38.83,38.84,38.71,38.73,38.73,3449.0
2023-06-14 04:00:00+00:00,38.46,38.46,37.93,38.01,38.01,3836.0
2023-06-15 04:00:00+00:00,38.64,38.84,38.47,38.8,38.8,4227.0
2023-06-16 04:00:00+00:00,37.86,37.86,37.84,37.84,37.84,1534.0
2023-06-20 04:00:00+00:00,37.9,38.56,37.8,38.56,38.56,1953.0
2023-06-21 04:00:00+00:00,38.64,38.9,38.64,38.9,38.9,1035.0
2023-06-22 04:00:00+00:00,38.57,38.59,38.4,38.59,38.59,2663.0
2023-06-23 04:00:00+00:00,38.44,38.56,38.14,38.49,38.49,3535.0
2023-06-26 04:00:00+00:00,38.87,38.96,38.2,38.2,38.2,1932.0
2023-06-27 04:00:00+00:00,38.59,39.02,38.59,38.75,38.75,1593.0
2023-06-28 04:00:00+00:00,38.84,39.04,38.49,38.98,38.98,3698.0
2023-06-29 04:00:00+00:00,39.23,40.08,39.23,39.61,39.61,2205.0
2023-06-30 04:00:00+00:00,39.92,40.18,39.59,39.68,39.68,2030.0
2023-07-03 04:00:00+00:00,39.4,39.4,39.35,39.35,39.35,693.0
2023-07-05 04:00:00+00:00,38.93,38.93,37.82,38.18,38.18,2495.0
2023-07-06 04:00:00+00:00,37.42,37.42,36.27,36.81,36.81,3723.0
2023-07-07 04:00:00+00:00,37.45,38.23,37.45,37.7,37.7,3119.0
2023-07-10 04:00:00+00:00,37.96,38.11,36.55,36.57,36.57,10595.0
2023-07-11 04:00:00+00:00,36.78,37.22,36.66,37.18,37.18,2268.0
2023-07-12 04:00:00+00:00,37.82,38.69,37.82,38.61,38.61,3074.0
2023-07-13 04:00:00+00:00,38.54,38.54,38.11,38.2,38.2,1784.0
2023-07-14 04:00:00+00:00,38.14,38.14,37.29,37.29,37.29,5292.0
2023-07-17 04:00:00+00:00,37.82,38.13,37.43,38.13,38.13,1863.0
2023-07-18 04:00:00+00:00,38.75,38.75,37.7,38.49,38.49,4070.0
2023-07-19 04:00:00+00:00,38.32,39.21,38.32,39.21,39.21,868.0
2023-07-20 04:00:00+00:00,39.15,39.57,39.15,39.39,39.39,2097.0
2023-07-21 04:00:00+00:00,38.88,38.88,38.6,38.79,38.79,766.0
2023-07-24 04:00:00+00:00,38.39,38.75,38.39,38.75,38.75,1367.0
2023-07-25 04:00:00+00:00,38.81,39.15,38.75,38.83,38.83,2416.0
2023-07-26 04:00:00+00:00,38.75,38.75,38.34,38.34,38.34,1653.0
2023-07-27 04:00:00+00:00,38.49,38.49,38.36,38.49,38.49,1121.0
2023-07-28 04:00:00+00:00,38.56,38.56,38.43,38.43,38.43,1207.0
2023-07-31 04:00:00+00:00,38.55,38.71,38.55,38.58,38.58,2779.0
2023-08-01 04:00:00+00:00,38.43,38.78,38.43,38.76,38.76,4900.0
2023-08-02 04:00:00+00:00,38.6,39.16,38.56,39.16,39.16,6054.0
2023-08-03 04:00:00+00:00,36.5,36.5,32.61,32.65,32.65,8887.0
2023-08-04 04:00:00+00:00,33.23,33.27,31.4,31.54,31.54,7545.0
2023-08-07 04:00:00+00:00,32.59,33.44,32.59,33.42,33.42,3526.0
2023-08-08 04:00:00+00:00,32.62,32.62,32.26,32.26,32.26,648.0
2023-08-09 04:00:00+00:00,32.22,32.54,31.84,32.54,32.54,3983.0
2023-08-10 04:00:00+00:00,32.73,32.91,32.0,32.0,32.0,6804.0
2023-08-11 04:00:00+00:00,31.96,32.06,31.64,31.98,31.98,2612.0
2023-08-14 04:00:00+00:00,31.71,32.61,31.71,32.06,32.06,3891.0
2023-08-15 04:00:00+00:00,32.31,32.36,32.06,32.34,32.34,2432.0
2023-08-16 04:00:00+00:00,32.63,32.93,32.39,32.46,32.46,2899.0
2023-08-17 04:00:00+00:00,32.48,32.9,32.48,32.8,32.8,3359.0
2023-08-18 04:00:00+00:00,32.91,33.35,32.87,33.21,33.21,2038.0
2023-08-21 04:00:00+00:00,33.62,33.69,32.46,33.19,33.19,3967.0
2023-08-22 04:00:00+00:00,33.35,33.87,33.35,33.87,33.87,3555.0
2023-08-23 04:00:00+00:00,33.6,33.96,33.6,33.94,33.94,503.0
2023-08-24 04:00:00+00:00,32.97,33.33,32.51,32.51,32.51,2152.0
2023-08-25 04:00:00+00:00,32.13,32.96,32.0,32.96,32.96,2571.0
2023-08-28 04:00:00+00:00,33.45,33.57,33.15,33.28,33.28,3478.0
2023-08-29 04:00:00+00:00,33.1,34.03,33.1,33.77,33.77,2518.0
2023-08-30 04:00:00+00:00,33.72,34.08,33.71,33.91,33.91,1673.0
2023-08-31 04:00:00+00:00,34.1,34.16,33.81,33.81,33.81,1681.0
2023-09-01 04:00:00+00:00,34.34,35.91,34.24,35.6,35.6,2580.0
2023-09-05 04:00:00+00:00,34.52,34.52,33.72,33.78,33.78,2396.0
2023-09-06 04:00:00+00:00,34.34,34.34,32.98,33.61,33.61,1966.0
2023-09-07 04:00:00+00:00,32.67,32.77,32.67,32.77,32.77,1078.0
2023-09-08 04:00:00+00:00,32.97,32.97,32.18,32.18,32.18,916.0
2023-09-11 04:00:00+00:00,31.65,31.65,31.25,31.31,31.31,1629.0
2023-09-12 04:00:00+00:00,31.9,31.9,31.41,31.41,31.41,2117.0
2023-09-13 04:00:00+00:00,30.99,31.07,30.85,30.98,30.98,1025.0
2023-09-14 04:00:00+00:00,31.56,32.25,31.56,32.25,32.25,3031.0
2023-09-15 04:00:00+00:00,32.27,32.27,30.98,31.18,31.18,7323.0
2023-09-18 04:00:00+00:00,31.83,31.87,31.51,31.51,31.51,1826.0
2023-09-19 04:00:00+00:00,31.08,31.08,31.08,31.08,31.08,780.0
2023-09-20 04:00:00+00:00,30.89,31.11,30.68,30.68,30.68,1206.0
2023-09-21 04:00:00+00:00,30.37,30.48,30.37,30.48,30.48,753.0
2023-09-22 04:00:00+00:00,30.45,30.45,30.33,30.33,30.33,895.0
2023-09-25 04:00:00+00:00,30.53,30.53,30.53,30.53,30.53,546.0
2023-09-26 04:00:00+00:00,30.4,30.42,30.31,30.31,30.31,898.0
2023-09-27 04:00:00+00:00,30.85,30.85,30.81,30.81,30.81,876.0
2023-09-28 04:00:00+00:00,31.1,31.18,31.07,31.11,31.11,3660.0
2023-09-29 04:00:00+00:00,31.67,31.67,30.57,30.74,30.74,6476.0
2023-10-02 04:00:00+00:00,30.44,30.51,30.28,30.51,30.51,1823.0
2023-10-03 04:00:00+00:00,29.6,29.78,29.55,29.61,29.61,1812.0
2023-10-04 04:00:00+00:00,29.61,29.61,29.61,29.61,29.61,0.0
2023-10-05 04:00:00+00:00,29.42,29.42,29.33,29.33,29.33,268.0
2023-10-06 04:00:00+00:00,29.93,30.01,29.77,30.01,30.01,1920.0
2023-10-09 04:00:00+00:00,29.77,30.25,29.77,29.96,29.96,2085.0
2023-10-10 04:00:00+00:00,30.63,30.63,30.22,30.22,30.22,943.0
2023-10-11 04:00:00+00:00,30.04,30.04,30.04,30.04,30.04,1172.0
2023-10-12 04:00:00+00:00,30.04,30.04,30.04,30.04,30.04,0.0
2023-10-13 04:00:00+00:00,28.51,28.51,28.19,28.26,28.26,3341.0
2023-10-16 04:00:00+00:00,29.03,29.12,28.86,29.03,29.03,2792.0
2023-10-17 04:00:00+00:00,29.5,29.85,29.5,29.67,29.67,918.0
2023-10-18 04:00:00+00:00,28.8,28.8,28.64,28.64,28.64,1691.0
2023-10-19 04:00:00+00:00,28.85,28.85,28.44,28.45,28.45,1085.0
2023-10-20 04:00:00+00:00,28.15,28.17,28.07,28.17,28.17,1031.0
2023-10-23 04:00:00+00:00,27.5,27.63,27.25,27.25,27.25,1153.0
2023-10-24 04:00:00+00:00,27.52,27.65,27.52,27.65,27.65,654.0
2023-10-25 04:00:00+00:00,27.18,27.51,27.07,27.38,27.38,2335.0
2023-10-26 04:00:00+00:00,27.64,27.64,27.33,27.6,27.6,1101.0
2023-10-27 04:00:00+00:00,27.54,27.54,27.23,27.4,27.4,1167.0
2023-10-30 04:00:00+00:00,27.42,27.52,27.21,27.46,27.46,1808.0
2023-10-31 04:00:00+00:00,27.64,27.64,27.41,27.41,27.41,1055.0
2023-11-01 04:00:00+00:00,27.6,28.28,27.6,28.22,28.22,3614.0
2023-11-02 04:00:00+00:00,26.1,26.1,25.26,25.31,25.31,9507.0
2023-11-03 04:00:00+00:00,25.84,26.3,25.66,25.97,25.97,6408.0
2023-11-06 05:00:00+00:00,26.19,26.19,25.9,25.96,25.96,1502.0
2023-11-07 05:00:00+00:00,26.18,26.4,26.12,26.23,26.23,1458.0
2023-11-08 05:00:00+00:00,25.87,26.32,25.82,25.84,25.84,814.0
2023-11-09 05:00:00+00:00,25.44,25.44,25.44,25.44,25.44,456.0
2023-11-10 05:00:00+00:00,25.57,25.78,25.57,25.76,25.76,2562.0
2023-11-13 05:00:00+00:00,25.74,25.83,25.71,25.78,25.78,2064.0
2023-11-14 05:00:00+00:00,26.62,27.58,26.62,27.53,27.53,3534.0
2023-11-15 05:00:00+00:00,27.55,27.56,26.84,26.87,26.87,6852.0
2023-11-16 05:00:00+00:00,26.84,26.84,25.88,25.96,25.96,3232.0
2023-11-17 05:00:00+00:00,26.09,26.41,25.87,26.36,26.36,3602.0
2023-11-20 05:00:00+00:00,26.52,26.54,26.3,26.36,26.36,3272.0
2023-11-21 05:00:00+00:00,26.32,26.33,25.97,26.01,26.01,4659.0
2023-11-22 05:00:00+00:00,26.42,26.42,26.19,26.25,26.25,1005.0
2023-11-24 05:00:00+00:00,26.41,26.76,26.41,26.69,26.69,741.0
2023-11-27 05:00:00+00:00,26.1,26.26,26.02,26.07,26.07,1846.0
2023-11-28 05:00:00+00:00,25.39,25.39,25.03,25.03,25.03,1497.0
2023-11-29 05:00:00+00:00,25.45,25.88,25.45,25.88,25.88,1235.0
2023-11-30 05:00:00+00:00,25.95,25.95,25.82,25.9,25.9,1501.0
2023-12-01 05:00:00+00:00,26.29,26.73,26.29,26.73,26.73,1126.0
2023-12-04 05:00:00+00:00,27.15,27.32,27.15,27.32,27.32,1423.0
2023-12-05 05:00:00+00:00,27.15,28.11,27.05,28.11,28.11,2590.0
2023-12-06 05:00:00+00:00,27.73,28.13,27.73,28.09,28.09,2019.0
2023-12-07 05:00:00+00:00,27.84,27.91,27.35,27.42,27.42,3321.0
2023-12-08 05:00:00+00:00,27.83,27.83,27.75,27.75,27.75,925.0
2023-12-11 05:00:00+00:00,27.59,27.59,27.04,27.04,27.04,2503.0
2023-12-12 05:00:00+00:00,27.17,27.39,26.88,27.36,27.36,4418.0
2023-12-13 05:00:00+00:00,27.26,28.85,27.1,28.84,28.84,3733.0
2023-12-14 05:00:00+00:00,30.33,30.91,30.29,30.86,30.86,4846.0
2023-12-15 05:00:00+00:00,31.02,31.94,30.92,31.07,31.07,10830.0
2023-12-18 05:00:00+00:00,30.49,30.49,29.79,29.88,29.88,6141.0
2023-12-19 05:00:00+00:00,30.34,30.34,30.03,30.34,30.34,4366.0
2023-12-20 05:00:00+00:00,30.71,31.14,30.32,30.32,30.32,1783.0
2023-12-21 05:00:00+00:00,30.63,30.63,30.31,30.31,30.31,4320.0
2023-12-22 05:00:00+00:00,30.68,30.68,30.26,30.5,30.5,4618.0
2023-12-26 05:00:00+00:00,30.69,30.91,30.59,30.88,30.88,2194.0
2023-12-27 05:00:00+00:00,30.91,30.91,30.63,30.66,30.66,1079.0
2023-12-28 05:00:00+00:00,30.58,30.68,30.51,30.68,30.68,811.0
2023-12-29 05:00:00+00:00,30.57,30.57,30.39,30.4,30.4,1352.0
2024-01-02 05:00:00+00:00,29.85,29.98,29.28,29.28,29.28,1049.0
2024-01-03 05:00:00+00:00,28.41,28.41,28.38,28.38,28.38,1432.0
2024-01-04 05:00:00+00:00,28.69,28.69,28.22,28.22,28.22,744.0
2024-01-05 05:00:00+00:00,28.08,28.4,27.93,27.93,27.93,2712.0
2024-01-08 05:00:00+00:00,28.97,28.97,28.15,28.47,28.47,1496.0
2024-01-09 05:00:00+00:00,27.95,28.16,27.95,28.04,28.04,1377.0
2024-01-10 05:00:00+00:00,27.91,28.23,27.91,28.23,28.23,1807.0
2024-01-11 05:00:00+00:00,28.16,28.16,27.97,28.09,28.09,1243.0
2024-01-12 05:00:00+00:00,28.8,28.8,28.22,28.22,28.22,1807.0
2024-01-16 05:00:00+00:00,27.83,28.05,27.83,27.97,27.97,1148.0
2024-01-17 05:00:00+00:00,27.59,27.89,27.59,27.85,27.85,1906.0
2024-01-18 05:00:00+00:00,28.07,28.07,27.66,27.75,27.75,1650.0
2024-01-19 05:00:00+00:00,27.47,27.47,27.37,27.37,27.37,364.0
2024-01-22 05:00:00+00:00,28.02,28.52,28.02,28.04,28.04,1649.0
2024-01-23 05:00:00+00:00,28.04,28.04,28.04,28.04,28.04,0.0
2024-01-24 05:00:00+00:00,28.04,28.04,28.04,28.04,28.04,0.0
2024-01-25 05:00:00+00:00,27.82,28.72,27.82,28.72,28.72,1133.0
2024-01-26 05:00:00+00:00,29.0,29.24,29.0,29.1,29.1,832.0
2024-01-29 05:00:00+00:00,28.81,29.17,28.76,29.16,29.16,2513.0
2024-01-30 05:00:00+00:00,29.0,29.0,28.75,28.75,28.75,724.0
2024-01-31 05:00:00+00:00,28.7,28.8,27.89,27.89,27.89,2041.0
2024-02-01 05:00:00+00:00,28.25,28.78,28.25,28.76,28.76,1682.0
2024-02-02 05:00:00+00:00,28.52,28.68,28.33,28.33,28.33,2085.0
2024-02-05 05:00:00+00:00,27.67,27.74,27.67,27.74,27.74,1038.0
2024-02-06 05:00:00+00:00,27.59,27.93,27.49,27.86,27.86,1192.0
2024-02-07 05:00:00+00:00,27.86,27.86,27.86,27.86,27.86,0.0
2024-02-08 05:00:00+00:00,28.15,28.36,28.15,28.24,28.24,1005.0
2024-02-09 05:00:00+00:00,28.45,28.52,28.41,28.44,28.44,1058.0
2024-02-12 05:00:00+00:00,28.98,29.28,28.98,29.06,29.06,2355.0
2024-02-13 05:00:00+00:00,27.93,27.93,26.86,26.86,26.86,3562.0
2024-02-14 05:00:00+00:00,27.42,27.77,27.42,27.66,27.66,1696.0
2024-02-15 05:00:00+00:00,28.03,29.17,27.94,29.13,29.13,2845.0
2024-02-16 05:00:00+00:00,28.82,29.19,28.15,28.21,28.21,2413.0
2024-02-20 05:00:00+00:00,28.73,28.91,28.71,28.91,28.91,1697.0
2024-02-21 05:00:00+00:00,28.31,28.31,28.06,28.06,28.06,802.0
2024-02-22 05:00:00+00:00,27.86,28.03,27.86,28.03,28.03,816.0
2024-02-23 05:00:00+00:00,27.83,28.73,27.83,27.96,27.96,2874.0
2024-02-26 05:00:00+00:00,28.01,28.26,27.56,28.26,28.26,4896.0
2024-02-27 05:00:00+00:00,28.81,28.95,28.62,28.8,28.8,1401.0
2024-02-28 05:00:00+00:00,28.41,28.42,28.35,28.35,28.35,658.0
2024-02-29 05:00:00+00:00,28.26,28.26,28.19,28.19,28.19,598.0
2024-03-01 05:00:00+00:00,27.74,28.91,27.74,28.91,28.91,3646.0
2024-03-04 05:00:00+00:00,29.33,30.07,29.33,29.67,29.67,2852.0
2024-03-05 05:00:00+00:00,29.8,30.21,29.67,29.81,29.81,9442.0
2024-03-06 05:00:00+00:00,34.82,35.89,33.84,35.89,35.89,8547.0
2024-03-07 05:00:00+00:00,33.84,34.51,32.61,33.39,33.39,5236.0
2024-03-08 05:00:00+00:00,33.87,34.34,32.9,32.96,32.96,4424.0
2024-03-11 04:00:00+00:00,32.49,32.55,32.15,32.5,32.5,2979.0
2024-03-12 04:00:00+00:00,32.25,32.77,32.24,32.55,32.55,4247.0
2024-03-13 04:00:00+00:00,32.15,32.9,31.87,32.11,32.11,4111.0
2024-03-14 04:00:00+00:00,31.58,31.65,31.43,31.65,31.65,1076.0
2024-03-15 04:00:00+00:00,32.27,32.68,32.27,32.68,32.68,1643.0
2024-03-18 04:00:00+00:00,31.84,32.17,31.8,31.95,31.95,2408.0
2024-03-19 04:00:00+00:00,31.98,32.56,31.66,32.34,32.34,1974.0
2024-03-20 04:00:00+00:00,33.51,33.55,33.47,33.47,33.47,899.0
2024-03-21 04:00:00+00:00,33.33,33.59,33.15,33.37,33.37,3030.0
2024-03-22 04:00:00+00:00,33.13,33.8,32.87,33.42,33.42,4139.0
2024-03-25 04:00:00+00:00,33.52,33.59,33.04,33.59,33.59,2608.0
2024-03-26 04:00:00+00:00,33.86,34.24,33.76,34.15,34.15,7224.0
2024-03-27 04:00:00+00:00,33.91,35.67,33.91,35.67,35.67,3503.0
2024-03-28 04:00:00+00:00,35.49,35.77,35.34,35.41,35.41,4643.0
2024-04-01 04:00:00+00:00,35.07,35.07,33.83,34.1,34.1,3846.0
2024-04-02 04:00:00+00:00,34.02,34.02,33.48,33.5,33.5,958.0
2024-04-03 04:00:00+00:00,33.74,33.74,33.15,33.2,33.2,900.0
2024-04-04 04:00:00+00:00,33.96,33.98,32.93,32.93,32.93,1916.0
2024-04-05 04:00:00+00:00,32.82,32.92,32.41,32.82,32.82,3186.0
2024-04-08 04:00:00+00:00,32.76,32.89,32.36,32.36,32.36,1097.0
2024-04-09 04:00:00+00:00,32.67,32.67,32.38,32.46,32.46,1467.0
2024-04-10 04:00:00+00:00,31.6,31.6,31.18,31.57,31.57,1535.0
2024-04-11 04:00:00+00:00,31.39,32.09,31.38,32.09,32.09,1282.0
2024-04-12 04:00:00+00:00,31.81,31.95,31.11,31.49,31.49,1799.0
2024-04-15 04:00:00+00:00,30.95,31.13,30.79,30.93,30.93,2376.0
2024-04-16 04:00:00+00:00,30.27,30.8,30.21,30.8,30.8,2389.0
2024-04-17 04:00:00+00:00,30.91,30.91,29.0,29.0,29.0,4357.0
2024-04-18 04:00:00+00:00,29.17,29.51,28.94,28.94,28.94,1800.0
2024-04-19 04:00:00+00:00,29.08,29.44,29.0,29.42,29.42,5274.0
2024-04-22 04:00:00+00:00,29.46,29.8,29.23,29.8,29.8,5240.0
2024-04-23 04:00:00+00:00,30.05,30.35,29.88,29.88,29.88,3556.0
2024-04-24 04:00:00+00:00,29.98,30.13,29.54,29.94,29.94,7678.0
2024-04-25 04:00:00+00:00,29.21,29.62,29.17,29.2,29.2,2010.0
2024-04-26 04:00:00+00:00,29.37,30.0,29.36,29.71,29.71,6612.0
2024-04-29 04:00:00+00:00,29.81,30.16,29.81,30.05,30.05,3880.0
2024-04-30 04:00:00+00:00,29.4,29.63,29.26,29.47,29.47,4116.0
2024-05-01 04:00:00+00:00,29.49,30.0,29.06,29.2,29.2,4712.0
2024-05-02 04:00:00+00:00,29.17,29.8,29.17,29.7,29.7,2712.0
2024-05-03 04:00:00+00:00,29.84,30.03,29.65,30.03,30.03,6977.0
2024-05-06 04:00:00+00:00,30.07,30.66,30.07,30.44,30.44,6842.0
2024-05-07 04:00:00+00:00,30.51,31.39,30.44,31.22,31.22,7248.0
2024-05-08 04:00:00+00:00,30.78,31.27,30.78,31.05,31.05,7377.0
2024-05-09 04:00:00+00:00,31.41,31.41,28.89,29.18,29.18,14097.0
2024-05-10 04:00:00+00:00,30.03,30.1,29.5,29.5,29.5,7274.0
2024-05-13 04:00:00+00:00,29.49,29.49,28.24,28.35,28.35,9297.0
2024-05-14 04:00:00+00:00,28.74,28.74,28.32,28.56,28.56,2874.0
2024-05-15 04:00:00+00:00,28.7,29.07,28.46,29.04,29.04,5881.0
2024-05-16 04:00:00+00:00,28.6,28.9,28.48,28.48,28.48,5031.0
2024-05-17 04:00:00+00:00,28.39,28.73,28.37,28.63,28.63,5445.0
2024-05-20 04:00:00+00:00,29.15,29.35,28.9,29.16,29.16,8217.0
2024-05-21 04:00:00+00:00,28.98,28.99,28.64,28.92,28.92,6158.0
2024-05-22 04:00:00+00:00,28.65,28.65,28.05,28.08,28.08,4439.0
2024-05-23 04:00:00+00:00,26.94,26.94,26.55,26.56,26.56,3310.0
2024-05-24 04:00:00+00:00,26.23,26.69,26.22,26.55,26.55,2185.0
2024-05-28 04:00:00+00:00,26.71,27.07,26.09,26.63,26.63,19668.0
2024-05-29 04:00:00+00:00,26.33,26.33,25.74,25.74,25.74,2412.0
2024-05-30 04:00:00+00:00,25.89,26.62,25.89,26.62,26.62,12556.0
2024-05-31 04:00:00+00:00,26.67,27.15,26.0,26.95,26.95,14176.0
2024-06-03 04:00:00+00:00,27.1,27.1,25.87,26.05,26.05,9199.0
2024-06-04 04:00:00+00:00,25.3,25.82,25.1,25.82,25.82,5524.0
2024-06-05 04:00:00+00:00,25.88,26.52,25.8,26.52,26.52,3448.0
2024-06-06 04:00:00+00:00,26.38,26.49,25.34,25.4,25.4,10897.0
2024-06-07 04:00:00+00:00,25.34,25.96,25.34,25.89,25.89,3270.0
2024-06-10 04:00:00+00:00,25.82,25.95,25.56,25.88,25.88,4015.0
2024-06-11 04:00:00+00:00,25.75,26.09,25.75,26.03,26.03,2909.0
2024-06-12 04:00:00+00:00,27.01,27.02,26.03,26.03,26.03,4122.0
2024-06-13 04:00:00+00:00,26.01,26.01,25.31,25.57,25.57,3965.0
2024-06-14 04:00:00+00:00,24.59,24.59,24.16,24.22,24.22,3643.0
2024-06-17 04:00:00+00:00,24.31,24.7,24.21,24.7,24.7,5056.0
2024-06-18 04:00:00+00:00,25.35,25.91,25.12,25.62,25.62,3944.0
2024-06-20 04:00:00+00:00,25.57,25.57,25.39,25.52,25.52,1529.0
2024-06-21 04:00:00+00:00,25.43,25.56,25.25,25.41,25.41,3667.0
2024-06-24 04:00:00+00:00,25.39,25.39,25.21,25.25,25.25,1855.0
2024-06-25 04:00:00+00:00,24.85,25.05,24.75,24.99,24.99,2833.0
2024-06-26 04:00:00+00:00,24.97,24.97,24.97,24.97,24.97,1226.0
2024-06-27 04:00:00+00:00,24.95,24.95,24.54,24.85,24.85,2871.0
2024-06-28 04:00:00+00:00,25.15,25.34,24.87,25.11,25.11,12984.0
2024-07-01 04:00:00+00:00,24.87,24.87,24.16,24.28,24.28,4716.0
2024-07-02 04:00:00+00:00,24.09,24.54,24.06,24.54,24.54,2017.0
2024-07-03 04:00:00+00:00,24.95,24.95,24.68,24.68,24.68,2618.0
2024-07-05 04:00:00+00:00,24.26,24.26,23.84,24.1,24.1,3161.0
2024-07-08 04:00:00+00:00,24.35,24.35,23.97,24.03,24.03,2477.0
2024-07-09 04:00:00+00:00,23.77,24.09,23.61,23.91,23.91,6303.0
2024-07-10 04:00:00+00:00,23.93,24.62,23.93,24.62,24.62,1352.0
2024-07-11 04:00:00+00:00,25.35,26.26,25.35,26.2,26.2,8750.0
2024-07-12 04:00:00+00:00,26.94,26.96,26.31,26.76,26.76,2458.0
2024-07-15 04:00:00+00:00,26.63,27.21,26.63,27.13,27.13,3098.0
2024-07-16 04:00:00+00:00,27.44,29.27,27.44,29.27,29.27,5012.0
2024-07-17 04:00:00+00:00,28.74,28.74,28.09,28.27,28.27,6185.0
2024-07-18 04:00:00+00:00,28.26,28.27,27.75,27.75,27.75,1511.0
2024-07-19 04:00:00+00:00,27.75,27.82,27.11,27.22,27.22,3135.0
2024-07-22 04:00:00+00:00,26.88,27.9,26.88,27.74,27.74,2644.0
2024-07-23 04:00:00+00:00,27.49,28.49,27.49,28.42,28.42,1554.0
2024-07-24 04:00:00+00:00,27.98,28.08,27.19,27.19,27.19,2453.0
2024-07-25 04:00:00+00:00,28.04,28.1,27.8,27.86,27.86,1952.0
2024-07-26 04:00:00+00:00,28.6,28.79,28.47,28.7,28.7,2067.0
2024-07-29 04:00:00+00:00,28.75,28.75,28.05,28.38,28.38,1912.0
2024-07-30 04:00:00+00:00,28.11,28.44,28.02,28.44,28.44,1858.0
2024-07-31 04:00:00+00:00,28.63,29.59,28.63,28.96,28.96,3769.0
2024-08-01 04:00:00+00:00,28.94,28.94,26.95,27.31,27.31,3608.0
2024-08-02 04:00:00+00:00,26.11,26.11,25.61,25.68,25.68,1441.0
2024-08-05 04:00:00+00:00,23.78,24.55,23.78,24.07,24.07,2901.0
2024-08-06 04:00:00+00:00,24.42,24.58,24.2,24.33,24.33,1959.0
2024-08-07 04:00:00+00:00,25.08,25.08,23.71,23.71,23.71,4513.0
2024-08-08 04:00:00+00:00,21.08,21.63,19.77,20.33,20.33,15005.0
2024-08-09 04:00:00+00:00,20.9,20.9,20.23,20.43,20.43,6935.0
2024-08-12 04:00:00+00:00,20.54,20.95,20.41,20.93,20.93,13636.0
2024-08-13 04:00:00+00:00,20.99,21.03,20.5,20.91,20.91,6637.0
2024-08-14 04:00:00+00:00,20.49,21.06,20.49,20.74,20.74,10457.0
2024-08-15 04:00:00+00:00,21.4,21.4,20.84,21.15,21.15,15611.0
2024-08-16 04:00:00+00:00,21.16,21.29,20.83,20.86,20.86,9790.0
2024-08-19 04:00:00+00:00,20.82,20.95,20.8,20.91,20.91,1469.0
2024-08-20 04:00:00+00:00,20.62,20.65,20.54,20.54,20.54,3381.0
2024-08-21 04:00:00+00:00,20.73,21.07,20.62,20.92,20.92,9074.0
2024-08-22 04:00:00+00:00,20.56,20.86,20.56,20.59,20.59,1518.0
2024-08-23 04:00:00+00:00,20.79,21.61,20.67,20.84,20.84,10924.0
2024-08-26 04:00:00+00:00,21.19,21.69,21.19,21.27,21.27,5430.0
2024-08-27 04:00:00+00:00,21.01,21.17,20.92,20.93,20.93,4082.0
2024-08-28 04:00:00+00:00,20.66,20.79,20.54,20.7,20.7,2482.0
2024-08-29 04:00:00+00:00,20.98,21.29,20.98,20.99,20.99,1536.0
2024-08-30 04:00:00+00:00,21.07,21.23,20.93,21.22,21.22,2724.0
2024-09-03 04:00:00+00:00,20.91,20.91,20.33,20.62,20.62,4726.0
2024-09-04 04:00:00+00:00,20.55,20.71,20.53,20.64,20.64,6641.0
2024-09-05 04:00:00+00:00,20.65,20.65,20.04,20.45,20.45,7128.0
2024-09-06 04:00:00+00:00,20.33,20.45,19.21,19.24,19.24,3456.0
2024-09-09 04:00:00+00:00,18.9,19.32,18.69,18.8,18.8,5845.0
2024-09-10 04:00:00+00:00,18.62,18.87,18.26,18.87,18.87,3035.0
2024-09-11 04:00:00+00:00,18.41,18.73,18.41,18.73,18.73,2152.0
2024-09-12 04:00:00+00:00,18.92,19.16,18.8,19.15,19.15,3797.0
2024-09-13 04:00:00+00:00,19.77,20.41,19.72,20.35,20.35,6568.0
2024-09-16 04:00:00+00:00,20.46,20.5,20.1,20.38,20.38,5207.0
2024-09-17 04:00:00+00:00,20.58,21.23,20.58,20.87,20.87,4993.0
2024-09-18 04:00:00+00:00,20.89,21.2,20.41,20.41,20.41,3728.0
2024-09-19 04:00:00+00:00,20.94,21.03,20.43,20.51,20.51,7843.0
2024-09-20 04:00:00+00:00,20.5,20.92,20.2,20.2,20.2,4709.0
2024-09-23 04:00:00+00:00,20.14,20.26,19.95,19.95,19.95,2515.0
2024-09-24 04:00:00+00:00,20.09,20.09,19.33,19.33,19.33,2297.0
2024-09-25 04:00:00+00:00,19.16,19.22,18.86,18.86,18.86,5891.0
2024-09-26 04:00:00+00:00,19.23,19.32,19.07,19.09,19.09,3853.0
2024-09-27 04:00:00+00:00,19.43,19.75,19.2,19.22,19.22,7055.0
2024-09-30 04:00:00+00:00,19.19,19.19,18.74,19.01,19.01,3850.0
2024-10-01 04:00:00+00:00,18.5,18.63,18.0,18.02,18.02,5020.0
2024-10-02 04:00:00+00:00,18.17,18.41,17.98,18.21,18.21,8880.0
2024-10-03 04:00:00+00:00,18.2,18.2,17.32,17.37,17.37,6751.0
2024-10-04 04:00:00+00:00,17.99,18.04,17.69,17.78,17.78,3559.0
2024-10-07 04:00:00+00:00,17.66,18.03,17.65,18.03,18.03,2800.0
2024-10-08 04:00:00+00:00,18.01,18.01,17.57,17.61,17.61,2469.0
2024-10-09 04:00:00+00:00,17.68,18.09,17.68,18.09,18.09,3638.0
2024-10-10 04:00:00+00:00,17.74,18.38,17.67,18.38,18.38,4341.0
2024-10-11 04:00:00+00:00,18.73,18.92,18.6,18.92,18.92,4490.0
2024-10-14 04:00:00+00:00,18.7,18.7,18.25,18.35,18.35,5087.0
2024-10-15 04:00:00+00:00,18.39,18.91,18.39,18.71,18.71,4566.0
2024-10-16 04:00:00+00:00,18.73,19.14,18.73,19.04,19.04,3678.0
2024-10-17 04:00:00+00:00,18.91,19.05,18.91,19.05,19.05,1942.0
2024-10-18 04:00:00+00:00,18.96,19.09,18.87,18.9,18.9,2913.0
2024-10-21 04:00:00+00:00,19.12,19.12,18.13,18.14,18.14,4655.0
2024-10-22 04:00:00+00:00,18.0,18.0,17.27,17.28,17.28,4588.0
2024-10-23 04:00:00+00:00,17.12,17.13,16.9,16.92,16.92,4624.0
2024-10-24 04:00:00+00:00,17.12,17.37,17.07,17.28,17.28,8574.0
2024-10-25 04:00:00+00:00,17.64,17.96,17.49,17.85,17.85,8441.0
2024-10-28 04:00:00+00:00,17.94,18.19,17.92,18.02,18.02,18823.0
2024-10-29 04:00:00+00:00,17.78,17.78,17.33,17.54,17.54,6250.0
2024-10-30 04:00:00+00:00,17.59,17.64,17.47,17.5,17.5,5638.0
2024-10-31 04:00:00+00:00,17.3,17.44,17.25,17.25,17.25,3864.0
2024-11-01 04:00:00+00:00,17.73,17.75,17.49,17.7,17.7,7112.0
2024-11-04 05:00:00+00:00,18.02,18.33,18.02,18.17,18.17,11363.0
2024-11-05 05:00:00+00:00,18.41,18.81,18.41,18.74,18.74,8712.0
2024-11-06 05:00:00+00:00,20.09,20.55,19.94,20.45,20.45,14787.0
2024-11-07 05:00:00+00:00,20.54,21.97,20.47,21.81,21.81,17147.0
2024-11-08 05:00:00+00:00,21.78,22.63,21.28,22.63,22.63,15729.0
2024-11-11 05:00:00+00:00,22.95,23.86,22.95,23.34,23.34,9986.0
2024-11-12 05:00:00+00:00,23.3,23.51,23.06,23.23,23.23,12550.0
2024-11-13 05:00:00+00:00,23.82,24.52,23.64,24.39,24.39,20940.0
2024-11-14 05:00:00+00:00,24.33,24.64,23.97,24.36,24.36,16969.0
2024-11-15 05:00:00+00:00,24.72,24.72,24.06,24.17,24.17,21679.0
2024-11-18 05:00:00+00:00,24.3,24.4,23.91,24.31,24.31,9921.0
2024-11-19 05:00:00+00:00,24.08,24.91,23.96,24.87,24.87,5878.0
2024-11-20 05:00:00+00:00,24.97,24.97,23.85,24.8,24.8,10441.0
2024-11-21 05:00:00+00:00,25.13,25.13,24.53,24.59,24.59,4984.0
2024-11-22 05:00:00+00:00,24.86,24.86,24.4,24.53,24.53,4744.0
2024-11-25 05:00:00+00:00,24.97,25.6,24.84,25.28,25.28,9306.0
2024-11-26 05:00:00+00:00,25.42,25.96,24.5,25.33,25.33,17456.0
2024-11-27 05:00:00+00:00,25.87,26.47,25.33,25.6,25.6,22924.0
2024-11-29 05:00:00+00:00,25.95,26.03,25.45,25.91,25.91,8642.0
2024-12-02 05:00:00+00:00,26.07,26.49,25.51,26.39,26.39,5777.0
2024-12-03 05:00:00+00:00,26.16,26.97,25.94,26.83,26.83,6242.0
2024-12-04 05:00:00+00:00,26.33,26.81,25.84,26.39,26.39,8616.0
2024-12-05 05:00:00+00:00,26.31,26.44,25.95,26.15,26.15,4550.0
2024-12-06 05:00:00+00:00,25.82,26.3,25.82,26.3,26.3,4722.0
2024-12-09 05:00:00+00:00,26.69,27.54,26.69,27.51,27.51,6130.0
2024-12-10 05:00:00+00:00,27.06,27.69,26.86,27.28,27.28,5215.0
2024-12-11 05:00:00+00:00,27.23,27.47,26.9,26.9,26.9,3074.0
2024-12-12 05:00:00+00:00,26.54,26.54,25.61,25.71,25.71,3209.0
2024-12-13 05:00:00+00:00,25.67,26.03,25.63,25.8,25.8,2941.0
2024-12-16 05:00:00+00:00,25.61,25.89,25.59,25.76,25.76,2365.0
2024-12-17 05:00:00+00:00,24.76,24.85,24.66,24.85,24.85,2533.0
2024-12-18 05:00:00+00:00,24.98,25.18,23.75,23.75,23.75,2434.0
2024-12-19 05:00:00+00:00,23.35,23.77,23.35,23.54,23.54,4683.0
2024-12-20 05:00:00+00:00,23.75,23.85,23.3,23.44,23.44,4558.0
2024-12-23 05:00:00+00:00,23.75,23.75,23.47,23.47,23.47,266.0
2024-12-24 05:00:00+00:00,23.34,23.83,23.26,23.83,23.83,1062.0
2024-12-26 05:00:00+00:00,24.1,24.62,23.79,24.54,24.54,10319.0
2024-12-27 05:00:00+00:00,23.82,23.85,23.81,23.81,23.81,1440.0
2024-12-30 05:00:00+00:00,23.27,24.12,23.27,24.06,24.06,2572.0
2024-12-31 05:00:00+00:00,23.78,24.68,23.78,24.27,24.27,5433.0
2025-01-02 05:00:00+00:00,24.28,24.51,24.09,24.4,24.4,3651.0
2025-01-03 05:00:00+00:00,24.79,25.68,24.52,25.62,25.62,4412.0
2025-01-06 05:00:00+00:00,25.74,26.38,25.31,25.33,25.33,2876.0
2025-01-07 05:00:00+00:00,25.34,25.41,24.96,25.41,25.41,5018.0
2025-01-08 05:00:00+00:00,24.78,25.54,24.66,25.48,25.48,3908.0
2025-01-10 05:00:00+00:00,24.55,24.55,23.32,23.32,23.32,4033.0
2025-01-13 05:00:00+00:00,23.67,24.03,23.3,24.03,24.03,6304.0
2025-01-14 05:00:00+00:00,24.2,24.45,23.94,24.45,24.45,1341.0
2025-01-15 05:00:00+00:00,24.77,25.05,24.77,24.93,24.93,3537.0
2025-01-16 05:00:00+00:00,24.87,25.73,24.87,25.56,25.56,4585.0
2025-01-17 05:00:00+00:00,25.78,25.87,25.62,25.75,25.75,5183.0
2025-01-21 05:00:00+00:00,26.21,26.74,26.2,26.62,26.62,4243.0
2025-01-22 05:00:00+00:00,26.2,26.2,25.72,25.88,25.88,3003.0
2025-01-23 05:00:00+00:00,25.9,26.52,25.9,26.48,26.48,1846.0
2025-01-24 05:00:00+00:00,26.43,26.61,26.43,26.54,26.54,2798.0
2025-01-27 05:00:00+00:00,26.01,26.23,25.52,25.56,25.56,2180.0
2025-01-28 05:00:00+00:00,25.5,25.5,24.92,25.28,25.28,2916.0
2025-01-29 05:00:00+00:00,25.48,25.49,25.48,25.49,25.49,1512.0
2025-01-30 05:00:00+00:00,25.85,25.89,25.52,25.61,25.61,3222.0
2025-01-31 05:00:00+00:00,25.75,25.77,25.12,25.12,25.12,2938.0
2025-02-03 05:00:00+00:00,24.53,24.86,24.35,24.4,24.4,3715.0
2025-02-04 05:00:00+00:00,24.2,24.69,24.2,24.63,24.63,2652.0
2025-02-05 05:00:00+00:00,24.62,24.79,24.58,24.63,24.63,1846.0
2025-02-06 05:00:00+00:00,24.64,24.69,24.52,24.63,24.63,1587.0
2025-02-07 05:00:00+00:00,24.57,24.57,24.21,24.24,24.24,1780.0
2025-02-10 05:00:00+00:00,24.36,24.63,24.09,24.53,24.53,2223.0
2025-02-11 05:00:00+00:00,25.28,26.7,25.28,26.64,26.64,5119.0
2025-02-12 05:00:00+00:00,25.81,26.35,25.76,25.87,25.87,2760.0
2025-02-13 05:00:00+00:00,26.31,26.74,25.96,26.64,26.64,3279.0
2025-02-14 05:00:00+00:00,26.99,27.16,26.43,26.58,26.58,2782.0
2025-02-18 05:00:00+00:00,26.89,26.96,26.77,26.95,26.95,1639.0
2025-02-19 05:00:00+00:00,26.6,26.88,26.59,26.74,26.74,2605.0
2025-02-20 05:00:00+00:00,26.37,26.93,26.37,26.87,26.87,1964.0
2025-02-21 05:00:00+00:00,26.73,26.86,26.3,26.71,26.71,4119.0
2025-02-24 05:00:00+00:00,26.31,26.48,25.87,25.92,25.92,2697.0
2025-02-25 05:00:00+00:00,26.24,26.24,25.5,25.65,25.65,2479.0
2025-02-26 05:00:00+00:00,25.48,25.54,25.46,25.47,25.47,1637.0
2025-02-27 05:00:00+00:00,25.41,25.53,25.01,25.01,25.01,1652.0
2025-02-28 05:00:00+00:00,24.96,25.21,24.54,24.91,24.91,3208.0
2025-03-03 05:00:00+00:00,24.64,24.66,23.76,23.76,23.76,1681.0
2025-03-04 05:00:00+00:00,23.29,23.51,22.98,23.18,23.18,2702.0
2025-03-05 05:00:00+00:00,23.61,23.77,23.27,23.77,23.77,3639.0
2025-03-06 05:00:00+00:00,25.61,26.0,25.18,25.27,25.27,4473.0
2025-03-07 05:00:00+00:00,24.92,24.92,23.44,23.45,23.45,3125.0
2025-03-10 04:00:00+00:00,22.72,22.82,22.37,22.46,22.46,4684.0
2025-03-11 04:00:00+00:00,22.8,23.45,22.8,23.45,23.45,2494.0
2025-03-12 04:00:00+00:00,23.16,23.47,23.16,23.24,23.24,3080.0
2025-03-13 04:00:00+00:00,23.14,23.14,22.4,22.87,22.87,3594.0
2025-03-14 04:00:00+00:00,23.39,23.67,23.37,23.67,23.67,3404.0
2025-03-17 04:00:00+00:00,23.57,23.73,23.57,23.6,23.6,1759.0
2025-03-18 04:00:00+00:00,23.3,23.58,23.26,23.47,23.47,2025.0
2025-03-19 04:00:00+00:00,23.96,24.33,23.73,24.33,24.33,2968.0
2025-03-20 04:00:00+00:00,24.03,24.12,23.74,23.88,23.88,3407.0
2025-03-21 04:00:00+00:00,23.42,23.81,23.42,23.81,23.81,1970.0
2025-03-24 04:00:00+00:00,23.79,23.79,23.79,23.79,23.79,1291.0
2025-03-25 04:00:00+00:00,23.82,23.93,23.735,23.735,23.735,2122.0
2025-03-26 04:00:00+00:00,23.15,23.16,23.15,23.15,23.15,1394.0
2025-03-27 04:00:00+00:00,23.23,23.23,23.21,23.21,23.21,578.0
2025-03-28 04:00:00+00:00,22.79,22.79,22.42,22.46,22.46,2586.0
2025-03-31 04:00:00+00:00,22.085,22.125,21.925,22.035,22.035,1599.0
2025-04-01 04:00:00+00:00,21.8,22.29,21.8,21.99,21.99,2691.0
2025-04-02 04:00:00+00:00,21.93,22.155,21.93,22.12,22.12,3889.0
2025-04-03 04:00:00+00:00,20.645,20.645,20.185,20.41,20.41,2206.0
2025-04-04 04:00:00+00:00,20.07,20.33,19.555,20.07,20.07,2360.0
