Date,Open,High,Low,Close,Adj Close,Volume
2021-07-01 04:00:00+00:00,19.64,19.64,19.64,19.64,19.64,100.0
2021-07-02 04:00:00+00:00,19.58,19.71,19.53,19.71,19.71,300.0
2021-07-06 04:00:00+00:00,19.74,19.74,19.74,19.74,19.74,180.0
2021-07-09 04:00:00+00:00,19.79,19.79,19.79,19.79,19.79,330.0
2021-07-13 04:00:00+00:00,19.81,19.81,19.81,19.81,19.81,164.0
2021-07-14 04:00:00+00:00,20.16,20.16,20.16,20.16,20.16,100.0
2021-07-15 04:00:00+00:00,19.57,19.73,19.57,19.73,19.73,1100.0
2021-07-23 04:00:00+00:00,19.79,19.96,19.79,19.96,19.96,500.0
2021-07-27 04:00:00+00:00,19.9,19.9,19.88,19.88,19.88,600.0
2021-07-28 04:00:00+00:00,19.9,19.9,19.9,19.9,19.9,200.0
2021-07-30 04:00:00+00:00,19.88,19.97,19.87,19.87,19.87,8773.0
2021-08-02 04:00:00+00:00,19.79,19.79,19.73,19.75,19.75,528.0
2021-08-03 04:00:00+00:00,19.7,19.73,19.7,19.73,19.73,225.0
2021-08-04 04:00:00+00:00,19.79,19.79,19.79,19.79,19.79,100.0
2021-08-06 04:00:00+00:00,19.79,19.79,19.79,19.79,19.79,255.0
2021-08-09 04:00:00+00:00,19.7,19.7,19.49,19.49,19.49,8704.0
2021-08-10 04:00:00+00:00,19.24,19.24,19.22,19.22,19.22,200.0
2021-08-11 04:00:00+00:00,19.39,19.43,19.39,19.43,19.43,200.0
2021-08-31 04:00:00+00:00,19.92,19.92,19.92,19.92,19.92,100.0
2021-09-03 04:00:00+00:00,20.23,20.23,20.23,20.23,20.23,100.0
2021-09-08 04:00:00+00:00,20.08,20.08,20.08,20.08,20.08,100.0
2021-09-13 04:00:00+00:00,19.62,19.62,19.62,19.62,19.62,200.0
2021-09-15 04:00:00+00:00,19.82,19.82,19.82,19.82,19.82,250.0
2021-09-16 04:00:00+00:00,19.59,19.75,19.59,19.75,19.75,495.0
2021-09-17 04:00:00+00:00,19.66,19.72,19.66,19.72,19.72,228.0
2021-09-20 04:00:00+00:00,19.52,19.52,19.52,19.52,19.52,1188.0
2021-09-29 04:00:00+00:00,19.47,19.47,19.47,19.47,19.47,100.0
2021-10-01 04:00:00+00:00,19.52,19.52,19.52,19.52,19.52,100.0
2021-10-13 04:00:00+00:00,20.06,20.06,20.06,20.06,20.06,223.0
2021-10-15 04:00:00+00:00,20.27,20.27,20.2,20.2,20.2,200.0
2021-10-20 04:00:00+00:00,20.25,20.25,20.25,20.25,20.25,622.0
2021-10-27 04:00:00+00:00,20.26,20.35,20.26,20.35,20.35,200.0
2021-11-01 04:00:00+00:00,20.24,20.24,20.24,20.24,20.24,200.0
2021-11-04 04:00:00+00:00,20.28,20.28,20.28,20.28,20.28,265.0
2021-11-12 05:00:00+00:00,19.77,19.77,19.77,19.77,19.77,172.0
2021-11-15 05:00:00+00:00,19.77,19.77,19.74,19.74,19.74,200.0
2021-11-17 05:00:00+00:00,19.86,19.91,19.86,19.91,19.91,560.0
2021-11-18 05:00:00+00:00,19.9,19.9,19.88,19.9,19.9,1693.0
2021-11-24 05:00:00+00:00,19.81,19.81,19.8,19.8,19.8,300.0
2021-11-26 05:00:00+00:00,19.45,19.45,19.45,19.45,19.45,150.0
2021-12-01 05:00:00+00:00,19.95,19.95,19.95,19.95,19.95,100.0
2021-12-13 05:00:00+00:00,19.9,19.91,19.89,19.91,19.91,400.0
2021-12-17 05:00:00+00:00,19.96,19.96,19.96,19.96,19.96,100.0
2021-12-20 05:00:00+00:00,20.1,20.1,20.1,20.1,20.1,100.0
2021-12-22 05:00:00+00:00,20.28,20.28,20.28,20.28,20.28,100.0
2022-01-05 05:00:00+00:00,19.88,19.88,19.88,19.88,19.88,133.0
2022-01-06 05:00:00+00:00,20.3,20.3,20.3,20.3,20.3,100.0
2022-01-31 05:00:00+00:00,19.78,19.78,19.78,19.78,19.78,100.0
2022-02-08 05:00:00+00:00,20.04,20.04,20.04,20.04,20.04,100.0
2022-02-14 05:00:00+00:00,19.61,19.61,19.61,19.61,19.61,100.0
2022-02-16 05:00:00+00:00,19.02,19.16,19.02,19.16,19.16,255.0
2022-02-18 05:00:00+00:00,18.89,18.89,18.89,18.89,18.89,500.0
2022-02-22 05:00:00+00:00,18.54,18.54,18.54,18.54,18.54,100.0
2022-02-23 05:00:00+00:00,18.49,18.49,18.49,18.49,18.49,200.0
2022-02-25 05:00:00+00:00,18.13,18.27,18.13,18.27,18.27,807.0
2022-03-04 05:00:00+00:00,18.83,18.83,18.83,18.83,18.83,100.0
2022-03-14 04:00:00+00:00,18.27,18.27,18.27,18.27,18.27,190.0
2022-03-23 04:00:00+00:00,18.88,18.88,18.88,18.88,18.88,100.0
2022-03-24 04:00:00+00:00,18.78,18.78,18.78,18.78,18.78,100.0
2022-03-25 04:00:00+00:00,18.69,18.69,17.74,17.74,17.74,200.0
2022-03-31 04:00:00+00:00,19.27,19.27,19.27,19.27,19.27,100.0
2022-04-01 04:00:00+00:00,19.32,19.32,18.89,18.93,18.93,500.0
2022-04-11 04:00:00+00:00,18.71,18.71,18.71,18.71,18.71,100.0
2022-04-29 04:00:00+00:00,18.62,18.62,18.62,18.62,18.62,265.0
2022-05-03 04:00:00+00:00,17.8,17.8,17.8,17.8,17.8,345.0
2022-05-10 04:00:00+00:00,17.66,17.68,17.66,17.68,17.68,200.0
2022-05-18 04:00:00+00:00,16.66,16.66,16.66,16.66,16.66,100.0
2022-05-20 04:00:00+00:00,17.01,17.01,17.01,17.01,17.01,100.0
2022-05-27 04:00:00+00:00,18.52,18.52,18.52,18.52,18.52,135.0
2022-05-31 04:00:00+00:00,18.25,19.39,18.25,19.33,19.33,508.0
2022-06-01 04:00:00+00:00,19.38,19.38,19.38,19.38,19.38,100.0
2022-06-06 04:00:00+00:00,18.94,18.94,18.94,18.94,18.94,318.0
2022-06-10 04:00:00+00:00,17.6,17.6,17.6,17.6,17.6,100.0
2022-06-15 04:00:00+00:00,17.93,17.93,17.36,17.36,17.36,300.0
2022-06-16 04:00:00+00:00,17.39,17.39,17.39,17.39,17.39,100.0
2022-06-17 04:00:00+00:00,17.62,17.62,17.62,17.62,17.62,100.0
2022-06-21 04:00:00+00:00,16.53,16.77,16.53,16.77,16.77,450.0
2022-06-22 04:00:00+00:00,16.73,16.73,16.73,16.73,16.73,165.0
2022-06-27 04:00:00+00:00,17.23,17.23,17.23,17.23,17.23,406.0
2022-06-30 04:00:00+00:00,18.08,18.08,18.08,18.08,18.08,200.0
2022-07-06 04:00:00+00:00,17.05,17.05,17.05,17.05,17.05,100.0
2022-07-07 04:00:00+00:00,17.05,17.05,17.05,17.05,17.05,0.0
2022-07-08 04:00:00+00:00,17.05,17.05,17.05,17.05,17.05,0.0
2022-07-11 04:00:00+00:00,17.05,17.05,17.05,17.05,17.05,0.0
2022-07-12 04:00:00+00:00,17.05,17.05,17.05,17.05,17.05,0.0
2022-07-13 04:00:00+00:00,17.05,17.05,17.05,17.05,17.05,0.0
2022-07-14 04:00:00+00:00,16.78,16.78,16.78,16.78,16.78,100.0
2022-07-15 04:00:00+00:00,16.78,16.78,16.78,16.78,16.78,0.0
2022-07-18 04:00:00+00:00,16.78,16.78,16.78,16.78,16.78,0.0
2022-07-19 04:00:00+00:00,16.78,16.78,16.78,16.78,16.78,0.0
2022-07-20 04:00:00+00:00,17.01,17.01,17.01,17.01,17.01,300.0
2022-07-21 04:00:00+00:00,17.7,17.7,17.7,17.7,17.7,100.0
2022-07-22 04:00:00+00:00,18.28,18.28,18.28,18.28,18.28,100.0
2022-07-25 04:00:00+00:00,18.28,18.28,18.28,18.28,18.28,0.0
2022-07-26 04:00:00+00:00,18.28,18.28,18.28,18.28,18.28,0.0
2022-07-27 04:00:00+00:00,18.28,18.28,18.28,18.28,18.28,0.0
2022-07-28 04:00:00+00:00,18.28,18.28,18.28,18.28,18.28,0.0
2022-07-29 04:00:00+00:00,18.95,18.95,18.89,18.95,18.95,1395.0
2022-08-01 04:00:00+00:00,18.95,18.95,18.95,18.95,18.95,0.0
2022-08-02 04:00:00+00:00,19.94,19.99,19.94,19.99,19.99,447.0
2022-08-03 04:00:00+00:00,19.2,19.2,19.2,19.2,19.2,100.0
2022-08-04 04:00:00+00:00,20.08,20.08,20.08,20.08,20.08,500.0
2022-08-05 04:00:00+00:00,20.08,20.08,20.08,20.08,20.08,0.0
2022-08-08 04:00:00+00:00,20.08,20.08,20.08,20.08,20.08,0.0
2022-08-09 04:00:00+00:00,20.08,20.08,20.08,20.08,20.08,0.0
2022-08-10 04:00:00+00:00,20.08,20.08,20.08,20.08,20.08,0.0
2022-08-11 04:00:00+00:00,20.08,20.08,20.08,20.08,20.08,0.0
2022-08-12 04:00:00+00:00,20.08,20.08,20.08,20.08,20.08,0.0
2022-08-15 04:00:00+00:00,18.7,18.7,18.7,18.7,18.7,100.0
2022-08-16 04:00:00+00:00,18.77,18.77,18.77,18.77,18.77,232.0
2022-08-17 04:00:00+00:00,18.77,18.77,18.77,18.77,18.77,0.0
2022-08-18 04:00:00+00:00,18.77,18.77,18.77,18.77,18.77,0.0
2022-08-19 04:00:00+00:00,18.77,18.77,18.77,18.77,18.77,0.0
2022-08-22 04:00:00+00:00,18.77,18.77,18.77,18.77,18.77,0.0
2022-08-23 04:00:00+00:00,18.53,18.53,18.53,18.53,18.53,200.0
2022-08-24 04:00:00+00:00,18.53,18.53,18.53,18.53,18.53,0.0
2022-08-25 04:00:00+00:00,18.59,18.59,18.59,18.59,18.59,100.0
2022-08-26 04:00:00+00:00,18.59,18.59,18.59,18.59,18.59,0.0
2022-08-29 04:00:00+00:00,18.73,18.93,18.73,18.93,18.93,4100.0
2022-08-30 04:00:00+00:00,18.93,18.93,18.93,18.93,18.93,0.0
2022-08-31 04:00:00+00:00,18.27,18.27,17.46,17.46,17.46,400.0
2022-09-01 04:00:00+00:00,17.63,17.63,17.63,17.63,17.63,289.0
2022-09-02 04:00:00+00:00,17.72,17.72,17.72,17.72,17.72,529.0
2022-09-06 04:00:00+00:00,17.72,17.72,17.72,17.72,17.72,0.0
2022-09-07 04:00:00+00:00,17.72,17.72,17.72,17.72,17.72,0.0
2022-09-08 04:00:00+00:00,17.72,17.72,17.72,17.72,17.72,0.0
2022-09-09 04:00:00+00:00,17.72,17.72,17.72,17.72,17.72,0.0
2022-09-12 04:00:00+00:00,17.72,17.72,17.72,17.72,17.72,0.0
2022-09-13 04:00:00+00:00,16.96,16.96,16.82,16.82,16.82,499.0
2022-09-14 04:00:00+00:00,16.82,16.82,16.82,16.82,16.82,0.0
2022-09-15 04:00:00+00:00,16.82,16.82,16.82,16.82,16.82,0.0
2022-09-16 04:00:00+00:00,16.82,16.82,16.82,16.82,16.82,0.0
2022-09-19 04:00:00+00:00,16.82,16.82,16.82,16.82,16.82,0.0
2022-09-20 04:00:00+00:00,16.82,16.82,16.82,16.82,16.82,0.0
2022-09-21 04:00:00+00:00,17.1,17.1,17.1,17.1,17.1,100.0
2022-09-22 04:00:00+00:00,17.1,17.1,17.1,17.1,17.1,0.0
2022-09-23 04:00:00+00:00,16.77,16.91,16.77,16.91,16.91,555.0
2022-09-26 04:00:00+00:00,16.21,16.21,16.21,16.21,16.21,105.0
2022-09-27 04:00:00+00:00,16.21,16.89,16.21,16.89,16.89,225.0
2022-09-28 04:00:00+00:00,16.92,16.92,16.9,16.9,16.9,1045.0
2022-09-29 04:00:00+00:00,17.23,17.23,17.23,17.23,17.23,0.0
2022-09-30 04:00:00+00:00,17.25,17.25,17.21,17.21,17.21,1338.0
2022-10-03 04:00:00+00:00,17.21,17.21,17.21,17.21,17.21,0.0
2022-10-04 04:00:00+00:00,17.21,17.21,17.21,17.21,17.21,0.0
2022-10-05 04:00:00+00:00,17.21,17.21,17.21,17.21,17.21,0.0
2022-10-06 04:00:00+00:00,17.21,17.21,17.21,17.21,17.21,0.0
2022-10-07 04:00:00+00:00,17.21,17.21,17.21,17.21,17.21,0.0
2022-10-10 04:00:00+00:00,17.21,17.21,17.21,17.21,17.21,0.0
2022-10-11 04:00:00+00:00,17.21,17.21,17.21,17.21,17.21,0.0
2022-10-12 04:00:00+00:00,15.53,15.53,15.53,15.53,15.53,100.0
2022-10-13 04:00:00+00:00,15.53,15.53,15.53,15.53,15.53,0.0
2022-10-14 04:00:00+00:00,15.54,15.54,15.54,15.54,15.54,153.0
2022-10-17 04:00:00+00:00,15.54,15.54,15.54,15.54,15.54,0.0
2022-10-18 04:00:00+00:00,15.54,15.54,15.54,15.54,15.54,0.0
2022-10-19 04:00:00+00:00,15.54,15.54,15.54,15.54,15.54,0.0
2022-10-20 04:00:00+00:00,15.54,15.54,15.54,15.54,15.54,0.0
2022-10-21 04:00:00+00:00,15.54,15.54,15.54,15.54,15.54,0.0
2022-10-24 04:00:00+00:00,15.54,15.54,15.54,15.54,15.54,0.0
2022-10-25 04:00:00+00:00,14.88,14.88,14.78,14.78,14.78,400.0
2022-10-26 04:00:00+00:00,15.95,15.95,15.95,15.95,15.95,118.0
2022-10-27 04:00:00+00:00,15.45,15.45,15.43,15.43,15.43,933.0
2022-10-28 04:00:00+00:00,15.57,15.57,15.43,15.45,15.45,430.0
2022-10-31 04:00:00+00:00,15.45,15.45,15.45,15.45,15.45,0.0
2022-11-01 04:00:00+00:00,15.45,15.45,15.45,15.45,15.45,0.0
2022-11-02 04:00:00+00:00,15.45,15.45,15.45,15.45,15.45,0.0
2022-11-03 04:00:00+00:00,15.5,15.5,15.5,15.5,15.5,311.0
2022-11-04 04:00:00+00:00,15.78,15.84,15.73,15.84,15.84,1094.0
2022-11-07 05:00:00+00:00,15.84,15.84,15.84,15.84,15.84,0.0
2022-11-08 05:00:00+00:00,15.85,15.85,15.85,15.85,15.85,200.0
2022-11-09 05:00:00+00:00,15.85,15.85,15.85,15.85,15.85,0.0
2022-11-10 05:00:00+00:00,15.85,15.85,15.85,15.85,15.85,0.0
2022-11-11 05:00:00+00:00,15.85,15.85,15.85,15.85,15.85,0.0
2022-11-14 05:00:00+00:00,15.85,15.85,15.85,15.85,15.85,0.0
2022-11-15 05:00:00+00:00,16.43,16.43,16.43,16.43,16.43,109.0
2022-11-16 05:00:00+00:00,16.43,16.43,16.43,16.43,16.43,0.0
2022-11-17 05:00:00+00:00,16.29,16.29,16.29,16.29,16.29,100.0
2022-11-18 05:00:00+00:00,16.34,16.45,16.34,16.45,16.45,200.0
2022-11-21 05:00:00+00:00,16.39,16.39,16.39,16.39,16.39,154.0
2022-11-22 05:00:00+00:00,16.09,16.09,15.65,15.65,15.65,400.0
2022-11-23 05:00:00+00:00,15.65,15.65,15.65,15.65,15.65,0.0
2022-11-25 05:00:00+00:00,15.65,15.65,15.65,15.65,15.65,0.0
2022-11-28 05:00:00+00:00,15.65,15.65,15.65,15.65,15.65,0.0
2022-11-29 05:00:00+00:00,15.65,15.65,15.65,15.65,15.65,0.0
2022-11-30 05:00:00+00:00,16.71,16.71,16.71,16.71,16.71,109.0
2022-12-01 05:00:00+00:00,16.71,16.71,16.71,16.71,16.71,0.0
2022-12-02 05:00:00+00:00,16.71,16.71,16.71,16.71,16.71,0.0
2022-12-05 05:00:00+00:00,16.55,16.55,16.55,16.55,16.55,224.0
2022-12-06 05:00:00+00:00,16.2,16.2,16.2,16.2,16.2,279.0
2022-12-07 05:00:00+00:00,16.2,16.2,16.2,16.2,16.2,0.0
2022-12-08 05:00:00+00:00,16.2,16.2,16.2,16.2,16.2,0.0
2022-12-09 05:00:00+00:00,16.2,16.2,16.2,16.2,16.2,0.0
2022-12-12 05:00:00+00:00,16.2,16.2,16.2,16.2,16.2,0.0
2022-12-13 05:00:00+00:00,16.1,16.1,16.1,16.1,16.1,100.0
2022-12-14 05:00:00+00:00,16.1,16.1,16.1,16.1,16.1,0.0
2022-12-15 05:00:00+00:00,16.14,16.26,16.14,16.26,16.26,324.0
2022-12-16 05:00:00+00:00,16.26,16.26,16.26,16.26,16.26,0.0
2022-12-19 05:00:00+00:00,16.28,16.28,16.28,16.28,16.28,100.0
2022-12-20 05:00:00+00:00,16.28,16.28,16.28,16.28,16.28,0.0
2022-12-21 05:00:00+00:00,16.28,16.28,16.28,16.28,16.28,0.0
2022-12-22 05:00:00+00:00,16.28,16.28,16.28,16.28,16.28,0.0
2022-12-23 05:00:00+00:00,16.28,16.28,16.28,16.28,16.28,0.0
2022-12-27 05:00:00+00:00,16.28,16.28,16.28,16.28,16.28,0.0
2022-12-28 05:00:00+00:00,16.28,16.28,16.28,16.28,16.28,0.0
2022-12-29 05:00:00+00:00,16.63,16.63,16.63,16.63,16.63,0.0
2022-12-30 05:00:00+00:00,16.97,16.97,16.97,16.97,16.97,287.0
2023-01-03 05:00:00+00:00,16.58,16.69,16.58,16.69,16.69,292.0
2023-01-04 05:00:00+00:00,16.97,16.97,16.97,16.97,16.97,0.0
2023-01-05 05:00:00+00:00,16.97,16.97,16.97,16.97,16.97,0.0
2023-01-06 05:00:00+00:00,16.97,16.97,16.97,16.97,16.97,0.0
2023-01-09 05:00:00+00:00,17.09,17.09,17.09,17.09,17.09,142.0
2023-01-10 05:00:00+00:00,17.69,17.69,17.16,17.16,17.16,300.0
2023-01-11 05:00:00+00:00,16.97,16.97,16.97,16.97,16.97,0.0
2023-01-12 05:00:00+00:00,16.97,16.97,16.97,16.97,16.97,0.0
2023-01-13 05:00:00+00:00,16.97,16.97,16.97,16.97,16.97,0.0
2023-01-17 05:00:00+00:00,16.97,16.97,16.97,16.97,16.97,0.0
2023-01-18 05:00:00+00:00,18.62,18.62,18.54,18.54,18.54,592.0
2023-01-19 05:00:00+00:00,18.62,18.62,18.62,18.62,18.62,221.0
2023-01-20 05:00:00+00:00,16.97,16.97,16.97,16.97,16.97,0.0
2023-01-23 05:00:00+00:00,18.83,18.83,18.83,18.83,18.83,100.0
2023-01-24 05:00:00+00:00,16.97,16.97,16.97,16.97,16.97,0.0
2023-01-25 05:00:00+00:00,18.93,19.17,18.93,19.17,19.17,5485.0
2023-01-26 05:00:00+00:00,19.29,19.29,19.29,19.29,19.29,254.0
2023-01-27 05:00:00+00:00,16.97,16.97,16.97,16.97,16.97,0.0
2023-01-30 05:00:00+00:00,16.97,16.97,16.97,16.97,16.97,0.0
2023-01-31 05:00:00+00:00,16.97,16.97,16.97,16.97,16.97,0.0
2023-02-01 05:00:00+00:00,19.53,19.53,19.29,19.31,19.31,400.0
2023-02-02 05:00:00+00:00,16.97,16.97,16.97,16.97,16.97,0.0
2023-02-03 05:00:00+00:00,19.38,19.38,19.38,19.38,19.38,100.0
2023-02-06 05:00:00+00:00,16.97,16.97,16.97,16.97,16.97,0.0
2023-02-07 05:00:00+00:00,18.97,18.97,18.72,18.72,18.72,364.0
2023-02-08 05:00:00+00:00,19.03,19.03,19.03,19.03,19.03,173.0
2023-02-09 05:00:00+00:00,16.97,16.97,16.97,16.97,16.97,0.0
2023-02-10 05:00:00+00:00,16.97,16.97,16.97,16.97,16.97,0.0
2023-02-13 05:00:00+00:00,16.97,16.97,16.97,16.97,16.97,0.0
2023-02-14 05:00:00+00:00,16.97,16.97,16.97,16.97,16.97,0.0
2023-02-15 05:00:00+00:00,18.69,18.7,18.69,18.7,18.7,270.0
2023-02-16 05:00:00+00:00,16.97,16.97,16.97,16.97,16.97,0.0
2023-02-17 05:00:00+00:00,16.97,16.97,16.97,16.97,16.97,0.0
2023-02-21 05:00:00+00:00,16.97,16.97,16.97,16.97,16.97,0.0
2023-02-22 05:00:00+00:00,17.94,17.94,17.94,17.94,17.94,191.0
2023-02-23 05:00:00+00:00,16.97,16.97,16.97,16.97,16.97,0.0
2023-02-24 05:00:00+00:00,16.97,16.97,16.97,16.97,16.97,0.0
2023-02-27 05:00:00+00:00,16.97,16.97,16.97,16.97,16.97,0.0
2023-02-28 05:00:00+00:00,18.39,18.59,18.39,18.59,18.59,840.0
2023-03-01 05:00:00+00:00,18.25,18.25,18.25,18.25,18.25,155.0
2023-03-02 05:00:00+00:00,17.95,17.99,17.95,17.99,17.99,500.0
2023-03-03 05:00:00+00:00,16.97,16.97,16.97,16.97,16.97,0.0
2023-03-06 05:00:00+00:00,16.97,16.97,16.97,16.97,16.97,0.0
2023-03-07 05:00:00+00:00,16.97,16.97,16.97,16.97,16.97,0.0
2023-03-08 05:00:00+00:00,17.39,17.41,17.39,17.39,17.39,918.0
2023-03-09 05:00:00+00:00,16.97,16.97,16.97,16.97,16.97,0.0
2023-03-10 05:00:00+00:00,16.97,16.97,16.97,16.97,16.97,0.0
2023-03-13 04:00:00+00:00,16.97,16.97,16.97,16.97,16.97,0.0
2023-03-14 04:00:00+00:00,16.97,16.97,16.97,16.97,16.97,0.0
2023-03-15 04:00:00+00:00,16.97,16.97,16.97,16.97,16.97,0.0
2023-03-16 04:00:00+00:00,17.24,17.24,17.09,17.11,17.11,642.0
2023-03-17 04:00:00+00:00,16.97,16.97,16.97,16.97,16.97,0.0
2023-03-20 04:00:00+00:00,16.39,16.39,16.39,16.39,16.39,100.0
2023-03-21 04:00:00+00:00,15.93,15.98,15.93,15.98,15.98,309.0
2023-03-22 04:00:00+00:00,16.97,16.97,16.97,16.97,16.97,0.0
2023-03-23 04:00:00+00:00,16.97,16.97,16.97,16.97,16.97,0.0
2023-03-24 04:00:00+00:00,16.21,16.21,16.21,16.21,16.21,228.0
2023-03-27 04:00:00+00:00,16.97,16.97,16.97,16.97,16.97,0.0
2023-03-28 04:00:00+00:00,16.97,16.97,16.97,16.97,16.97,0.0
2023-03-29 04:00:00+00:00,17.44,17.44,17.35,17.35,17.35,205.0
2023-03-30 04:00:00+00:00,17.29,17.29,17.29,17.29,17.29,100.0
2023-03-31 04:00:00+00:00,17.32,17.32,17.32,17.32,17.32,0.0
2023-04-03 04:00:00+00:00,17.32,17.32,17.32,17.32,17.32,0.0
2023-04-04 04:00:00+00:00,17.32,17.32,17.32,17.32,17.32,0.0
2023-04-05 04:00:00+00:00,17.32,17.32,17.32,17.32,17.32,0.0
2023-04-06 04:00:00+00:00,17.14,17.14,17.14,17.14,17.14,239.0
2023-04-10 04:00:00+00:00,17.32,17.32,17.32,17.32,17.32,0.0
2023-04-11 04:00:00+00:00,17.32,17.32,17.32,17.32,17.32,0.0
2023-04-12 04:00:00+00:00,17.32,17.32,17.32,17.32,17.32,0.0
2023-04-13 04:00:00+00:00,17.32,17.32,17.32,17.32,17.32,0.0
2023-04-14 04:00:00+00:00,17.32,17.32,17.32,17.32,17.32,0.0
2023-04-17 04:00:00+00:00,17.32,17.32,17.32,17.32,17.32,0.0
2023-04-18 04:00:00+00:00,17.32,17.32,17.32,17.32,17.32,0.0
2023-04-19 04:00:00+00:00,17.32,17.32,17.32,17.32,17.32,0.0
2023-04-20 04:00:00+00:00,17.32,17.32,17.32,17.32,17.32,0.0
2023-04-21 04:00:00+00:00,17.32,17.32,17.32,17.32,17.32,0.0
2023-04-24 04:00:00+00:00,17.32,17.32,17.32,17.32,17.32,0.0
2023-04-25 04:00:00+00:00,18.25,18.25,18.25,18.25,18.25,192.0
2023-04-26 04:00:00+00:00,17.32,17.32,17.32,17.32,17.32,0.0
2023-04-27 04:00:00+00:00,17.32,17.32,17.32,17.32,17.32,0.0
2023-04-28 04:00:00+00:00,18.21,18.55,18.21,18.55,18.55,238.0
2023-05-01 04:00:00+00:00,18.32,18.32,18.32,18.32,18.32,690.0
2023-05-02 04:00:00+00:00,17.32,17.32,17.32,17.32,17.32,0.0
2023-05-03 04:00:00+00:00,17.32,17.32,17.32,17.32,17.32,0.0
2023-05-04 04:00:00+00:00,17.67,17.79,17.67,17.79,17.79,389.0
2023-05-05 04:00:00+00:00,17.64,17.8,17.64,17.8,17.8,935.0
2023-05-08 04:00:00+00:00,17.32,17.32,17.32,17.32,17.32,0.0
2023-05-09 04:00:00+00:00,17.55,17.55,17.55,17.55,17.55,223.0
2023-05-10 04:00:00+00:00,17.57,17.57,17.57,17.57,17.57,236.0
2023-05-11 04:00:00+00:00,17.32,17.32,17.32,17.32,17.32,0.0
2023-05-12 04:00:00+00:00,17.32,17.32,17.32,17.32,17.32,0.0
2023-05-15 04:00:00+00:00,17.76,17.76,17.76,17.76,17.76,113.0
2023-05-16 04:00:00+00:00,17.59,17.59,16.98,16.98,16.98,781.0
2023-05-17 04:00:00+00:00,17.32,17.32,17.32,17.32,17.32,0.0
2023-05-18 04:00:00+00:00,17.32,17.32,17.32,17.32,17.32,0.0
2023-05-19 04:00:00+00:00,17.32,17.32,17.32,17.32,17.32,0.0
2023-05-22 04:00:00+00:00,17.01,17.01,17.01,17.01,17.01,143.0
2023-05-23 04:00:00+00:00,17.05,17.05,16.94,16.94,16.94,348.0
2023-05-24 04:00:00+00:00,17.32,17.32,17.32,17.32,17.32,0.0
2023-05-25 04:00:00+00:00,17.32,17.32,17.32,17.32,17.32,0.0
2023-05-26 04:00:00+00:00,17.32,17.32,17.32,17.32,17.32,0.0
2023-05-30 04:00:00+00:00,17.32,17.32,17.32,17.32,17.32,0.0
2023-05-31 04:00:00+00:00,17.32,17.32,17.32,17.32,17.32,0.0
2023-06-01 04:00:00+00:00,16.22,16.22,16.22,16.22,16.22,700.0
2023-06-02 04:00:00+00:00,16.39,16.44,16.39,16.39,16.39,877.0
2023-06-05 04:00:00+00:00,16.75,16.75,16.75,16.75,16.75,199.0
2023-06-06 04:00:00+00:00,16.72,16.72,16.72,16.72,16.72,153.0
2023-06-07 04:00:00+00:00,16.72,16.72,16.72,16.72,16.72,0.0
2023-06-08 04:00:00+00:00,16.72,16.72,16.72,16.72,16.72,0.0
2023-06-09 04:00:00+00:00,16.92,16.92,16.91,16.91,16.91,345.0
2023-06-12 04:00:00+00:00,16.91,16.91,16.91,16.91,16.91,0.0
2023-06-13 04:00:00+00:00,16.91,16.91,16.91,16.91,16.91,0.0
2023-06-14 04:00:00+00:00,16.91,16.91,16.91,16.91,16.91,0.0
2023-06-15 04:00:00+00:00,17.05,17.05,17.05,17.05,17.05,444.0
2023-06-16 04:00:00+00:00,16.77,16.94,16.64,16.94,16.94,300.0
2023-06-20 04:00:00+00:00,17.01,17.01,16.68,16.68,16.68,510.0
2023-06-21 04:00:00+00:00,16.68,16.68,16.68,16.68,16.68,0.0
2023-06-22 04:00:00+00:00,16.7,16.77,16.7,16.77,16.77,542.0
2023-06-23 04:00:00+00:00,16.6,16.6,16.6,16.6,16.6,243.0
2023-06-26 04:00:00+00:00,16.7,16.76,16.69,16.76,16.76,1007.0
2023-06-27 04:00:00+00:00,16.94,16.94,16.79,16.79,16.79,1500.0
2023-06-28 04:00:00+00:00,16.79,16.79,16.79,16.79,16.79,0.0
2023-06-29 04:00:00+00:00,17.15,17.15,17.15,17.15,17.15,0.0
2023-06-30 04:00:00+00:00,17.15,17.15,17.15,17.15,17.15,0.0
2023-07-03 04:00:00+00:00,16.68,16.68,16.68,16.68,16.68,556.0
2023-07-05 04:00:00+00:00,16.62,16.62,16.62,16.62,16.62,2059.0
2023-07-06 04:00:00+00:00,16.72,16.73,16.7,16.7,16.7,800.0
2023-07-07 04:00:00+00:00,16.7,16.7,16.7,16.7,16.7,2012.0
2023-07-10 04:00:00+00:00,16.74,16.74,16.74,16.74,16.74,317.0
2023-07-11 04:00:00+00:00,16.74,16.74,16.74,16.74,16.74,0.0
2023-07-12 04:00:00+00:00,16.74,16.74,16.74,16.74,16.74,0.0
2023-07-13 04:00:00+00:00,16.79,16.79,16.79,16.79,16.79,370.0
2023-07-14 04:00:00+00:00,16.8,16.8,16.75,16.75,16.75,200.0
2023-07-17 04:00:00+00:00,16.75,16.76,16.75,16.76,16.76,205.0
2023-07-18 04:00:00+00:00,16.79,16.88,16.79,16.88,16.88,207.0
2023-07-19 04:00:00+00:00,16.96,16.96,16.96,16.96,16.96,100.0
2023-07-20 04:00:00+00:00,16.96,16.96,16.96,16.96,16.96,0.0
2023-07-21 04:00:00+00:00,16.97,16.97,16.97,16.97,16.97,100.0
2023-07-24 04:00:00+00:00,16.86,16.88,16.84,16.84,16.84,500.0
2023-07-25 04:00:00+00:00,16.88,16.88,16.88,16.88,16.88,100.0
2023-07-26 04:00:00+00:00,16.88,16.88,16.88,16.88,16.88,0.0
2023-07-27 04:00:00+00:00,16.88,16.88,16.88,16.88,16.88,0.0
2023-07-28 04:00:00+00:00,16.88,16.88,16.88,16.88,16.88,0.0
2023-07-31 04:00:00+00:00,16.89,17.0,16.83,16.87,16.87,1995.0
2023-08-01 04:00:00+00:00,16.84,16.84,16.83,16.84,16.84,7944.0
2023-08-02 04:00:00+00:00,16.84,16.84,16.84,16.84,16.84,0.0
2023-08-03 04:00:00+00:00,16.84,16.84,16.84,16.84,16.84,0.0
2023-08-04 04:00:00+00:00,16.84,16.84,16.84,16.84,16.84,0.0
2023-08-07 04:00:00+00:00,16.84,16.84,16.84,16.84,16.84,0.0
2023-08-08 04:00:00+00:00,16.84,16.84,16.84,16.84,16.84,0.0
2023-08-09 04:00:00+00:00,16.84,16.84,16.84,16.84,16.84,0.0
2023-08-10 04:00:00+00:00,16.67,16.67,16.67,16.67,16.67,200.0
2023-08-11 04:00:00+00:00,16.67,16.67,16.67,16.67,16.67,0.0
2023-08-14 04:00:00+00:00,16.74,16.9,16.74,16.9,16.9,740.0
2023-08-15 04:00:00+00:00,16.9,16.9,16.9,16.9,16.9,0.0
2023-08-16 04:00:00+00:00,16.9,16.9,16.9,16.9,16.9,0.0
2023-08-17 04:00:00+00:00,16.9,16.9,16.9,16.9,16.9,0.0
2023-08-18 04:00:00+00:00,16.9,16.9,16.9,16.9,16.9,0.0
2023-08-21 04:00:00+00:00,16.54,16.54,16.54,16.54,16.54,124.0
2023-08-22 04:00:00+00:00,16.54,16.54,16.54,16.54,16.54,0.0
2023-08-23 04:00:00+00:00,16.55,16.55,16.55,16.55,16.55,183.0
2023-08-24 04:00:00+00:00,16.55,16.55,16.55,16.55,16.55,0.0
2023-08-25 04:00:00+00:00,16.55,16.55,16.55,16.55,16.55,0.0
2023-08-28 04:00:00+00:00,16.59,16.59,16.59,16.59,16.59,100.0
2023-08-29 04:00:00+00:00,16.83,16.83,16.83,16.83,16.83,271.0
2023-08-30 04:00:00+00:00,16.83,16.83,16.83,16.83,16.83,0.0
2023-08-31 04:00:00+00:00,17.55,17.55,17.55,17.55,17.55,100.0
2023-09-01 04:00:00+00:00,17.55,17.55,17.55,17.55,17.55,0.0
2023-09-05 04:00:00+00:00,17.31,17.31,17.31,17.31,17.31,100.0
2023-09-06 04:00:00+00:00,17.31,17.31,17.31,17.31,17.31,0.0
2023-09-07 04:00:00+00:00,17.31,17.31,17.31,17.31,17.31,0.0
2023-09-08 04:00:00+00:00,17.31,17.31,17.31,17.31,17.31,0.0
2023-09-11 04:00:00+00:00,17.36,17.36,17.35,17.35,17.35,219.0
2023-09-12 04:00:00+00:00,17.32,17.32,17.32,17.32,17.32,100.0
2023-09-13 04:00:00+00:00,17.4,17.49,17.4,17.49,17.49,2030.0
2023-09-14 04:00:00+00:00,17.49,17.49,17.49,17.49,17.49,0.0
2023-09-15 04:00:00+00:00,17.49,17.49,17.49,17.49,17.49,0.0
2023-09-18 04:00:00+00:00,17.49,17.49,17.49,17.49,17.49,0.0
2023-09-19 04:00:00+00:00,17.49,17.49,17.49,17.49,17.49,0.0
2023-09-20 04:00:00+00:00,17.49,17.49,17.49,17.49,17.49,0.0
2023-09-21 04:00:00+00:00,17.49,17.49,17.49,17.49,17.49,0.0
2023-09-22 04:00:00+00:00,17.49,17.49,17.49,17.49,17.49,0.0
2023-09-25 04:00:00+00:00,17.49,17.49,17.49,17.49,17.49,0.0
2023-09-26 04:00:00+00:00,17.49,17.49,17.49,17.49,17.49,0.0
2023-09-27 04:00:00+00:00,17.49,17.49,17.49,17.49,17.49,0.0
2023-09-28 04:00:00+00:00,17.91,17.95,17.85,17.93,17.93,1350.0
2023-09-29 04:00:00+00:00,17.93,17.93,17.93,17.93,17.93,0.0
2023-10-02 04:00:00+00:00,17.93,17.93,17.93,17.93,17.93,0.0
2023-10-03 04:00:00+00:00,17.85,17.85,17.71,17.71,17.71,1177.0
2023-10-04 04:00:00+00:00,17.71,17.71,17.71,17.71,17.71,0.0
2023-10-05 04:00:00+00:00,17.43,17.43,17.43,17.43,17.43,103.0
2023-10-06 04:00:00+00:00,17.34,17.45,17.34,17.45,17.45,200.0
2023-10-09 04:00:00+00:00,17.45,17.45,17.45,17.45,17.45,0.0
2023-10-10 04:00:00+00:00,17.54,17.54,17.54,17.54,17.54,200.0
2023-10-11 04:00:00+00:00,17.54,17.54,17.54,17.54,17.54,0.0
2023-10-12 04:00:00+00:00,17.54,17.54,17.54,17.54,17.54,0.0
2023-10-13 04:00:00+00:00,17.54,17.54,17.54,17.54,17.54,0.0
2023-10-16 04:00:00+00:00,17.54,17.54,17.54,17.54,17.54,0.0
2023-10-17 04:00:00+00:00,17.54,17.54,17.54,17.54,17.54,0.0
2023-10-18 04:00:00+00:00,17.54,17.54,17.54,17.54,17.54,0.0
2023-10-19 04:00:00+00:00,17.54,17.54,17.54,17.54,17.54,0.0
2023-10-20 04:00:00+00:00,17.54,17.54,17.54,17.54,17.54,0.0
2023-10-23 04:00:00+00:00,17.85,17.85,17.77,17.77,17.77,300.0
2023-10-24 04:00:00+00:00,17.77,17.77,17.77,17.77,17.77,0.0
2023-10-25 04:00:00+00:00,17.64,17.64,16.93,16.95,16.95,437.0
2023-10-26 04:00:00+00:00,17.17,17.17,17.17,17.17,17.17,400.0
2023-10-27 04:00:00+00:00,16.95,16.95,16.95,16.95,16.95,100.0
2023-10-30 04:00:00+00:00,16.95,16.95,16.95,16.95,16.95,0.0
2023-10-31 04:00:00+00:00,16.95,16.95,16.95,16.95,16.95,0.0
2023-11-01 04:00:00+00:00,16.95,16.95,16.95,16.95,16.95,0.0
2023-11-02 04:00:00+00:00,18.32,18.32,18.32,18.32,18.32,200.0
2023-11-03 04:00:00+00:00,18.15,18.15,18.15,18.15,18.15,100.0
2023-11-06 05:00:00+00:00,18.15,18.15,18.15,18.15,18.15,0.0
2023-11-07 05:00:00+00:00,18.15,18.15,18.15,18.15,18.15,0.0
2023-11-08 05:00:00+00:00,18.15,18.15,18.15,18.15,18.15,0.0
2023-11-09 05:00:00+00:00,18.15,18.15,18.15,18.15,18.15,0.0
2023-11-10 05:00:00+00:00,17.99,17.99,17.99,17.99,17.99,1600.0
2023-11-13 05:00:00+00:00,17.99,17.99,17.99,17.99,17.99,0.0
2023-11-14 05:00:00+00:00,18.07,18.08,18.07,18.07,18.07,606.0
2023-11-15 05:00:00+00:00,18.07,18.07,18.07,18.07,18.07,0.0
2023-11-16 05:00:00+00:00,18.07,18.07,18.07,18.07,18.07,0.0
2023-11-17 05:00:00+00:00,18.07,18.07,18.07,18.07,18.07,0.0
2023-11-20 05:00:00+00:00,18.07,18.07,18.07,18.07,18.07,0.0
2023-11-21 05:00:00+00:00,18.07,18.07,18.07,18.07,18.07,0.0
2023-11-22 05:00:00+00:00,18.07,18.07,18.07,18.07,18.07,0.0
2023-11-24 05:00:00+00:00,18.07,18.07,18.07,18.07,18.07,0.0
2023-11-27 05:00:00+00:00,18.07,18.07,18.07,18.07,18.07,0.0
2023-11-28 05:00:00+00:00,18.07,18.07,18.07,18.07,18.07,0.0
2023-11-29 05:00:00+00:00,18.07,18.07,18.07,18.07,18.07,0.0
2023-11-30 05:00:00+00:00,17.88,18.43,17.88,18.43,18.43,280.0
2023-12-01 05:00:00+00:00,18.36,18.36,18.02,18.02,18.02,544.0
2023-12-04 05:00:00+00:00,18.02,18.02,18.02,18.02,18.02,0.0
2023-12-05 05:00:00+00:00,18.02,18.02,18.02,18.02,18.02,0.0
2023-12-06 05:00:00+00:00,18.02,18.02,18.02,18.02,18.02,0.0
2023-12-07 05:00:00+00:00,18.02,18.02,18.02,18.02,18.02,0.0
2023-12-08 05:00:00+00:00,18.02,18.02,18.02,18.02,18.02,0.0
2023-12-11 05:00:00+00:00,18.02,18.02,18.02,18.02,18.02,0.0
2023-12-12 05:00:00+00:00,18.02,18.02,18.02,18.02,18.02,0.0
2023-12-13 05:00:00+00:00,18.02,18.02,18.02,18.02,18.02,0.0
2023-12-14 05:00:00+00:00,19.27,19.27,19.27,19.27,19.27,539.0
2023-12-15 05:00:00+00:00,19.27,19.27,19.27,19.27,19.27,0.0
2023-12-18 05:00:00+00:00,19.27,19.27,19.27,19.27,19.27,0.0
2023-12-19 05:00:00+00:00,19.27,19.27,19.27,19.27,19.27,0.0
2023-12-20 05:00:00+00:00,19.58,19.58,19.58,19.58,19.58,300.0
2023-12-21 05:00:00+00:00,19.27,19.27,19.27,19.27,19.27,321.0
2023-12-22 05:00:00+00:00,19.27,19.27,19.27,19.27,19.27,0.0
2023-12-26 05:00:00+00:00,19.27,19.27,19.27,19.27,19.27,0.0
2023-12-27 05:00:00+00:00,19.27,19.27,19.27,19.27,19.27,0.0
2023-12-28 05:00:00+00:00,19.64,19.64,19.64,19.64,19.64,0.0
2023-12-29 05:00:00+00:00,19.64,19.64,19.64,19.64,19.64,0.0
2024-01-02 05:00:00+00:00,19.64,19.64,19.64,19.64,19.64,0.0
2024-01-03 05:00:00+00:00,19.64,19.64,19.64,19.64,19.64,0.0
2024-01-04 05:00:00+00:00,19.64,19.64,19.64,19.64,19.64,0.0
2024-01-05 05:00:00+00:00,19.64,19.64,19.64,19.64,19.64,0.0
2024-01-08 05:00:00+00:00,19.64,19.64,19.64,19.64,19.64,0.0
2024-01-09 05:00:00+00:00,19.64,19.64,19.64,19.64,19.64,0.0
2024-01-10 05:00:00+00:00,19.64,19.64,19.64,19.64,19.64,0.0
2024-01-11 05:00:00+00:00,19.64,19.64,19.64,19.64,19.64,0.0
2024-01-12 05:00:00+00:00,19.64,19.64,19.64,19.64,19.64,0.0
2024-01-16 05:00:00+00:00,19.74,19.74,19.74,19.74,19.74,100.0
2024-01-17 05:00:00+00:00,19.74,19.74,19.74,19.74,19.74,0.0
2024-01-18 05:00:00+00:00,19.74,19.74,19.74,19.74,19.74,0.0
2024-01-19 05:00:00+00:00,19.74,19.74,19.74,19.74,19.74,0.0
2024-01-22 05:00:00+00:00,19.71,19.71,19.71,19.71,19.71,200.0
2024-01-23 05:00:00+00:00,19.71,19.71,19.71,19.71,19.71,0.0
2024-01-24 05:00:00+00:00,19.71,19.71,19.71,19.71,19.71,0.0
2024-01-25 05:00:00+00:00,19.71,19.71,19.71,19.71,19.71,0.0
2024-01-26 05:00:00+00:00,19.74,20.16,19.74,20.16,20.16,2038.0
2024-01-29 05:00:00+00:00,20.16,20.16,20.16,20.16,20.16,0.0
2024-01-30 05:00:00+00:00,20.29,20.29,20.29,20.29,20.29,252.0
2024-01-31 05:00:00+00:00,19.58,20.02,19.58,20.02,20.02,849.0
2024-02-01 05:00:00+00:00,20.02,20.02,20.02,20.02,20.02,0.0
2024-02-02 05:00:00+00:00,20.02,20.02,20.02,20.02,20.02,0.0
2024-02-05 05:00:00+00:00,20.02,20.02,20.02,20.02,20.02,0.0
2024-02-06 05:00:00+00:00,20.02,20.02,20.02,20.02,20.02,0.0
2024-02-07 05:00:00+00:00,20.02,20.02,20.02,20.02,20.02,0.0
2024-02-08 05:00:00+00:00,20.02,20.02,20.02,20.02,20.02,0.0
2024-02-09 05:00:00+00:00,20.02,20.02,20.02,20.02,20.02,0.0
2024-02-12 05:00:00+00:00,20.02,20.02,20.02,20.02,20.02,0.0
2024-02-13 05:00:00+00:00,20.02,20.02,20.02,20.02,20.02,0.0
2024-02-14 05:00:00+00:00,20.02,20.02,20.02,20.02,20.02,0.0
2024-02-15 05:00:00+00:00,20.02,20.02,20.02,20.02,20.02,0.0
2024-02-16 05:00:00+00:00,20.02,20.02,20.02,20.02,20.02,0.0
2024-02-20 05:00:00+00:00,20.02,20.02,20.02,20.02,20.02,0.0
2024-02-21 05:00:00+00:00,20.02,20.02,20.02,20.02,20.02,0.0
2024-02-22 05:00:00+00:00,20.02,20.02,20.02,20.02,20.02,0.0
2024-02-23 05:00:00+00:00,20.02,20.02,20.02,20.02,20.02,0.0
2024-02-26 05:00:00+00:00,20.02,20.02,20.02,20.02,20.02,0.0
2024-02-27 05:00:00+00:00,20.02,20.02,20.02,20.02,20.02,0.0
2024-02-28 05:00:00+00:00,20.02,20.02,20.02,20.02,20.02,0.0
2024-02-29 05:00:00+00:00,20.24,20.24,19.91,19.91,19.91,1369.0
2024-03-01 05:00:00+00:00,19.63,19.63,19.63,19.63,19.63,758.0
2024-03-04 05:00:00+00:00,19.63,19.63,19.63,19.63,19.63,0.0
2024-03-05 05:00:00+00:00,19.63,19.63,19.63,19.63,19.63,0.0
2024-03-06 05:00:00+00:00,19.63,19.63,19.63,19.63,19.63,0.0
2024-03-07 05:00:00+00:00,19.63,19.63,19.63,19.63,19.63,0.0
2024-03-08 05:00:00+00:00,19.63,19.63,19.63,19.63,19.63,0.0
2024-03-11 04:00:00+00:00,19.63,19.63,19.63,19.63,19.63,0.0
2024-03-12 04:00:00+00:00,19.5,19.51,19.48,19.51,19.51,450.0
2024-03-13 04:00:00+00:00,19.5,19.5,19.5,19.5,19.5,282.0
2024-03-14 04:00:00+00:00,19.5,19.5,19.5,19.5,19.5,0.0
2024-03-15 04:00:00+00:00,19.5,19.5,19.5,19.5,19.5,0.0
2024-03-18 04:00:00+00:00,19.5,19.5,19.5,19.5,19.5,0.0
2024-03-19 04:00:00+00:00,19.64,19.64,19.64,19.64,19.64,743.0
2024-03-20 04:00:00+00:00,19.64,19.64,19.64,19.64,19.64,0.0
2024-03-21 04:00:00+00:00,19.64,19.64,19.64,19.64,19.64,0.0
2024-03-22 04:00:00+00:00,19.89,19.89,19.89,19.89,19.89,100.0
2024-03-25 04:00:00+00:00,19.89,19.89,19.89,19.89,19.89,0.0
2024-03-26 04:00:00+00:00,19.89,19.89,19.89,19.89,19.89,0.0
2024-03-27 04:00:00+00:00,20.27,20.27,20.27,20.27,20.27,0.0
2024-03-28 04:00:00+00:00,20.37,20.37,19.95,20.1,20.1,4187.0
2024-04-01 04:00:00+00:00,20.1,20.1,20.1,20.1,20.1,0.0
2024-04-02 04:00:00+00:00,20.1,20.1,20.1,20.1,20.1,0.0
2024-04-03 04:00:00+00:00,20.1,20.1,20.1,20.1,20.1,0.0
2024-04-04 04:00:00+00:00,20.1,20.1,20.1,20.1,20.1,0.0
2024-04-05 04:00:00+00:00,20.1,20.1,20.1,20.1,20.1,0.0
2024-04-08 04:00:00+00:00,19.8,19.8,19.8,19.8,19.8,100.0
2024-04-09 04:00:00+00:00,19.8,19.8,19.8,19.8,19.8,0.0
2024-04-10 04:00:00+00:00,19.27,19.5,19.27,19.5,19.5,352.0
2024-04-11 04:00:00+00:00,19.29,19.29,19.29,19.29,19.29,100.0
2024-04-12 04:00:00+00:00,19.29,19.29,19.29,19.29,19.29,0.0
2024-04-15 04:00:00+00:00,19.29,19.29,19.29,19.29,19.29,0.0
2024-04-16 04:00:00+00:00,19.29,19.29,19.29,19.29,19.29,0.0
2024-04-17 04:00:00+00:00,19.29,19.29,19.29,19.29,19.29,0.0
2024-04-18 04:00:00+00:00,19.29,19.29,19.29,19.29,19.29,0.0
2024-04-19 04:00:00+00:00,19.29,19.29,19.29,19.29,19.29,0.0
2024-04-22 04:00:00+00:00,19.29,19.29,19.29,19.29,19.29,0.0
2024-04-23 04:00:00+00:00,19.29,19.29,19.29,19.29,19.29,0.0
2024-04-24 04:00:00+00:00,19.31,19.31,19.31,19.31,19.31,100.0
2024-04-25 04:00:00+00:00,19.31,19.31,19.31,19.31,19.31,0.0
2024-04-26 04:00:00+00:00,19.31,19.31,19.31,19.31,19.31,0.0
2024-04-29 04:00:00+00:00,19.31,19.31,19.31,19.31,19.31,0.0
2024-04-30 04:00:00+00:00,19.31,19.31,19.31,19.31,19.31,0.0
2024-05-01 04:00:00+00:00,19.31,19.31,19.31,19.31,19.31,0.0
2024-05-02 04:00:00+00:00,19.31,19.31,19.31,19.31,19.31,0.0
2024-05-03 04:00:00+00:00,19.31,19.31,19.31,19.31,19.31,0.0
2024-05-06 04:00:00+00:00,19.31,19.31,19.31,19.31,19.31,0.0
2024-05-07 04:00:00+00:00,19.31,19.31,19.31,19.31,19.31,0.0
2024-05-08 04:00:00+00:00,19.31,19.31,19.31,19.31,19.31,0.0
2024-05-09 04:00:00+00:00,19.31,19.31,19.31,19.31,19.31,0.0
2024-05-10 04:00:00+00:00,19.31,19.31,19.31,19.31,19.31,0.0
2024-05-13 04:00:00+00:00,19.31,19.31,19.31,19.31,19.31,0.0
2024-05-14 04:00:00+00:00,19.31,19.31,19.31,19.31,19.31,0.0
2024-05-15 04:00:00+00:00,19.31,19.31,19.31,19.31,19.31,0.0
2024-05-16 04:00:00+00:00,19.31,19.31,19.31,19.31,19.31,0.0
2024-05-17 04:00:00+00:00,19.31,19.31,19.31,19.31,19.31,0.0
2024-05-20 04:00:00+00:00,20.27,20.27,20.27,20.27,20.27,300.0
2024-05-21 04:00:00+00:00,20.27,20.27,20.27,20.27,20.27,0.0
2024-05-22 04:00:00+00:00,20.27,20.27,20.27,20.27,20.27,0.0
2024-05-23 04:00:00+00:00,20.27,20.27,20.27,20.27,20.27,0.0
2024-05-24 04:00:00+00:00,20.27,20.27,20.27,20.27,20.27,0.0
2024-05-28 04:00:00+00:00,20.27,20.27,20.27,20.27,20.27,0.0
2024-05-29 04:00:00+00:00,20.27,20.27,20.27,20.27,20.27,0.0
2024-05-30 04:00:00+00:00,19.54,19.54,19.54,19.54,19.54,100.0
2024-05-31 04:00:00+00:00,19.54,19.54,19.54,19.54,19.54,0.0
2024-06-03 04:00:00+00:00,19.54,19.54,19.54,19.54,19.54,0.0
2024-06-04 04:00:00+00:00,19.54,19.54,19.54,19.54,19.54,0.0
2024-06-05 04:00:00+00:00,19.54,19.54,19.54,19.54,19.54,0.0
2024-06-06 04:00:00+00:00,19.54,19.54,19.54,19.54,19.54,0.0
2024-06-07 04:00:00+00:00,19.54,19.54,19.54,19.54,19.54,0.0
2024-06-10 04:00:00+00:00,19.54,19.54,19.54,19.54,19.54,0.0
2024-06-11 04:00:00+00:00,19.68,19.68,19.68,19.68,19.68,200.0
2024-06-12 04:00:00+00:00,19.68,19.68,19.68,19.68,19.68,0.0
2024-06-13 04:00:00+00:00,19.68,19.68,19.68,19.68,19.68,0.0
2024-06-14 04:00:00+00:00,19.68,19.68,19.68,19.68,19.68,0.0
2024-06-17 04:00:00+00:00,19.33,19.33,19.33,19.33,19.33,100.0
2024-06-18 04:00:00+00:00,19.33,19.33,19.33,19.33,19.33,0.0
2024-06-20 04:00:00+00:00,19.34,19.34,19.34,19.34,19.34,235.0
2024-06-21 04:00:00+00:00,19.34,19.34,19.34,19.34,19.34,0.0
2024-06-24 04:00:00+00:00,19.22,19.22,19.22,19.22,19.22,105.0
2024-06-25 04:00:00+00:00,19.22,19.22,19.22,19.22,19.22,0.0
2024-06-26 04:00:00+00:00,19.22,19.22,19.22,19.22,19.22,0.0
2024-06-27 04:00:00+00:00,19.22,19.22,19.22,19.22,19.22,0.0
2024-06-28 04:00:00+00:00,19.48,19.48,19.48,19.48,19.48,100.0
2024-07-01 04:00:00+00:00,19.48,19.48,19.48,19.48,19.48,0.0
2024-07-02 04:00:00+00:00,19.48,19.48,19.48,19.48,19.48,0.0
2024-07-03 04:00:00+00:00,19.48,19.48,19.48,19.48,19.48,0.0
2024-07-05 04:00:00+00:00,19.48,19.48,19.48,19.48,19.48,0.0
2024-07-08 04:00:00+00:00,19.88,19.88,19.7,19.7,19.7,628.0
2024-07-09 04:00:00+00:00,19.7,19.7,19.7,19.7,19.7,0.0
2024-07-10 04:00:00+00:00,19.7,19.7,19.7,19.7,19.7,0.0
2024-07-11 04:00:00+00:00,19.65,19.71,19.65,19.71,19.71,200.0
2024-07-12 04:00:00+00:00,19.55,19.55,19.55,19.55,19.55,300.0
2024-07-15 04:00:00+00:00,19.55,19.55,19.55,19.55,19.55,0.0
2024-07-16 04:00:00+00:00,19.55,19.55,19.55,19.55,19.55,0.0
2024-07-17 04:00:00+00:00,19.55,19.55,19.55,19.55,19.55,0.0
2024-07-18 04:00:00+00:00,19.72,19.75,19.72,19.75,19.75,5100.0
2024-07-19 04:00:00+00:00,19.75,19.75,19.75,19.75,19.75,0.0
2024-07-22 04:00:00+00:00,19.75,19.75,19.75,19.75,19.75,0.0
2024-07-23 04:00:00+00:00,19.75,19.75,19.75,19.75,19.75,0.0
2024-07-24 04:00:00+00:00,19.75,19.75,19.75,19.75,19.75,0.0
2024-07-25 04:00:00+00:00,19.75,19.75,19.75,19.75,19.75,0.0
2024-07-26 04:00:00+00:00,20.0,20.0,20.0,20.0,20.0,600.0
2024-07-29 04:00:00+00:00,20.0,20.0,20.0,20.0,20.0,0.0
2024-07-30 04:00:00+00:00,20.0,20.0,20.0,20.0,20.0,0.0
2024-07-31 04:00:00+00:00,20.0,20.0,20.0,20.0,20.0,0.0
2024-08-01 04:00:00+00:00,20.0,20.0,20.0,20.0,20.0,0.0
2024-08-02 04:00:00+00:00,19.92,19.92,19.92,19.92,19.92,100.0
2024-08-05 04:00:00+00:00,19.92,19.92,19.92,19.92,19.92,0.0
2024-08-06 04:00:00+00:00,19.92,19.92,19.92,19.92,19.92,0.0
2024-08-07 04:00:00+00:00,19.92,19.92,19.92,19.92,19.92,0.0
2024-08-08 04:00:00+00:00,19.92,19.92,19.92,19.92,19.92,0.0
2024-08-09 04:00:00+00:00,19.92,19.92,19.92,19.92,19.92,0.0
2024-08-12 04:00:00+00:00,19.9,19.9,19.9,19.9,19.9,100.0
2024-08-13 04:00:00+00:00,19.9,19.9,19.9,19.9,19.9,0.0
2024-08-14 04:00:00+00:00,19.9,19.9,19.9,19.9,19.9,0.0
2024-08-15 04:00:00+00:00,19.9,19.9,19.9,19.9,19.9,0.0
2024-08-16 04:00:00+00:00,19.9,19.9,19.9,19.9,19.9,0.0
2024-08-19 04:00:00+00:00,19.9,19.9,19.9,19.9,19.9,0.0
2024-08-20 04:00:00+00:00,19.9,19.9,19.9,19.9,19.9,0.0
2024-08-21 04:00:00+00:00,19.9,19.9,19.9,19.9,19.9,0.0
2024-08-22 04:00:00+00:00,19.9,19.9,19.9,19.9,19.9,0.0
2024-08-23 04:00:00+00:00,20.58,20.58,20.58,20.58,20.58,100.0
2024-08-26 04:00:00+00:00,20.52,20.52,20.52,20.52,20.52,100.0
2024-08-27 04:00:00+00:00,20.52,20.52,20.52,20.52,20.52,0.0
2024-08-28 04:00:00+00:00,20.95,20.98,20.93,20.93,20.93,300.0
2024-08-29 04:00:00+00:00,21.05,21.05,21.05,21.05,21.05,210.0
2024-08-30 04:00:00+00:00,21.05,21.05,21.05,21.05,21.05,0.0
2024-09-03 04:00:00+00:00,21.29,21.31,20.95,20.95,20.95,300.0
2024-09-04 04:00:00+00:00,20.95,20.95,20.95,20.95,20.95,0.0
2024-09-05 04:00:00+00:00,20.95,20.95,20.95,20.95,20.95,0.0
2024-09-06 04:00:00+00:00,20.95,20.95,20.95,20.95,20.95,0.0
2024-09-09 04:00:00+00:00,20.95,20.95,20.95,20.95,20.95,0.0
2024-09-10 04:00:00+00:00,20.95,20.95,20.95,20.95,20.95,0.0
2024-09-11 04:00:00+00:00,20.95,20.95,20.95,20.95,20.95,0.0
2024-09-12 04:00:00+00:00,20.95,20.95,20.95,20.95,20.95,0.0
2024-09-13 04:00:00+00:00,20.95,20.95,20.95,20.95,20.95,0.0
2024-09-16 04:00:00+00:00,21.93,21.93,21.93,21.93,21.93,100.0
2024-09-17 04:00:00+00:00,22.24,22.24,22.24,22.24,22.24,100.0
2024-09-18 04:00:00+00:00,22.35,22.41,22.35,22.41,22.41,550.0
2024-09-19 04:00:00+00:00,22.72,22.73,22.68,22.73,22.73,800.0
2024-09-20 04:00:00+00:00,22.73,22.73,22.73,22.73,22.73,0.0
2024-09-23 04:00:00+00:00,22.73,22.73,22.73,22.73,22.73,0.0
2024-09-24 04:00:00+00:00,22.64,22.64,22.64,22.64,22.64,100.0
2024-09-25 04:00:00+00:00,22.64,22.64,22.64,22.64,22.64,0.0
2024-09-26 04:00:00+00:00,22.64,22.64,22.64,22.64,22.64,0.0
2024-09-27 04:00:00+00:00,22.64,22.64,22.64,22.64,22.64,0.0
2024-09-30 04:00:00+00:00,23.05,23.05,23.05,23.05,23.05,0.0
2024-10-01 04:00:00+00:00,23.05,23.05,23.05,23.05,23.05,0.0
2024-10-02 04:00:00+00:00,23.05,23.05,23.05,23.05,23.05,0.0
2024-10-03 04:00:00+00:00,23.05,23.05,23.05,23.05,23.05,0.0
2024-10-04 04:00:00+00:00,23.05,23.05,23.05,23.05,23.05,0.0
2024-10-07 04:00:00+00:00,22.2,22.2,22.17,22.17,22.17,594.0
2024-10-08 04:00:00+00:00,22.17,22.17,22.17,22.17,22.17,0.0
2024-10-09 04:00:00+00:00,22.42,22.42,22.42,22.42,22.42,118.0
2024-10-10 04:00:00+00:00,22.42,22.42,22.42,22.42,22.42,0.0
2024-10-11 04:00:00+00:00,22.42,22.42,22.42,22.42,22.42,0.0
2024-10-14 04:00:00+00:00,22.42,22.42,22.42,22.42,22.42,0.0
2024-10-15 04:00:00+00:00,22.6,22.6,22.59,22.59,22.59,400.0
2024-10-16 04:00:00+00:00,22.52,22.53,22.51,22.53,22.53,1514.0
2024-10-17 04:00:00+00:00,22.53,22.53,22.53,22.53,22.53,0.0
2024-10-18 04:00:00+00:00,22.53,22.53,22.53,22.53,22.53,0.0
2024-10-21 04:00:00+00:00,22.41,22.41,22.29,22.29,22.29,1161.0
2024-10-22 04:00:00+00:00,22.37,22.37,22.22,22.22,22.22,3146.0
2024-10-23 04:00:00+00:00,22.22,22.22,22.17,22.17,22.17,400.0
2024-10-24 04:00:00+00:00,22.17,22.17,22.17,22.17,22.17,0.0
2024-10-25 04:00:00+00:00,22.17,22.17,22.17,22.17,22.17,0.0
2024-10-28 04:00:00+00:00,22.55,22.6,22.55,22.55,22.55,2035.0
2024-10-29 04:00:00+00:00,22.55,22.55,22.55,22.55,22.55,0.0
2024-10-30 04:00:00+00:00,22.55,22.55,22.55,22.55,22.55,0.0
2024-10-31 04:00:00+00:00,22.55,22.55,22.55,22.55,22.55,0.0
2024-11-01 04:00:00+00:00,22.55,22.55,22.55,22.55,22.55,0.0
2024-11-04 05:00:00+00:00,22.55,22.55,22.55,22.55,22.55,0.0
2024-11-05 05:00:00+00:00,22.55,22.55,22.55,22.55,22.55,0.0
2024-11-06 05:00:00+00:00,22.55,22.55,22.55,22.55,22.55,0.0
2024-11-07 05:00:00+00:00,22.55,22.55,22.55,22.55,22.55,0.0
2024-11-08 05:00:00+00:00,22.55,22.55,22.55,22.55,22.55,0.0
2024-11-11 05:00:00+00:00,22.55,22.55,22.55,22.55,22.55,0.0
2024-11-12 05:00:00+00:00,22.55,22.55,22.55,22.55,22.55,0.0
2024-11-13 05:00:00+00:00,22.55,22.55,22.55,22.55,22.55,0.0
2024-11-14 05:00:00+00:00,22.47,22.47,22.46,22.46,22.46,400.0
2024-11-15 05:00:00+00:00,22.65,22.65,22.65,22.65,22.65,100.0
2024-11-18 05:00:00+00:00,22.65,22.65,22.65,22.65,22.65,0.0
2024-11-19 05:00:00+00:00,22.93,22.93,22.93,22.93,22.93,305.0
2024-11-20 05:00:00+00:00,22.59,22.6,22.59,22.6,22.6,200.0
2024-11-21 05:00:00+00:00,22.6,22.6,22.6,22.6,22.6,0.0
2024-11-22 05:00:00+00:00,22.6,22.6,22.6,22.6,22.6,0.0
2024-11-25 05:00:00+00:00,22.6,22.6,22.6,22.6,22.6,0.0
2024-11-26 05:00:00+00:00,22.6,22.6,22.6,22.6,22.6,0.0
2024-11-27 05:00:00+00:00,22.6,22.6,22.6,22.6,22.6,0.0
2024-11-29 05:00:00+00:00,22.88,22.88,22.88,22.88,22.88,117.0
2024-12-02 05:00:00+00:00,22.88,22.88,22.88,22.88,22.88,0.0
2024-12-03 05:00:00+00:00,22.88,22.88,22.88,22.88,22.88,0.0
2024-12-04 05:00:00+00:00,22.88,22.88,22.88,22.88,22.88,0.0
2024-12-05 05:00:00+00:00,22.28,22.28,22.27,22.27,22.27,200.0
2024-12-06 05:00:00+00:00,22.27,22.27,22.27,22.27,22.27,0.0
2024-12-09 05:00:00+00:00,22.27,22.27,22.27,22.27,22.27,0.0
2024-12-10 05:00:00+00:00,22.27,22.27,22.27,22.27,22.27,0.0
2024-12-11 05:00:00+00:00,22.27,22.27,22.27,22.27,22.27,0.0
2024-12-12 05:00:00+00:00,22.27,22.27,22.27,22.27,22.27,0.0
2024-12-13 05:00:00+00:00,22.27,22.27,22.27,22.27,22.27,0.0
2024-12-16 05:00:00+00:00,22.27,22.27,22.27,22.27,22.27,0.0
2024-12-17 05:00:00+00:00,21.33,21.33,21.33,21.33,21.33,100.0
2024-12-18 05:00:00+00:00,21.33,21.33,21.33,21.33,21.33,0.0
2024-12-19 05:00:00+00:00,21.33,21.33,21.33,21.33,21.33,0.0
2024-12-20 05:00:00+00:00,21.33,21.33,21.33,21.33,21.33,0.0
2024-12-23 05:00:00+00:00,21.33,21.33,21.33,21.33,21.33,0.0
2024-12-24 05:00:00+00:00,21.33,21.33,21.33,21.33,21.33,0.0
2024-12-26 05:00:00+00:00,22.08,22.31,22.08,22.23,22.23,429.0
2024-12-27 05:00:00+00:00,22.23,22.23,22.23,22.23,22.23,0.0
2024-12-30 05:00:00+00:00,22.23,22.23,22.23,22.23,22.23,0.0
2024-12-31 05:00:00+00:00,22.63,22.63,22.63,22.63,22.63,0.0
2025-01-02 05:00:00+00:00,22.63,22.63,22.63,22.63,22.63,0.0
2025-01-03 05:00:00+00:00,22.63,22.63,22.63,22.63,22.63,0.0
2025-01-06 05:00:00+00:00,22.63,22.63,22.63,22.63,22.63,0.0
2025-01-07 05:00:00+00:00,22.63,22.63,22.63,22.63,22.63,0.0
2025-01-08 05:00:00+00:00,20.81,20.86,20.81,20.86,20.86,450.0
2025-01-10 05:00:00+00:00,20.86,20.86,20.86,20.86,20.86,0.0
2025-01-13 05:00:00+00:00,20.86,20.86,20.86,20.86,20.86,0.0
2025-01-14 05:00:00+00:00,20.86,20.86,20.86,20.86,20.86,0.0
2025-01-15 05:00:00+00:00,20.86,20.86,20.86,20.86,20.86,0.0
2025-01-16 05:00:00+00:00,20.86,20.86,20.86,20.86,20.86,0.0
2025-01-17 05:00:00+00:00,20.86,20.86,20.86,20.86,20.86,0.0
2025-01-21 05:00:00+00:00,20.86,20.86,20.86,20.86,20.86,0.0
2025-01-22 05:00:00+00:00,20.86,20.86,20.86,20.86,20.86,0.0
2025-01-23 05:00:00+00:00,20.86,20.86,20.86,20.86,20.86,0.0
2025-01-24 05:00:00+00:00,20.86,20.86,20.86,20.86,20.86,0.0
2025-01-27 05:00:00+00:00,20.86,20.86,20.86,20.86,20.86,0.0
2025-01-28 05:00:00+00:00,20.86,20.86,20.86,20.86,20.86,0.0
2025-01-29 05:00:00+00:00,20.86,20.86,20.86,20.86,20.86,0.0
2025-01-30 05:00:00+00:00,20.86,20.86,20.86,20.86,20.86,0.0
2025-01-31 05:00:00+00:00,20.86,20.86,20.86,20.86,20.86,0.0
2025-02-03 05:00:00+00:00,20.86,20.86,20.86,20.86,20.86,0.0
2025-02-04 05:00:00+00:00,20.86,20.86,20.86,20.86,20.86,0.0
2025-02-05 05:00:00+00:00,20.86,20.86,20.86,20.86,20.86,0.0
2025-02-06 05:00:00+00:00,20.86,20.86,20.86,20.86,20.86,0.0
2025-02-07 05:00:00+00:00,20.86,20.86,20.86,20.86,20.86,0.0
2025-02-10 05:00:00+00:00,20.86,20.86,20.86,20.86,20.86,0.0
2025-02-11 05:00:00+00:00,20.86,20.86,20.86,20.86,20.86,0.0
2025-02-12 05:00:00+00:00,20.41,20.41,20.41,20.41,20.41,100.0
2025-02-13 05:00:00+00:00,20.41,20.41,20.41,20.41,20.41,0.0
2025-02-14 05:00:00+00:00,20.41,20.41,20.41,20.41,20.41,0.0
2025-02-18 05:00:00+00:00,20.41,20.41,20.41,20.41,20.41,0.0
2025-02-19 05:00:00+00:00,20.41,20.41,20.41,20.41,20.41,0.0
2025-02-20 05:00:00+00:00,20.41,20.41,20.41,20.41,20.41,0.0
2025-02-21 05:00:00+00:00,20.41,20.41,20.41,20.41,20.41,0.0
2025-02-24 05:00:00+00:00,20.41,20.41,20.41,20.41,20.41,0.0
2025-02-25 05:00:00+00:00,20.41,20.41,20.41,20.41,20.41,0.0
2025-02-26 05:00:00+00:00,20.41,20.41,20.41,20.41,20.41,0.0
2025-02-27 05:00:00+00:00,19.95,20.28,19.95,20.28,20.28,400.0
2025-02-28 05:00:00+00:00,20.27,20.27,20.27,20.27,20.27,561.0
2025-03-03 05:00:00+00:00,20.27,20.27,20.27,20.27,20.27,0.0
2025-03-04 05:00:00+00:00,20.27,20.27,20.27,20.27,20.27,0.0
2025-03-05 05:00:00+00:00,20.27,20.27,20.27,20.27,20.27,0.0
2025-03-06 05:00:00+00:00,21.06,21.06,21.06,21.06,21.06,100.0
2025-03-07 05:00:00+00:00,21.06,21.34,21.06,21.34,21.34,319.0
2025-03-10 04:00:00+00:00,21.34,21.34,21.34,21.34,21.34,0.0
2025-03-11 04:00:00+00:00,21.34,21.34,21.34,21.34,21.34,0.0
2025-03-12 04:00:00+00:00,21.34,21.34,21.34,21.34,21.34,0.0
2025-03-13 04:00:00+00:00,21.34,21.34,21.34,21.34,21.34,0.0
2025-03-14 04:00:00+00:00,20.89,20.89,20.89,20.89,20.89,188.0
2025-03-17 04:00:00+00:00,20.89,20.89,20.89,20.89,20.89,0.0
2025-03-18 04:00:00+00:00,20.89,20.89,20.89,20.89,20.89,0.0
2025-03-19 04:00:00+00:00,20.89,20.89,20.89,20.89,20.89,0.0
2025-03-20 04:00:00+00:00,20.89,20.89,20.89,20.89,20.89,0.0
2025-03-21 04:00:00+00:00,20.89,20.89,20.89,20.89,20.89,0.0
2025-03-24 04:00:00+00:00,20.89,20.89,20.89,20.89,20.89,0.0
2025-03-25 04:00:00+00:00,20.89,20.89,20.89,20.89,20.89,0.0
2025-03-26 04:00:00+00:00,20.52,20.52,20.52,20.52,20.52,100.0
2025-03-27 04:00:00+00:00,20.52,20.52,20.52,20.52,20.52,0.0
2025-03-28 04:00:00+00:00,20.52,20.52,20.52,20.52,20.52,0.0
2025-03-31 04:00:00+00:00,20.22,20.22,20.22,20.22,20.22,103.0
2025-04-01 04:00:00+00:00,20.22,20.22,20.22,20.22,20.22,0.0
2025-04-02 04:00:00+00:00,19.75,19.75,19.75,19.75,19.75,139.0
2025-04-03 04:00:00+00:00,19.75,19.75,19.75,19.75,19.75,0.0
