Date,Open,High,Low,Close,Adj Close,Volume
2020-07-27 04:00:00+00:00,13.33,13.64,13.28,13.64,13.64,4672.0
2020-07-28 04:00:00+00:00,13.69,13.9,13.56,13.81,13.81,7313.0
2020-07-29 04:00:00+00:00,13.94,14.24,13.88,14.24,14.24,22108.0
2020-07-30 04:00:00+00:00,14.01,14.29,14.01,14.24,14.24,4173.0
2020-07-31 04:00:00+00:00,14.19,14.19,13.77,14.16,14.16,6435.0
2020-08-03 04:00:00+00:00,14.4,14.4,13.88,14.19,14.19,104481.0
2020-08-04 04:00:00+00:00,14.12,14.28,14.02,14.12,14.12,23292.0
2020-08-05 04:00:00+00:00,14.28,14.29,14.03,14.21,14.21,42599.0
2020-08-06 04:00:00+00:00,14.31,14.79,14.31,14.62,14.62,16954.0
2020-08-07 04:00:00+00:00,14.84,15.0,14.63,14.75,14.75,21927.0
2020-08-10 04:00:00+00:00,14.89,15.24,14.83,14.91,14.91,24255.0
2020-08-11 04:00:00+00:00,15.27,15.27,14.81,14.94,14.94,26246.0
2020-08-12 04:00:00+00:00,15.11,15.28,14.94,15.28,15.28,26404.0
2020-08-13 04:00:00+00:00,15.16,15.28,14.79,14.79,14.79,26387.0
2020-08-14 04:00:00+00:00,14.89,15.0,14.76,14.79,14.79,12870.0
2020-08-17 04:00:00+00:00,14.73,14.9,14.66,14.83,14.83,7486.0
2020-08-18 04:00:00+00:00,14.73,14.79,14.55,14.76,14.76,12158.0
2020-08-19 04:00:00+00:00,14.77,14.77,14.28,14.3,14.3,16268.0
2020-08-20 04:00:00+00:00,14.45,14.8,14.44,14.75,14.75,9081.0
2020-08-21 04:00:00+00:00,14.73,14.96,14.69,14.96,14.96,10301.0
2020-08-24 04:00:00+00:00,14.86,15.08,14.76,15.07,15.07,11032.0
2020-08-25 04:00:00+00:00,15.12,15.12,14.84,15.03,15.03,5284.0
2020-08-26 04:00:00+00:00,14.93,15.07,14.7,14.83,14.83,17815.0
2020-08-27 04:00:00+00:00,15.13,15.28,15.07,15.22,15.22,6278.0
2020-08-28 04:00:00+00:00,15.11,15.31,15.06,15.3,15.3,8285.0
2020-08-31 04:00:00+00:00,15.18,15.3,14.98,15.24,15.24,13485.0
2020-09-01 04:00:00+00:00,14.99,15.11,14.97,15.11,15.11,14643.0
2020-09-02 04:00:00+00:00,15.16,15.81,15.16,15.8,15.8,9933.0
2020-09-03 04:00:00+00:00,15.84,16.1,15.58,15.76,15.76,9388.0
2020-09-04 04:00:00+00:00,15.79,15.82,15.21,15.3,15.3,30683.0
2020-09-08 04:00:00+00:00,15.18,15.31,15.01,15.01,15.01,35354.0
2020-09-09 04:00:00+00:00,15.12,15.21,14.68,15.15,15.15,202255.0
2020-09-10 04:00:00+00:00,15.08,15.21,14.98,15.05,15.05,13254.0
2020-09-11 04:00:00+00:00,14.92,14.92,14.59,14.7,14.7,14421.0
2020-09-14 04:00:00+00:00,14.8,15.09,14.8,15.06,15.06,27585.0
2020-09-15 04:00:00+00:00,15.16,15.26,15.12,15.14,15.14,10027.0
2020-09-16 04:00:00+00:00,15.2,15.32,14.93,14.94,14.94,21637.0
2020-09-17 04:00:00+00:00,14.7,14.8,14.57,14.75,14.75,10017.0
2020-09-18 04:00:00+00:00,14.68,14.78,14.5,14.64,14.64,31452.0
2020-09-21 04:00:00+00:00,14.42,14.66,14.26,14.55,14.55,12573.0
2020-09-22 04:00:00+00:00,14.65,14.86,14.55,14.57,14.57,7436.0
2020-09-23 04:00:00+00:00,14.36,14.37,13.72,13.73,13.73,20937.0
2020-09-24 04:00:00+00:00,13.65,13.78,13.36,13.36,13.36,48921.0
2020-09-25 04:00:00+00:00,13.41,13.61,13.12,13.59,13.59,77068.0
2020-09-28 04:00:00+00:00,13.88,14.51,13.81,14.37,14.37,79174.0
2020-09-29 04:00:00+00:00,14.19,14.21,13.83,14.08,14.08,36084.0
2020-09-30 04:00:00+00:00,14.29,14.51,14.07,14.2,14.2,16700.0
2020-10-01 04:00:00+00:00,14.31,14.51,14.14,14.51,14.51,16636.0
2020-10-02 04:00:00+00:00,14.31,15.18,14.29,15.14,15.14,35930.0
2020-10-05 04:00:00+00:00,15.25,15.25,14.82,14.94,14.94,14472.0
2020-10-06 04:00:00+00:00,14.96,15.28,14.84,14.92,14.92,29100.0
2020-10-07 04:00:00+00:00,15.02,15.04,14.79,14.87,14.87,9473.0
2020-10-08 04:00:00+00:00,14.86,15.05,14.82,14.94,14.94,22993.0
2020-10-09 04:00:00+00:00,15.05,15.05,14.75,14.82,14.82,17010.0
2020-10-12 04:00:00+00:00,14.74,14.96,14.73,14.91,14.91,13026.0
2020-10-13 04:00:00+00:00,14.91,14.91,14.43,14.63,14.63,12053.0
2020-10-14 04:00:00+00:00,14.66,14.66,14.46,14.47,14.47,5969.0
2020-10-15 04:00:00+00:00,14.38,14.85,14.35,14.7,14.7,14147.0
2020-10-16 04:00:00+00:00,14.49,14.51,14.28,14.34,14.34,27412.0
2020-10-19 04:00:00+00:00,14.24,14.34,13.91,13.92,13.92,12938.0
2020-10-20 04:00:00+00:00,14.05,14.19,14.01,14.09,14.09,10189.0
2020-10-21 04:00:00+00:00,13.98,14.09,13.96,14.05,14.05,9214.0
2020-10-22 04:00:00+00:00,14.1,14.34,14.02,14.34,14.34,11018.0
2020-10-23 04:00:00+00:00,14.58,14.58,14.21,14.35,14.35,10561.0
2020-10-26 04:00:00+00:00,14.31,14.31,14.06,14.23,14.23,10639.0
2020-10-27 04:00:00+00:00,14.31,14.38,13.94,13.95,13.95,12322.0
2020-10-28 04:00:00+00:00,13.69,13.81,13.39,13.46,13.46,14958.0
2020-10-29 04:00:00+00:00,13.42,13.79,13.28,13.77,13.77,16965.0
2020-10-30 04:00:00+00:00,13.68,13.8,13.48,13.63,13.63,39953.0
2020-11-02 05:00:00+00:00,13.7,14.02,13.64,13.96,13.96,17997.0
2020-11-03 05:00:00+00:00,14.02,14.28,13.93,14.19,14.19,27074.0
2020-11-04 05:00:00+00:00,14.0,14.24,14.0,14.07,14.07,14954.0
2020-11-05 05:00:00+00:00,14.18,14.23,13.83,14.02,14.02,14701.0
2020-11-06 05:00:00+00:00,14.53,14.74,13.93,14.16,14.16,34226.0
2020-11-09 05:00:00+00:00,15.15,16.26,14.95,15.07,15.07,177283.0
2020-11-10 05:00:00+00:00,15.21,15.42,15.12,15.33,15.33,74506.0
2020-11-11 05:00:00+00:00,15.41,15.53,15.26,15.52,15.52,16900.0
2020-11-12 05:00:00+00:00,15.19,15.37,15.05,15.29,15.29,17812.0
2020-11-13 05:00:00+00:00,15.37,15.82,15.37,15.78,15.78,30044.0
2020-11-16 05:00:00+00:00,16.31,16.42,15.61,15.7,15.7,26526.0
2020-11-17 05:00:00+00:00,15.51,15.51,15.15,15.41,15.41,41319.0
2020-11-18 05:00:00+00:00,15.48,15.49,15.05,15.06,15.06,33402.0
2020-11-19 05:00:00+00:00,14.94,15.41,14.92,15.34,15.34,16918.0
2020-11-20 05:00:00+00:00,15.37,15.44,15.16,15.36,15.36,19169.0
2020-11-23 05:00:00+00:00,15.51,15.69,15.41,15.5,15.5,55382.0
2020-11-24 05:00:00+00:00,15.79,16.21,15.79,15.99,15.99,24820.0
2020-11-25 05:00:00+00:00,16.01,16.11,15.81,15.95,15.95,18490.0
2020-11-27 05:00:00+00:00,15.88,15.88,15.53,15.69,15.69,11453.0
2020-11-30 05:00:00+00:00,15.79,15.93,15.45,15.48,15.48,26888.0
2020-12-01 05:00:00+00:00,15.82,16.35,15.74,16.16,16.16,130918.0
2020-12-02 05:00:00+00:00,16.18,16.38,15.9,16.2,16.2,45690.0
2020-12-03 05:00:00+00:00,16.24,16.75,16.24,16.6,16.6,111203.0
2020-12-04 05:00:00+00:00,16.79,16.79,16.23,16.36,16.36,24765.0
2020-12-07 05:00:00+00:00,16.55,16.67,16.42,16.58,16.58,57170.0
2020-12-08 05:00:00+00:00,16.8,16.8,16.43,16.64,16.64,44174.0
2020-12-09 05:00:00+00:00,16.65,16.89,16.52,16.87,16.87,36429.0
2020-12-10 05:00:00+00:00,16.67,16.86,16.63,16.83,16.83,49785.0
2020-12-11 05:00:00+00:00,17.13,17.78,16.98,17.61,17.61,79438.0
2020-12-14 05:00:00+00:00,18.09,18.09,17.59,17.66,17.66,63185.0
2020-12-15 05:00:00+00:00,17.7,18.3,17.7,18.28,18.28,34809.0
2020-12-16 05:00:00+00:00,18.59,18.75,18.39,18.44,18.44,30457.0
2020-12-17 05:00:00+00:00,18.37,18.78,18.3,18.72,18.72,68027.0
2020-12-18 05:00:00+00:00,18.95,19.0,18.31,18.43,18.43,58737.0
2020-12-21 05:00:00+00:00,18.18,18.36,18.11,18.25,18.25,23412.0
2020-12-22 05:00:00+00:00,18.15,18.28,18.11,18.25,18.25,71909.0
2020-12-23 05:00:00+00:00,18.36,18.51,17.84,17.89,17.89,14209.0
2020-12-24 05:00:00+00:00,17.89,17.93,17.78,17.82,17.82,16267.0
2020-12-28 05:00:00+00:00,17.89,18.07,17.8,18.01,18.01,27589.0
2020-12-29 05:00:00+00:00,18.1,18.1,17.71,17.89,17.89,19514.0
2020-12-30 05:00:00+00:00,17.99,17.99,17.79,17.86,17.86,22025.0
2020-12-31 05:00:00+00:00,17.65,17.94,17.63,17.89,17.89,15472.0
2021-01-04 05:00:00+00:00,17.81,17.83,17.25,17.28,17.28,46178.0
2021-01-05 05:00:00+00:00,17.33,17.94,17.33,17.8,17.8,27720.0
2021-01-06 05:00:00+00:00,17.86,18.51,17.86,18.34,18.34,36312.0
2021-01-07 05:00:00+00:00,18.36,18.36,17.48,17.66,17.66,29973.0
2021-01-08 05:00:00+00:00,17.96,18.1,17.86,18.06,18.06,14920.0
2021-01-11 05:00:00+00:00,18.07,18.25,17.81,17.97,17.97,33713.0
2021-01-12 05:00:00+00:00,17.89,18.37,17.89,18.35,18.35,15818.0
2021-01-13 05:00:00+00:00,18.36,18.66,18.22,18.54,18.54,10468.0
2021-01-14 05:00:00+00:00,18.74,18.74,18.12,18.18,18.18,37640.0
2021-01-15 05:00:00+00:00,18.04,18.18,17.97,18.05,18.05,28096.0
2021-01-19 05:00:00+00:00,18.19,18.19,17.85,18.05,18.05,16437.0
2021-01-20 05:00:00+00:00,17.98,18.35,17.98,18.3,18.3,8205.0
2021-01-21 05:00:00+00:00,18.23,18.35,17.99,18.31,18.31,9595.0
2021-01-22 05:00:00+00:00,18.25,18.56,18.02,18.56,18.56,18850.0
2021-01-25 05:00:00+00:00,18.43,18.68,18.3,18.6,18.6,23892.0
2021-01-26 05:00:00+00:00,18.76,18.89,18.61,18.7,18.7,22015.0
2021-01-27 05:00:00+00:00,18.4,18.46,17.61,18.13,18.13,44993.0
2021-01-28 05:00:00+00:00,18.08,18.43,18.0,18.38,18.38,30597.0
2021-01-29 05:00:00+00:00,18.0,18.28,17.91,18.1,18.1,18930.0
2021-02-01 05:00:00+00:00,18.37,18.78,18.06,18.76,18.76,19481.0
2021-02-02 05:00:00+00:00,18.77,18.92,18.69,18.84,18.84,22763.0
2021-02-03 05:00:00+00:00,18.73,18.76,18.24,18.6,18.6,13413.0
2021-02-04 05:00:00+00:00,18.7,19.25,18.7,18.98,18.98,15720.0
2021-02-05 05:00:00+00:00,19.1,19.1,18.71,18.93,18.93,10330.0
2021-02-08 05:00:00+00:00,18.76,18.87,18.62,18.66,18.66,37648.0
2021-02-09 05:00:00+00:00,18.73,18.8,18.41,18.71,18.71,20854.0
2021-02-10 05:00:00+00:00,18.84,18.89,18.55,18.6,18.6,38330.0
2021-02-11 05:00:00+00:00,18.81,19.13,18.39,18.73,18.73,40834.0
2021-02-12 05:00:00+00:00,18.62,18.67,18.4,18.6,18.6,11520.0
2021-02-16 05:00:00+00:00,18.65,18.65,17.93,18.0,18.0,43129.0
2021-02-17 05:00:00+00:00,17.9,18.28,17.9,18.27,18.27,30777.0
2021-02-18 05:00:00+00:00,18.23,18.3,17.97,18.06,18.06,8339.0
2021-02-19 05:00:00+00:00,18.06,18.06,17.75,17.83,17.83,37706.0
2021-02-22 05:00:00+00:00,17.71,18.2,17.71,18.07,18.07,52959.0
2021-02-23 05:00:00+00:00,18.2,18.54,18.05,18.22,18.22,32744.0
2021-02-24 05:00:00+00:00,18.25,18.58,18.21,18.49,18.49,27086.0
2021-02-25 05:00:00+00:00,18.47,18.59,17.72,17.82,17.82,8652.0
2021-02-26 05:00:00+00:00,17.85,18.3,17.81,17.9,17.9,62578.0
2021-03-01 05:00:00+00:00,18.35,18.54,18.18,18.4,18.4,39695.0
2021-03-02 05:00:00+00:00,18.31,18.31,17.86,18.04,18.04,10771.0
2021-03-03 05:00:00+00:00,18.12,18.43,18.01,18.13,18.13,12048.0
2021-03-04 05:00:00+00:00,18.2,18.44,18.06,18.31,18.31,23022.0
2021-03-05 05:00:00+00:00,18.33,18.39,17.98,18.38,18.38,13255.0
2021-03-08 05:00:00+00:00,18.45,18.78,18.37,18.49,18.49,20140.0
2021-03-09 05:00:00+00:00,18.72,18.98,18.57,18.67,18.67,25885.0
2021-03-10 05:00:00+00:00,18.58,18.87,18.51,18.64,18.64,34295.0
2021-03-11 05:00:00+00:00,18.73,18.78,18.6,18.63,18.63,26738.0
2021-03-12 05:00:00+00:00,18.74,19.29,18.68,19.28,19.28,34738.0
2021-03-15 04:00:00+00:00,19.43,20.06,19.39,19.98,19.98,51485.0
2021-03-16 04:00:00+00:00,19.81,19.81,19.2,19.39,19.39,33887.0
2021-03-17 04:00:00+00:00,19.32,19.73,19.31,19.7,19.7,23641.0
2021-03-18 04:00:00+00:00,19.66,19.73,19.27,19.39,19.39,42728.0
2021-03-19 04:00:00+00:00,19.21,19.43,19.12,19.25,19.25,21798.0
2021-03-22 04:00:00+00:00,19.14,19.25,18.67,18.88,18.88,20814.0
2021-03-23 04:00:00+00:00,18.96,19.18,18.85,19.03,19.03,25002.0
2021-03-24 04:00:00+00:00,19.27,19.43,18.81,18.83,18.83,18046.0
2021-03-25 04:00:00+00:00,18.79,19.08,18.5,18.86,18.86,17107.0
2021-03-26 04:00:00+00:00,19.02,19.19,18.87,19.18,19.18,33266.0
2021-03-29 04:00:00+00:00,19.2,19.2,18.83,19.05,19.05,9432.0
2021-03-30 04:00:00+00:00,19.09,19.16,18.97,19.0,19.0,45058.0
2021-03-31 04:00:00+00:00,19.0,19.22,18.8,19.0,19.0,17855.0
2021-04-01 04:00:00+00:00,18.91,19.8,18.6,19.8,19.8,24269.0
2021-04-05 04:00:00+00:00,19.98,20.0,19.57,19.82,19.82,23751.0
2021-04-06 04:00:00+00:00,19.88,19.93,19.67,19.87,19.87,20785.0
2021-04-07 04:00:00+00:00,19.89,19.89,19.66,19.74,19.74,13694.0
2021-04-08 04:00:00+00:00,19.7,19.85,19.6,19.79,19.79,34779.0
2021-04-09 04:00:00+00:00,19.79,19.85,19.61,19.63,19.63,17786.0
2021-04-12 04:00:00+00:00,19.67,19.67,19.42,19.53,19.53,17162.0
2021-04-13 04:00:00+00:00,19.48,19.58,19.44,19.51,19.51,8945.0
2021-04-14 04:00:00+00:00,19.48,19.69,19.35,19.4,19.4,22615.0
2021-04-15 04:00:00+00:00,19.46,19.55,19.34,19.55,19.55,8461.0
2021-04-16 04:00:00+00:00,19.65,19.65,19.46,19.48,19.48,6887.0
2021-04-19 04:00:00+00:00,19.34,19.46,19.27,19.42,19.42,17950.0
2021-04-20 04:00:00+00:00,19.43,19.61,19.42,19.57,19.57,12174.0
2021-04-21 04:00:00+00:00,19.59,19.88,19.51,19.81,19.81,27416.0
2021-04-22 04:00:00+00:00,19.82,19.92,19.62,19.66,19.66,10719.0
2021-04-23 04:00:00+00:00,19.74,20.06,19.64,19.89,19.89,17664.0
2021-04-26 04:00:00+00:00,19.9,20.21,19.9,20.06,20.06,15850.0
2021-04-27 04:00:00+00:00,19.99,20.04,19.76,19.85,19.85,21967.0
2021-04-28 04:00:00+00:00,19.81,20.12,19.78,19.93,19.93,20641.0
2021-04-29 04:00:00+00:00,20.07,20.08,19.57,19.67,19.67,28777.0
2021-04-30 04:00:00+00:00,19.62,19.96,19.57,19.72,19.72,19803.0
2021-05-03 04:00:00+00:00,19.83,19.83,19.55,19.57,19.57,30379.0
2021-05-04 04:00:00+00:00,19.58,19.69,18.82,18.95,18.95,23087.0
2021-05-05 04:00:00+00:00,18.82,18.82,18.24,18.32,18.32,22165.0
2021-05-06 04:00:00+00:00,18.44,18.6,18.22,18.58,18.58,21900.0
2021-05-07 04:00:00+00:00,18.65,18.92,18.56,18.84,18.84,35359.0
2021-05-10 04:00:00+00:00,19.09,19.37,18.86,18.86,18.86,18424.0
2021-05-11 04:00:00+00:00,18.64,18.69,18.43,18.64,18.64,20227.0
2021-05-12 04:00:00+00:00,18.56,18.57,18.12,18.16,18.16,29121.0
2021-05-13 04:00:00+00:00,18.2,18.58,18.2,18.45,18.45,27794.0
2021-05-14 04:00:00+00:00,18.55,18.59,18.4,18.49,18.49,17489.0
2021-05-17 04:00:00+00:00,18.45,18.56,18.45,18.5,18.5,19476.0
2021-05-18 04:00:00+00:00,18.52,18.57,18.36,18.37,18.37,24811.0
2021-05-19 04:00:00+00:00,18.15,18.71,18.15,18.7,18.7,51224.0
2021-05-20 04:00:00+00:00,18.58,18.96,18.58,18.86,18.86,32581.0
2021-05-21 04:00:00+00:00,19.02,19.16,18.7,18.74,18.74,43879.0
2021-05-24 04:00:00+00:00,18.79,19.01,18.78,18.89,18.89,33565.0
2021-05-25 04:00:00+00:00,18.91,19.12,18.8,18.8,18.8,18401.0
2021-05-26 04:00:00+00:00,18.68,18.88,18.64,18.84,18.84,10337.0
2021-05-27 04:00:00+00:00,18.96,19.04,18.77,18.79,18.79,23096.0
2021-05-28 04:00:00+00:00,18.8,19.01,18.8,18.98,18.98,32706.0
2021-06-01 04:00:00+00:00,19.09,19.59,19.09,19.53,19.53,19270.0
2021-06-02 04:00:00+00:00,19.45,19.48,19.18,19.38,19.38,10930.0
2021-06-03 04:00:00+00:00,19.11,19.13,18.79,18.82,18.82,12067.0
2021-06-04 04:00:00+00:00,18.97,18.97,18.78,18.93,18.93,13506.0
2021-06-07 04:00:00+00:00,19.2,19.34,19.08,19.12,19.12,14879.0
2021-06-08 04:00:00+00:00,19.29,19.31,19.1,19.1,19.1,10146.0
2021-06-09 04:00:00+00:00,19.3,19.44,19.3,19.34,19.34,8732.0
2021-06-10 04:00:00+00:00,19.35,19.61,19.35,19.52,19.52,10600.0
2021-06-11 04:00:00+00:00,19.54,19.7,19.28,19.35,19.35,41790.0
2021-06-14 04:00:00+00:00,19.5,19.57,19.38,19.56,19.56,68037.0
2021-06-15 04:00:00+00:00,19.37,19.39,19.27,19.28,19.28,5786.0
2021-06-16 04:00:00+00:00,19.33,19.53,19.28,19.39,19.39,28002.0
2021-06-17 04:00:00+00:00,19.27,19.27,18.97,19.23,19.23,19092.0
2021-06-18 04:00:00+00:00,19.09,19.16,18.65,18.69,18.69,26385.0
2021-06-21 04:00:00+00:00,18.82,18.99,18.67,18.93,18.93,20875.0
2021-06-22 04:00:00+00:00,18.97,19.0,18.84,18.95,18.95,8469.0
2021-06-23 04:00:00+00:00,18.86,19.06,18.86,18.93,18.93,13454.0
2021-06-24 04:00:00+00:00,18.98,19.31,18.84,19.31,19.31,18599.0
2021-06-25 04:00:00+00:00,19.3,19.55,19.22,19.51,19.51,20633.0
2021-06-28 04:00:00+00:00,19.47,19.47,18.93,19.06,19.06,30373.0
2021-06-29 04:00:00+00:00,19.03,19.28,19.01,19.17,19.17,12952.0
2021-06-30 04:00:00+00:00,19.23,19.24,19.13,19.19,19.19,13003.0
2021-07-01 04:00:00+00:00,19.11,19.61,19.1,19.52,19.52,50599.0
2021-07-02 04:00:00+00:00,19.61,19.67,19.47,19.5,19.5,11845.0
2021-07-06 04:00:00+00:00,19.46,19.81,19.23,19.79,19.79,34217.0
2021-07-07 04:00:00+00:00,19.62,19.71,19.36,19.51,19.51,9091.0
2021-07-08 04:00:00+00:00,19.22,19.43,19.11,19.19,19.19,13808.0
2021-07-09 04:00:00+00:00,19.37,19.58,19.3,19.58,19.58,12757.0
2021-07-12 04:00:00+00:00,19.59,19.87,19.59,19.84,19.84,8833.0
2021-07-13 04:00:00+00:00,19.73,19.73,19.42,19.5,19.5,8310.0
2021-07-14 04:00:00+00:00,19.52,19.62,19.34,19.47,19.47,36709.0
2021-07-15 04:00:00+00:00,19.39,19.46,19.2,19.43,19.43,19431.0
2021-07-16 04:00:00+00:00,19.56,19.75,19.52,19.64,19.64,6057.0
2021-07-19 04:00:00+00:00,19.46,19.46,19.06,19.29,19.29,11043.0
2021-07-20 04:00:00+00:00,19.31,20.05,19.31,19.89,19.89,10500.0
2021-07-21 04:00:00+00:00,20.03,20.24,20.02,20.14,20.14,27932.0
2021-07-22 04:00:00+00:00,19.86,19.93,19.74,19.87,19.87,12852.0
2021-07-23 04:00:00+00:00,20.01,20.06,19.85,20.06,20.06,11313.0
2021-07-26 04:00:00+00:00,20.13,20.13,19.79,19.88,19.88,29055.0
2021-07-27 04:00:00+00:00,19.84,20.05,19.76,20.02,20.02,5252.0
2021-07-28 04:00:00+00:00,20.03,20.05,19.77,19.86,19.86,12818.0
2021-07-29 04:00:00+00:00,19.94,20.03,19.87,19.87,19.87,4321.0
2021-07-30 04:00:00+00:00,20.15,20.21,19.9,19.9,19.9,4728.0
2021-08-02 04:00:00+00:00,20.05,20.17,19.64,19.67,19.67,19831.0
2021-08-03 04:00:00+00:00,19.81,19.87,19.59,19.59,19.59,24655.0
2021-08-04 04:00:00+00:00,19.36,19.36,18.75,18.78,18.78,28595.0
2021-08-05 04:00:00+00:00,19.0,19.33,18.85,19.31,19.31,10671.0
2021-08-06 04:00:00+00:00,19.55,19.57,19.1,19.29,19.29,22090.0
2021-08-09 04:00:00+00:00,19.12,19.13,18.97,19.03,19.03,17533.0
2021-08-10 04:00:00+00:00,18.96,18.96,18.58,18.58,18.58,6798.0
2021-08-11 04:00:00+00:00,18.18,18.43,18.09,18.34,18.34,71809.0
2021-08-12 04:00:00+00:00,18.29,18.29,17.87,18.05,18.05,68695.0
2021-08-13 04:00:00+00:00,18.07,18.42,17.9,18.38,18.38,27675.0
2021-08-16 04:00:00+00:00,18.32,18.47,18.07,18.1,18.1,9510.0
2021-08-17 04:00:00+00:00,17.95,18.26,17.84,18.25,18.25,23747.0
2021-08-18 04:00:00+00:00,18.08,18.28,17.83,17.85,17.85,47453.0
2021-08-19 04:00:00+00:00,17.74,17.92,17.47,17.65,17.65,12006.0
2021-08-20 04:00:00+00:00,17.32,17.75,17.2,17.68,17.68,7776.0
2021-08-23 04:00:00+00:00,17.84,17.84,17.63,17.83,17.83,14281.0
2021-08-24 04:00:00+00:00,17.85,18.09,17.7,18.06,18.06,11595.0
2021-08-25 04:00:00+00:00,18.01,18.17,17.94,17.96,17.96,26200.0
2021-08-26 04:00:00+00:00,17.92,17.94,17.64,17.66,17.66,7742.0
2021-08-27 04:00:00+00:00,17.74,17.99,17.72,17.9,17.9,13416.0
2021-08-30 04:00:00+00:00,17.97,18.02,17.75,18.02,18.02,11484.0
2021-08-31 04:00:00+00:00,18.02,18.16,17.97,18.14,18.14,20314.0
2021-09-01 04:00:00+00:00,18.31,18.51,18.26,18.44,18.44,22462.0
2021-09-02 04:00:00+00:00,18.42,18.61,18.4,18.56,18.56,7926.0
2021-09-03 04:00:00+00:00,18.4,18.43,18.24,18.4,18.4,10702.0
2021-09-07 04:00:00+00:00,18.27,18.27,18.06,18.21,18.21,27819.0
2021-09-08 04:00:00+00:00,18.14,18.42,18.12,18.4,18.4,13517.0
2021-09-09 04:00:00+00:00,18.11,18.4,18.11,18.18,18.18,24856.0
2021-09-10 04:00:00+00:00,18.04,18.04,17.83,17.92,17.92,12087.0
2021-09-13 04:00:00+00:00,17.99,18.1,17.88,18.04,18.04,55788.0
2021-09-14 04:00:00+00:00,18.11,18.11,17.88,17.99,17.99,103674.0
2021-09-15 04:00:00+00:00,17.98,18.08,17.66,17.79,17.79,56861.0
2021-09-16 04:00:00+00:00,17.84,18.18,17.75,17.93,17.93,19893.0
2021-09-17 04:00:00+00:00,18.04,18.2,17.84,18.18,18.18,48151.0
2021-09-20 04:00:00+00:00,17.96,18.07,17.56,17.76,17.76,26766.0
2021-09-21 04:00:00+00:00,17.75,18.02,17.7,17.74,17.74,14437.0
2021-09-22 04:00:00+00:00,17.76,17.83,17.58,17.62,17.62,26927.0
2021-09-23 04:00:00+00:00,17.67,17.83,17.64,17.69,17.69,32840.0
2021-09-24 04:00:00+00:00,17.65,17.81,17.43,17.43,17.43,25630.0
2021-09-27 04:00:00+00:00,17.47,17.85,17.09,17.13,17.13,41790.0
2021-09-28 04:00:00+00:00,17.0,17.11,16.88,17.01,17.01,15062.0
2021-09-29 04:00:00+00:00,17.09,17.29,17.04,17.26,17.26,52340.0
2021-09-30 04:00:00+00:00,17.24,17.32,16.98,16.98,16.98,36644.0
2021-10-01 04:00:00+00:00,17.03,17.45,16.99,17.21,17.21,12810.0
2021-10-04 04:00:00+00:00,17.22,17.27,17.08,17.11,17.11,12226.0
2021-10-05 04:00:00+00:00,16.91,16.98,16.66,16.66,16.66,19470.0
2021-10-06 04:00:00+00:00,16.51,16.87,16.38,16.87,16.87,24955.0
2021-10-07 04:00:00+00:00,17.1,17.16,16.84,16.94,16.94,16929.0
2021-10-08 04:00:00+00:00,16.96,17.23,16.96,17.06,17.06,32040.0
2021-10-11 04:00:00+00:00,17.14,17.24,16.93,16.94,16.94,22477.0
2021-10-12 04:00:00+00:00,17.04,17.37,17.04,17.16,17.16,31060.0
2021-10-13 04:00:00+00:00,17.21,17.32,17.06,17.32,17.32,23895.0
2021-10-14 04:00:00+00:00,17.42,17.6,17.42,17.59,17.59,14520.0
2021-10-15 04:00:00+00:00,17.78,17.89,17.7,17.8,17.8,30415.0
2021-10-18 04:00:00+00:00,17.7,17.91,17.7,17.79,17.79,7989.0
2021-10-19 04:00:00+00:00,17.84,17.91,17.74,17.79,17.79,7230.0
2021-10-20 04:00:00+00:00,17.81,18.01,17.77,17.95,17.95,42299.0
2021-10-21 04:00:00+00:00,17.88,18.01,17.77,17.92,17.92,12077.0
2021-10-22 04:00:00+00:00,17.89,18.07,17.77,17.8,17.8,12592.0
2021-10-25 04:00:00+00:00,17.76,17.84,17.55,17.6,17.6,30432.0
2021-10-26 04:00:00+00:00,17.62,17.82,17.62,17.67,17.67,12609.0
2021-10-27 04:00:00+00:00,17.63,17.67,17.58,17.61,17.61,7655.0
2021-10-28 04:00:00+00:00,17.85,17.96,17.75,17.96,17.96,11569.0
2021-10-29 04:00:00+00:00,17.79,17.86,17.26,17.35,17.35,18272.0
2021-11-01 04:00:00+00:00,17.47,17.8,17.47,17.62,17.62,24536.0
2021-11-02 04:00:00+00:00,17.56,17.56,17.14,17.2,17.2,24638.0
2021-11-03 04:00:00+00:00,17.34,17.51,17.23,17.32,17.32,37621.0
2021-11-04 04:00:00+00:00,17.4,17.44,16.76,16.85,16.85,16336.0
2021-11-05 04:00:00+00:00,17.26,17.8,17.23,17.62,17.62,57760.0
2021-11-08 05:00:00+00:00,17.68,17.68,17.2,17.33,17.33,71939.0
2021-11-09 05:00:00+00:00,17.28,17.73,17.23,17.67,17.67,104753.0
2021-11-10 05:00:00+00:00,17.78,18.03,17.7,17.8,17.8,57651.0
2021-11-11 05:00:00+00:00,17.78,17.81,17.5,17.55,17.55,23402.0
2021-11-12 05:00:00+00:00,17.6,17.6,17.26,17.35,17.35,50386.0
2021-11-15 05:00:00+00:00,17.34,17.43,17.17,17.41,17.41,20503.0
2021-11-16 05:00:00+00:00,17.44,17.44,17.17,17.36,17.36,23469.0
2021-11-17 05:00:00+00:00,17.15,17.49,16.79,17.44,17.44,45426.0
2021-11-18 05:00:00+00:00,17.25,17.4,17.14,17.3,17.3,70342.0
2021-11-19 05:00:00+00:00,17.34,17.39,17.09,17.29,17.29,51612.0
2021-11-22 05:00:00+00:00,17.11,17.55,17.11,17.42,17.42,23132.0
2021-11-23 05:00:00+00:00,17.44,17.57,17.21,17.24,17.24,27395.0
2021-11-24 05:00:00+00:00,17.28,17.41,17.24,17.3,17.3,20523.0
2021-11-26 05:00:00+00:00,16.94,16.94,16.28,16.53,16.53,9878.0
2021-11-29 05:00:00+00:00,16.7,16.94,16.46,16.87,16.87,71827.0
2021-11-30 05:00:00+00:00,16.57,17.05,16.56,16.91,16.91,96609.0
2021-12-01 05:00:00+00:00,17.08,17.52,16.72,16.73,16.73,49750.0
2021-12-02 05:00:00+00:00,16.76,17.55,16.76,17.34,17.34,45550.0
2021-12-03 05:00:00+00:00,17.17,17.58,17.17,17.34,17.34,41811.0
2021-12-06 05:00:00+00:00,17.55,18.87,17.49,18.59,18.59,148612.0
2021-12-07 05:00:00+00:00,18.22,18.97,17.99,18.52,18.52,90386.0
2021-12-08 05:00:00+00:00,18.37,18.96,18.37,18.92,18.92,48534.0
2021-12-09 05:00:00+00:00,18.77,18.91,18.55,18.78,18.78,30607.0
2021-12-10 05:00:00+00:00,18.44,18.44,17.43,17.65,17.65,131407.0
2021-12-13 05:00:00+00:00,17.48,18.14,17.47,18.13,18.13,37684.0
2021-12-14 05:00:00+00:00,18.27,18.27,17.68,17.82,17.82,47519.0
2021-12-15 05:00:00+00:00,17.9,17.93,17.65,17.76,17.76,32753.0
2021-12-16 05:00:00+00:00,17.85,18.23,17.69,18.0,18.0,93500.0
2021-12-17 05:00:00+00:00,17.95,18.59,17.95,18.51,18.51,49805.0
2021-12-20 05:00:00+00:00,18.23,18.23,17.65,18.15,18.15,64637.0
2021-12-21 05:00:00+00:00,18.41,18.81,18.41,18.47,18.47,67759.0
2021-12-22 05:00:00+00:00,18.49,18.84,18.38,18.83,18.83,40541.0
2021-12-23 05:00:00+00:00,18.83,18.93,18.7,18.74,18.74,14352.0
2021-12-27 05:00:00+00:00,18.56,18.86,18.56,18.85,18.85,11467.0
2021-12-28 05:00:00+00:00,18.96,18.99,18.85,18.9,18.9,14090.0
2021-12-29 05:00:00+00:00,18.85,19.16,18.79,19.11,19.11,29708.0
2021-12-30 05:00:00+00:00,19.19,19.52,19.19,19.25,19.25,44363.0
2021-12-31 05:00:00+00:00,19.33,19.49,19.12,19.29,19.29,19066.0
2022-01-03 05:00:00+00:00,19.21,19.55,19.19,19.54,19.54,15420.0
2022-01-04 05:00:00+00:00,19.63,19.9,19.46,19.52,19.52,47708.0
2022-01-05 05:00:00+00:00,19.57,19.6,19.08,19.08,19.08,40365.0
2022-01-06 05:00:00+00:00,19.19,19.58,19.17,19.51,19.51,21961.0
2022-01-07 05:00:00+00:00,19.44,19.63,19.44,19.51,19.51,14497.0
2022-01-10 05:00:00+00:00,19.3,19.57,19.28,19.56,19.56,11586.0
2022-01-11 05:00:00+00:00,19.57,19.63,19.28,19.59,19.59,37051.0
2022-01-12 05:00:00+00:00,19.49,19.51,18.93,18.93,18.93,67860.0
2022-01-13 05:00:00+00:00,19.08,19.35,19.02,19.18,19.18,48604.0
2022-01-14 05:00:00+00:00,19.3,19.3,18.91,19.19,19.19,38599.0
2022-01-18 05:00:00+00:00,19.05,19.11,18.77,18.87,18.87,36378.0
2022-01-19 05:00:00+00:00,18.96,19.08,18.71,18.73,18.73,28185.0
2022-01-20 05:00:00+00:00,18.81,18.81,18.17,18.19,18.19,52063.0
2022-01-21 05:00:00+00:00,18.05,18.21,17.94,18.03,18.03,61909.0
2022-01-24 05:00:00+00:00,17.98,17.98,17.35,17.91,17.91,66493.0
2022-01-25 05:00:00+00:00,17.78,17.99,17.43,17.86,17.86,80059.0
2022-01-26 05:00:00+00:00,18.0,18.25,17.26,17.39,17.39,49912.0
2022-01-27 05:00:00+00:00,17.5,17.8,17.28,17.38,17.38,56370.0
2022-01-28 05:00:00+00:00,17.25,17.61,16.94,17.61,17.61,39155.0
2022-01-31 05:00:00+00:00,17.47,17.97,17.47,17.9,17.9,84032.0
2022-02-01 05:00:00+00:00,17.77,17.77,17.47,17.65,17.65,43075.0
2022-02-02 05:00:00+00:00,17.6,17.62,17.43,17.54,17.54,64950.0
2022-02-03 05:00:00+00:00,17.36,17.36,16.84,16.91,16.91,33661.0
2022-02-04 05:00:00+00:00,16.95,16.95,16.29,16.56,16.56,55654.0
2022-02-07 05:00:00+00:00,16.61,16.67,16.29,16.41,16.41,57997.0
2022-02-08 05:00:00+00:00,16.44,16.56,16.36,16.41,16.41,47283.0
2022-02-09 05:00:00+00:00,16.64,16.66,16.33,16.65,16.65,48300.0
2022-02-10 05:00:00+00:00,16.46,16.82,16.27,16.41,16.41,27880.0
2022-02-11 05:00:00+00:00,16.52,16.86,16.49,16.73,16.73,67558.0
2022-02-14 05:00:00+00:00,16.73,16.9,16.32,16.34,16.34,42935.0
2022-02-15 05:00:00+00:00,16.47,16.49,16.24,16.33,16.33,69739.0
2022-02-16 05:00:00+00:00,16.52,16.58,16.35,16.48,16.48,56434.0
2022-02-17 05:00:00+00:00,15.34,15.6,14.95,15.3,15.3,160410.0
2022-02-18 05:00:00+00:00,15.54,15.64,15.15,15.18,15.18,53935.0
2022-02-22 05:00:00+00:00,15.13,15.13,14.79,14.87,14.87,78471.0
2022-02-23 05:00:00+00:00,14.98,15.08,14.58,14.62,14.62,70354.0
2022-02-24 05:00:00+00:00,14.46,14.83,14.33,14.79,14.79,31135.0
2022-02-25 05:00:00+00:00,14.88,15.06,14.6,15.04,15.04,29747.0
2022-02-28 05:00:00+00:00,14.88,14.88,14.65,14.79,14.79,37285.0
2022-03-01 05:00:00+00:00,14.7,14.7,14.33,14.46,14.46,25628.0
2022-03-02 05:00:00+00:00,14.61,14.98,14.54,14.93,14.93,16745.0
2022-03-03 05:00:00+00:00,15.07,15.07,14.82,14.97,14.97,24593.0
2022-03-04 05:00:00+00:00,14.71,14.95,14.71,14.88,14.88,15686.0
2022-03-07 05:00:00+00:00,14.89,14.91,14.58,14.58,14.58,29087.0
2022-03-08 05:00:00+00:00,14.6,14.93,14.52,14.77,14.77,17123.0
2022-03-09 05:00:00+00:00,14.92,15.04,14.82,14.82,14.82,42872.0
2022-03-10 05:00:00+00:00,14.76,14.85,14.61,14.84,14.84,32258.0
2022-03-11 05:00:00+00:00,14.97,14.98,14.59,14.63,14.63,27364.0
2022-03-14 04:00:00+00:00,14.8,15.05,14.74,14.82,14.82,31277.0
2022-03-15 04:00:00+00:00,15.07,15.21,14.95,15.21,15.21,24799.0
2022-03-16 04:00:00+00:00,15.31,15.39,14.89,15.35,15.35,13436.0
2022-03-17 04:00:00+00:00,15.36,15.64,15.36,15.62,15.62,19314.0
2022-03-18 04:00:00+00:00,15.53,15.75,15.48,15.7,15.7,29026.0
2022-03-21 04:00:00+00:00,15.7,15.86,15.64,15.76,15.76,27149.0
2022-03-22 04:00:00+00:00,15.96,16.02,15.66,15.76,15.76,9147.0
2022-03-23 04:00:00+00:00,15.69,15.92,15.61,15.76,15.76,13882.0
2022-03-24 04:00:00+00:00,15.69,16.0,15.68,16.0,16.0,18449.0
2022-03-25 04:00:00+00:00,15.89,16.13,15.89,16.11,16.11,15448.0
2022-03-28 04:00:00+00:00,16.19,16.2,16.02,16.19,16.19,8791.0
2022-03-29 04:00:00+00:00,16.44,16.75,16.4,16.71,16.71,16146.0
2022-03-30 04:00:00+00:00,16.57,16.73,16.54,16.63,16.63,9706.0
2022-03-31 04:00:00+00:00,16.78,16.82,16.52,16.56,16.56,12494.0
2022-04-01 04:00:00+00:00,16.71,17.06,16.6,17.04,17.04,6844.0
2022-04-04 04:00:00+00:00,16.96,17.14,16.75,17.1,17.1,19202.0
2022-04-05 04:00:00+00:00,17.14,17.18,16.35,16.37,16.37,19954.0
2022-04-06 04:00:00+00:00,16.28,16.6,16.28,16.42,16.42,15560.0
2022-04-07 04:00:00+00:00,16.42,16.42,16.06,16.15,16.15,22047.0
2022-04-08 04:00:00+00:00,16.14,16.3,16.06,16.07,16.07,14175.0
2022-04-11 04:00:00+00:00,16.05,16.1,15.89,16.0,16.0,32640.0
2022-04-12 04:00:00+00:00,15.6,15.62,15.1,15.22,15.22,108372.0
2022-04-13 04:00:00+00:00,15.28,15.28,14.98,15.14,15.14,142528.0
2022-04-14 04:00:00+00:00,15.26,15.27,14.98,15.01,15.01,35109.0
2022-04-18 04:00:00+00:00,14.74,14.88,14.28,14.34,14.34,44045.0
2022-04-19 04:00:00+00:00,14.4,14.59,14.32,14.56,14.56,66916.0
2022-04-20 04:00:00+00:00,14.58,15.03,14.58,14.92,14.92,63151.0
2022-04-21 04:00:00+00:00,14.97,14.97,14.68,14.68,14.68,8850.0
2022-04-22 04:00:00+00:00,14.5,14.57,14.32,14.4,14.4,63499.0
2022-04-25 04:00:00+00:00,14.39,14.53,14.24,14.48,14.48,25102.0
2022-04-26 04:00:00+00:00,14.46,14.46,14.2,14.27,14.27,22445.0
2022-04-27 04:00:00+00:00,14.32,14.32,13.93,13.93,13.93,31483.0
2022-04-28 04:00:00+00:00,14.07,14.42,13.87,14.34,14.34,19166.0
2022-04-29 04:00:00+00:00,14.27,14.29,13.88,13.9,13.9,13731.0
2022-05-02 04:00:00+00:00,14.05,14.1,13.73,13.96,13.96,36127.0
2022-05-03 04:00:00+00:00,14.17,14.56,14.08,14.51,14.51,49320.0
2022-05-04 04:00:00+00:00,14.49,14.79,14.38,14.75,14.75,16738.0
2022-05-05 04:00:00+00:00,14.8,14.8,14.6,14.77,14.77,34875.0
2022-05-06 04:00:00+00:00,14.98,14.98,14.47,14.68,14.68,20874.0
2022-05-09 04:00:00+00:00,14.41,14.46,14.14,14.26,14.26,52685.0
2022-05-10 04:00:00+00:00,14.33,14.38,13.65,14.02,14.02,52632.0
2022-05-11 04:00:00+00:00,14.22,14.62,14.14,14.26,14.26,28261.0
2022-05-12 04:00:00+00:00,14.24,14.57,14.21,14.57,14.57,35217.0
2022-05-13 04:00:00+00:00,14.49,14.71,14.38,14.7,14.7,24233.0
2022-05-16 04:00:00+00:00,14.86,15.04,14.62,14.91,14.91,17770.0
2022-05-17 04:00:00+00:00,14.91,15.26,14.83,15.12,15.12,57288.0
2022-05-18 04:00:00+00:00,14.87,15.09,14.83,14.92,14.92,26664.0
2022-05-19 04:00:00+00:00,14.8,14.98,14.72,14.73,14.73,20532.0
2022-05-20 04:00:00+00:00,14.9,14.9,14.52,14.8,14.8,13369.0
2022-05-23 04:00:00+00:00,14.99,15.0,14.77,14.88,14.88,14185.0
2022-05-24 04:00:00+00:00,14.95,15.46,14.74,15.45,15.45,24083.0
2022-05-25 04:00:00+00:00,15.42,15.83,15.42,15.7,15.7,21535.0
2022-05-26 04:00:00+00:00,15.79,15.84,15.63,15.65,15.65,38861.0
2022-05-27 04:00:00+00:00,15.68,15.86,15.68,15.71,15.71,36390.0
2022-05-31 04:00:00+00:00,15.67,15.97,15.67,15.87,15.87,31242.0
2022-06-01 04:00:00+00:00,15.85,16.0,15.62,15.94,15.94,22200.0
2022-06-02 04:00:00+00:00,15.8,15.92,15.49,15.92,15.92,23623.0
2022-06-03 04:00:00+00:00,15.72,15.88,15.55,15.58,15.58,30761.0
2022-06-06 04:00:00+00:00,15.58,15.61,15.35,15.44,15.44,14173.0
2022-06-07 04:00:00+00:00,15.39,16.12,15.34,16.12,16.12,18273.0
2022-06-08 04:00:00+00:00,15.87,15.99,15.59,15.69,15.69,22869.0
2022-06-09 04:00:00+00:00,15.6,16.15,15.6,16.1,16.1,25043.0
2022-06-10 04:00:00+00:00,15.97,15.97,15.69,15.88,15.88,13035.0
2022-06-13 04:00:00+00:00,15.56,15.56,14.94,14.97,14.97,27999.0
2022-06-14 04:00:00+00:00,14.98,15.08,14.23,14.29,14.29,31507.0
2022-06-15 04:00:00+00:00,14.39,15.14,14.38,15.01,15.01,28453.0
2022-06-16 04:00:00+00:00,14.61,14.87,14.43,14.65,14.65,39680.0
2022-06-17 04:00:00+00:00,14.93,15.15,14.75,14.98,14.98,21534.0
2022-06-21 04:00:00+00:00,15.08,15.46,15.0,15.0,15.0,20582.0
2022-06-22 04:00:00+00:00,14.91,15.49,14.89,15.23,15.23,22093.0
2022-06-23 04:00:00+00:00,15.33,15.54,15.15,15.48,15.48,15442.0
2022-06-24 04:00:00+00:00,15.5,15.91,15.5,15.84,15.84,36928.0
2022-06-27 04:00:00+00:00,15.82,16.28,15.82,16.03,16.03,130067.0
2022-06-28 04:00:00+00:00,16.13,16.18,15.87,16.0,16.0,64285.0
2022-06-29 04:00:00+00:00,16.01,16.32,15.91,16.3,16.3,33453.0
2022-06-30 04:00:00+00:00,16.01,16.2,15.86,16.03,16.03,22867.0
2022-07-01 04:00:00+00:00,16.16,16.63,16.1,16.57,16.57,38346.0
2022-07-05 04:00:00+00:00,16.41,16.41,15.89,16.29,16.29,42815.0
2022-07-06 04:00:00+00:00,16.44,16.56,16.18,16.43,16.43,30320.0
2022-07-07 04:00:00+00:00,16.44,16.55,16.33,16.5,16.5,36583.0
2022-07-08 04:00:00+00:00,16.53,16.79,16.51,16.54,16.54,26133.0
2022-07-11 04:00:00+00:00,16.5,16.5,16.16,16.31,16.31,23705.0
2022-07-12 04:00:00+00:00,16.42,16.7,16.4,16.56,16.56,41742.0
2022-07-13 04:00:00+00:00,16.4,16.53,16.35,16.45,16.45,33124.0
2022-07-14 04:00:00+00:00,16.35,16.58,16.26,16.53,16.53,41286.0
2022-07-15 04:00:00+00:00,16.69,17.11,16.69,17.01,17.01,40757.0
2022-07-18 04:00:00+00:00,17.13,17.2,16.76,16.88,16.88,26049.0
2022-07-19 04:00:00+00:00,17.11,17.19,17.02,17.04,17.04,22471.0
2022-07-20 04:00:00+00:00,16.88,17.08,16.88,16.92,16.92,26460.0
2022-07-21 04:00:00+00:00,16.83,17.08,16.69,17.08,17.08,16431.0
2022-07-22 04:00:00+00:00,17.08,17.38,17.08,17.37,17.37,30045.0
2022-07-25 04:00:00+00:00,17.5,17.58,17.18,17.27,17.27,25460.0
2022-07-26 04:00:00+00:00,17.37,17.53,17.27,17.37,17.37,14731.0
2022-07-27 04:00:00+00:00,17.4,17.47,17.25,17.4,17.4,15575.0
2022-07-28 04:00:00+00:00,17.52,17.83,17.49,17.8,17.8,18423.0
2022-07-29 04:00:00+00:00,17.64,18.0,17.64,17.95,17.95,13962.0
2022-08-01 04:00:00+00:00,17.93,18.45,17.93,18.32,18.32,28814.0
2022-08-02 04:00:00+00:00,18.36,18.68,18.34,18.56,18.56,75649.0
2022-08-03 04:00:00+00:00,18.67,18.8,18.43,18.55,18.55,52114.0
2022-08-04 04:00:00+00:00,18.28,18.5,18.09,18.12,18.12,44776.0
2022-08-05 04:00:00+00:00,18.19,18.49,18.11,18.34,18.34,15482.0
2022-08-08 04:00:00+00:00,18.76,19.11,18.67,19.03,19.03,32906.0
2022-08-09 04:00:00+00:00,19.06,19.06,18.87,18.96,18.96,45554.0
2022-08-10 04:00:00+00:00,19.02,19.16,18.83,18.88,18.88,36819.0
2022-08-11 04:00:00+00:00,18.96,19.0,18.75,18.99,18.99,134774.0
2022-08-12 04:00:00+00:00,19.12,19.53,19.12,19.19,19.19,72870.0
2022-08-15 04:00:00+00:00,19.0,19.04,18.77,18.98,18.98,27736.0
2022-08-16 04:00:00+00:00,18.89,18.97,18.83,18.93,18.93,25858.0
2022-08-17 04:00:00+00:00,18.83,18.88,18.73,18.87,18.87,26876.0
2022-08-18 04:00:00+00:00,18.94,19.1,18.83,19.01,19.01,34041.0
2022-08-19 04:00:00+00:00,18.91,19.16,18.79,19.12,19.12,20768.0
2022-08-22 04:00:00+00:00,19.09,19.18,18.89,19.08,19.08,17928.0
2022-08-23 04:00:00+00:00,19.02,19.04,18.68,18.71,18.71,28189.0
2022-08-24 04:00:00+00:00,18.76,18.88,18.72,18.83,18.83,13264.0
2022-08-25 04:00:00+00:00,18.92,19.04,18.87,19.04,19.04,22457.0
2022-08-26 04:00:00+00:00,19.03,19.1,18.8,18.86,18.86,38662.0
2022-08-29 04:00:00+00:00,18.54,18.94,18.54,18.94,18.94,21015.0
2022-08-30 04:00:00+00:00,18.87,18.99,18.62,18.67,18.67,27754.0
2022-08-31 04:00:00+00:00,18.78,18.87,18.68,18.74,18.74,22457.0
2022-09-01 04:00:00+00:00,18.67,18.67,18.25,18.47,18.47,21191.0
2022-09-02 04:00:00+00:00,18.6,18.74,18.38,18.47,18.47,16469.0
2022-09-06 04:00:00+00:00,18.54,18.54,18.12,18.4,18.4,19405.0
2022-09-07 04:00:00+00:00,18.44,18.51,18.3,18.5,18.5,10245.0
2022-09-08 04:00:00+00:00,18.43,18.48,18.2,18.4,18.4,25047.0
2022-09-09 04:00:00+00:00,18.47,18.49,18.29,18.36,18.36,8016.0
2022-09-12 04:00:00+00:00,18.53,18.67,18.51,18.6,18.6,15534.0
2022-09-13 04:00:00+00:00,18.34,18.34,17.92,17.96,17.96,18888.0
2022-09-14 04:00:00+00:00,17.85,17.91,17.51,17.63,17.63,21329.0
2022-09-15 04:00:00+00:00,17.6,17.81,17.42,17.42,17.42,18105.0
2022-09-16 04:00:00+00:00,17.32,17.51,16.85,17.49,17.49,46477.0
2022-09-19 04:00:00+00:00,17.21,17.66,17.15,17.65,17.65,38342.0
2022-09-20 04:00:00+00:00,17.24,17.59,17.19,17.5,17.5,24699.0
2022-09-21 04:00:00+00:00,17.63,17.74,17.33,17.4,17.4,24076.0
2022-09-22 04:00:00+00:00,17.14,17.14,16.57,16.74,16.74,23461.0
2022-09-23 04:00:00+00:00,16.55,16.56,16.2,16.31,16.31,14034.0
2022-09-26 04:00:00+00:00,16.05,16.05,15.27,15.37,15.37,15335.0
2022-09-27 04:00:00+00:00,15.59,15.6,15.3,15.41,15.41,48458.0
2022-09-28 04:00:00+00:00,15.57,16.01,15.51,15.85,15.85,8353.0
2022-09-29 04:00:00+00:00,15.59,15.72,15.38,15.66,15.66,39167.0
2022-09-30 04:00:00+00:00,15.95,16.13,15.81,16.0,16.0,28198.0
2022-10-03 04:00:00+00:00,16.12,16.26,15.98,16.1,16.1,16078.0
2022-10-04 04:00:00+00:00,16.44,16.6,16.11,16.23,16.23,23910.0
2022-10-05 04:00:00+00:00,15.94,16.01,15.45,15.93,15.93,12347.0
2022-10-06 04:00:00+00:00,15.84,15.9,15.5,15.5,15.5,15143.0
2022-10-07 04:00:00+00:00,15.28,15.28,14.74,14.88,14.88,10460.0
2022-10-10 04:00:00+00:00,14.92,14.97,14.62,14.64,14.64,33031.0
2022-10-11 04:00:00+00:00,14.48,14.83,14.35,14.81,14.81,27221.0
2022-10-12 04:00:00+00:00,14.59,14.88,14.55,14.72,14.72,22539.0
2022-10-13 04:00:00+00:00,14.51,15.08,14.46,14.86,14.86,26930.0
2022-10-14 04:00:00+00:00,15.1,15.1,14.63,14.71,14.71,28583.0
2022-10-17 04:00:00+00:00,15.08,15.31,15.04,15.16,15.16,35864.0
2022-10-18 04:00:00+00:00,15.54,15.54,15.23,15.33,15.33,26602.0
2022-10-19 04:00:00+00:00,15.15,15.5,15.15,15.38,15.38,47063.0
2022-10-20 04:00:00+00:00,15.44,15.48,15.23,15.4,15.4,12945.0
2022-10-21 04:00:00+00:00,15.23,15.39,15.09,15.28,15.28,12597.0
2022-10-24 04:00:00+00:00,15.49,15.49,15.25,15.4,15.4,25337.0
2022-10-25 04:00:00+00:00,15.45,16.0,15.45,15.81,15.81,17568.0
2022-10-26 04:00:00+00:00,15.79,16.03,15.79,15.92,15.92,23097.0
2022-10-27 04:00:00+00:00,16.16,16.35,16.12,16.17,16.17,19081.0
2022-10-28 04:00:00+00:00,16.27,16.56,16.15,16.53,16.53,23165.0
2022-10-31 04:00:00+00:00,16.5,16.55,16.37,16.49,16.49,24713.0
2022-11-01 04:00:00+00:00,16.18,16.45,16.04,16.41,16.41,32880.0
2022-11-02 04:00:00+00:00,16.41,16.63,16.18,16.23,16.23,30755.0
2022-11-03 04:00:00+00:00,15.92,16.29,15.68,16.18,16.18,67026.0
2022-11-04 04:00:00+00:00,16.44,16.93,16.44,16.81,16.81,11930.0
2022-11-07 05:00:00+00:00,16.97,17.04,16.72,16.94,16.94,35417.0
2022-11-08 05:00:00+00:00,16.53,16.77,16.45,16.67,16.67,44040.0
2022-11-09 05:00:00+00:00,16.59,17.11,16.42,16.62,16.62,41161.0
2022-11-10 05:00:00+00:00,16.99,17.59,16.99,17.59,17.59,24657.0
2022-11-11 05:00:00+00:00,17.66,17.75,17.32,17.51,17.51,17813.0
2022-11-14 05:00:00+00:00,17.18,17.22,16.93,16.99,16.99,22989.0
2022-11-15 05:00:00+00:00,17.27,17.3,16.96,16.99,16.99,16557.0
2022-11-16 05:00:00+00:00,16.8,16.8,16.45,16.47,16.47,14908.0
2022-11-17 05:00:00+00:00,16.25,16.54,16.19,16.53,16.53,46338.0
2022-11-18 05:00:00+00:00,16.87,16.87,16.36,16.36,16.36,36599.0
2022-11-21 05:00:00+00:00,16.52,16.73,16.33,16.73,16.73,83650.0
2022-11-22 05:00:00+00:00,16.73,17.09,16.59,17.03,17.03,34664.0
2022-11-23 05:00:00+00:00,16.96,17.0,16.73,16.88,16.88,10525.0
2022-11-25 05:00:00+00:00,16.99,17.04,16.79,16.81,16.81,10621.0
2022-11-28 05:00:00+00:00,16.8,17.16,16.53,16.57,16.57,36162.0
2022-11-29 05:00:00+00:00,16.6,17.34,16.6,17.29,17.29,35634.0
2022-11-30 05:00:00+00:00,17.24,17.52,16.99,17.49,17.49,20968.0
2022-12-01 05:00:00+00:00,17.7,17.7,17.33,17.56,17.56,42839.0
2022-12-02 05:00:00+00:00,17.4,17.87,17.37,17.85,17.85,40947.0
2022-12-05 05:00:00+00:00,17.47,17.64,17.23,17.53,17.53,28384.0
2022-12-06 05:00:00+00:00,17.73,17.86,17.58,17.66,17.66,56775.0
2022-12-07 05:00:00+00:00,17.73,17.89,17.61,17.65,17.65,59607.0
2022-12-08 05:00:00+00:00,17.71,17.89,17.63,17.82,17.82,40671.0
2022-12-09 05:00:00+00:00,17.84,17.86,17.62,17.68,17.68,42082.0
2022-12-12 05:00:00+00:00,17.65,17.65,17.25,17.38,17.38,36516.0
2022-12-13 05:00:00+00:00,17.82,18.09,17.27,17.35,17.35,80198.0
2022-12-14 05:00:00+00:00,17.48,17.48,17.03,17.31,17.31,68359.0
2022-12-15 05:00:00+00:00,17.29,17.48,17.06,17.38,17.38,19829.0
2022-12-16 05:00:00+00:00,17.22,17.26,16.79,17.08,17.08,40208.0
2022-12-19 05:00:00+00:00,17.07,17.18,16.78,16.91,16.91,24511.0
2022-12-20 05:00:00+00:00,16.72,17.08,16.72,16.96,16.96,20611.0
2022-12-21 05:00:00+00:00,17.06,17.35,16.75,16.8,16.8,43748.0
2022-12-22 05:00:00+00:00,16.46,16.61,16.28,16.57,16.57,13871.0
2022-12-23 05:00:00+00:00,16.6,16.75,16.44,16.74,16.74,25870.0
2022-12-27 05:00:00+00:00,16.75,16.87,16.71,16.82,16.82,10535.0
2022-12-28 05:00:00+00:00,16.93,16.96,16.38,16.44,16.44,15627.0
2022-12-29 05:00:00+00:00,16.57,16.82,16.57,16.74,16.74,7903.0
2022-12-30 05:00:00+00:00,16.69,16.79,16.49,16.65,16.65,26731.0
2023-01-03 05:00:00+00:00,16.98,17.07,16.55,16.79,16.79,15525.0
2023-01-04 05:00:00+00:00,17.02,17.43,17.02,17.21,17.21,21549.0
2023-01-05 05:00:00+00:00,16.95,17.01,16.72,16.74,16.74,30369.0
2023-01-06 05:00:00+00:00,16.85,17.17,16.85,17.13,17.13,11038.0
2023-01-09 05:00:00+00:00,17.0,17.19,16.94,16.99,16.99,13110.0
2023-01-10 05:00:00+00:00,16.9,17.04,16.8,16.84,16.84,63216.0
2023-01-11 05:00:00+00:00,17.02,17.17,16.85,17.14,17.14,18427.0
2023-01-12 05:00:00+00:00,17.19,17.45,17.17,17.41,17.41,10780.0
2023-01-13 05:00:00+00:00,17.41,17.5,17.28,17.32,17.32,15821.0
2023-01-17 05:00:00+00:00,17.33,17.55,17.33,17.43,17.43,20905.0
2023-01-18 05:00:00+00:00,17.44,17.54,17.35,17.46,17.46,17285.0
2023-01-19 05:00:00+00:00,17.39,17.44,17.26,17.3,17.3,25820.0
2023-01-20 05:00:00+00:00,17.2,17.5,17.2,17.49,17.49,19765.0
2023-01-23 05:00:00+00:00,17.54,17.7,17.37,17.46,17.46,16223.0
2023-01-24 05:00:00+00:00,17.84,17.86,17.35,17.5,17.5,27362.0
2023-01-25 05:00:00+00:00,17.54,17.56,17.27,17.38,17.38,15684.0
2023-01-26 05:00:00+00:00,17.42,17.76,17.41,17.76,17.76,6331.0
2023-01-27 05:00:00+00:00,17.67,18.47,17.63,18.38,18.38,55028.0
2023-01-30 05:00:00+00:00,18.22,18.55,18.21,18.39,18.39,39747.0
2023-01-31 05:00:00+00:00,18.42,18.73,18.4,18.56,18.56,34966.0
2023-02-01 05:00:00+00:00,18.69,18.69,18.26,18.5,18.5,29921.0
2023-02-02 05:00:00+00:00,18.71,18.93,18.63,18.79,18.79,7969.0
2023-02-03 05:00:00+00:00,18.57,18.57,18.16,18.39,18.39,24494.0
2023-02-06 05:00:00+00:00,18.27,18.27,17.95,18.23,18.23,10553.0
2023-02-07 05:00:00+00:00,17.98,18.27,17.89,18.02,18.02,21253.0
2023-02-08 05:00:00+00:00,17.89,18.0,17.88,17.99,17.99,11917.0
2023-02-09 05:00:00+00:00,18.1,18.1,17.55,17.66,17.66,17445.0
2023-02-10 05:00:00+00:00,17.49,17.84,17.46,17.84,17.84,47671.0
2023-02-13 05:00:00+00:00,17.93,18.2,17.93,18.1,18.1,31236.0
2023-02-14 05:00:00+00:00,18.03,18.13,17.92,18.05,18.05,33506.0
2023-02-15 05:00:00+00:00,17.9,18.17,17.9,18.16,18.16,20986.0
2023-02-16 05:00:00+00:00,17.99,18.71,17.99,18.5,18.5,34050.0
2023-02-17 05:00:00+00:00,18.51,18.66,18.33,18.58,18.58,45669.0
2023-02-21 05:00:00+00:00,18.43,18.48,18.22,18.35,18.35,13756.0
2023-02-22 05:00:00+00:00,18.41,18.41,17.83,17.93,17.93,11487.0
2023-02-23 05:00:00+00:00,17.95,18.09,17.62,18.07,18.07,33584.0
2023-02-24 05:00:00+00:00,17.94,17.94,17.66,17.89,17.89,18737.0
2023-02-27 05:00:00+00:00,18.0,18.11,17.77,17.81,17.81,16305.0
2023-02-28 05:00:00+00:00,17.84,18.04,17.61,17.62,17.62,11613.0
2023-03-01 05:00:00+00:00,17.5,17.51,17.28,17.51,17.51,8913.0
2023-03-02 05:00:00+00:00,17.52,17.79,17.5,17.71,17.71,18630.0
2023-03-03 05:00:00+00:00,17.8,18.01,17.7,17.96,17.96,20242.0
2023-03-06 05:00:00+00:00,17.91,17.99,17.75,17.92,17.92,27537.0
2023-03-07 05:00:00+00:00,17.76,17.76,17.35,17.45,17.45,31666.0
2023-03-08 05:00:00+00:00,17.53,17.74,17.46,17.59,17.59,22514.0
2023-03-09 05:00:00+00:00,17.57,17.57,17.28,17.34,17.34,22352.0
2023-03-10 05:00:00+00:00,17.33,17.33,16.65,16.76,16.76,21736.0
2023-03-13 04:00:00+00:00,16.74,17.29,16.74,16.89,16.89,23874.0
2023-03-14 04:00:00+00:00,17.23,17.36,17.01,17.19,17.19,9789.0
2023-03-15 04:00:00+00:00,16.98,17.17,16.79,17.15,17.15,40796.0
2023-03-16 04:00:00+00:00,16.94,17.36,16.85,17.33,17.33,25732.0
2023-03-17 04:00:00+00:00,17.22,17.26,16.54,16.66,16.66,36628.0
2023-03-20 04:00:00+00:00,16.88,17.07,16.84,16.97,16.97,21472.0
2023-03-21 04:00:00+00:00,17.21,17.21,16.8,16.86,16.86,17311.0
2023-03-22 04:00:00+00:00,16.77,16.8,16.18,16.22,16.22,61230.0
2023-03-23 04:00:00+00:00,16.26,16.5,16.03,16.08,16.08,13263.0
2023-03-24 04:00:00+00:00,16.12,16.66,16.12,16.63,16.63,26061.0
2023-03-27 04:00:00+00:00,16.75,16.9,16.65,16.76,16.76,14216.0
2023-03-28 04:00:00+00:00,16.74,16.9,16.68,16.9,16.9,29312.0
2023-03-29 04:00:00+00:00,16.97,17.14,16.97,17.11,17.11,30295.0
2023-03-30 04:00:00+00:00,17.3,17.41,17.21,17.41,17.41,15665.0
2023-03-31 04:00:00+00:00,17.56,17.83,17.45,17.81,17.81,21042.0
2023-04-03 04:00:00+00:00,17.78,17.82,17.25,17.32,17.32,19137.0
2023-04-04 04:00:00+00:00,17.45,17.47,17.11,17.33,17.33,39406.0
2023-04-05 04:00:00+00:00,17.42,17.93,17.41,17.81,17.81,24419.0
2023-04-06 04:00:00+00:00,17.86,17.9,17.7,17.84,17.84,12025.0
2023-04-10 04:00:00+00:00,17.88,18.01,17.71,17.99,17.99,15860.0
2023-04-11 04:00:00+00:00,18.12,18.52,18.07,18.32,18.32,33451.0
2023-04-12 04:00:00+00:00,18.39,18.42,18.06,18.18,18.18,85391.0
2023-04-13 04:00:00+00:00,18.28,18.28,17.99,18.11,18.11,13953.0
2023-04-14 04:00:00+00:00,18.14,18.2,17.88,18.0,18.0,12550.0
2023-04-17 04:00:00+00:00,18.12,18.31,17.99,18.21,18.21,9663.0
2023-04-18 04:00:00+00:00,18.06,18.06,17.73,17.83,17.83,8099.0
2023-04-19 04:00:00+00:00,17.81,17.95,17.81,17.9,17.9,15604.0
2023-04-20 04:00:00+00:00,17.71,17.72,17.54,17.67,17.67,21191.0
2023-04-21 04:00:00+00:00,17.7,17.82,17.42,17.69,17.69,15251.0
2023-04-24 04:00:00+00:00,17.64,17.64,17.35,17.39,17.39,3960.0
2023-04-25 04:00:00+00:00,17.41,17.42,17.33,17.33,17.33,5028.0
2023-04-26 04:00:00+00:00,17.19,17.21,16.91,17.05,17.05,13478.0
2023-04-27 04:00:00+00:00,17.21,17.64,17.21,17.61,17.61,5078.0
2023-04-28 04:00:00+00:00,17.55,17.73,17.51,17.71,17.71,13312.0
2023-05-01 04:00:00+00:00,17.74,17.85,17.52,17.58,17.58,10832.0
2023-05-02 04:00:00+00:00,17.52,17.68,17.31,17.51,17.51,25012.0
2023-05-03 04:00:00+00:00,17.65,18.1,17.63,17.75,17.75,25520.0
2023-05-04 04:00:00+00:00,17.6,17.86,17.34,17.75,17.75,19732.0
2023-05-05 04:00:00+00:00,17.95,17.95,17.58,17.81,17.81,16267.0
2023-05-08 04:00:00+00:00,17.81,18.05,17.81,18.05,18.05,9523.0
2023-05-09 04:00:00+00:00,17.87,17.97,17.84,17.84,17.84,4721.0
2023-05-10 04:00:00+00:00,17.99,18.29,17.89,18.29,18.29,29782.0
2023-05-11 04:00:00+00:00,18.11,18.17,17.51,18.11,18.11,48877.0
2023-05-12 04:00:00+00:00,18.06,18.11,17.84,18.05,18.05,12918.0
2023-05-15 04:00:00+00:00,18.1,18.13,18.06,18.09,18.09,5680.0
2023-05-16 04:00:00+00:00,18.08,18.11,17.7,17.7,17.7,12226.0
2023-05-17 04:00:00+00:00,17.67,17.89,17.66,17.85,17.85,15742.0
2023-05-18 04:00:00+00:00,17.79,17.79,17.48,17.63,17.63,22906.0
2023-05-19 04:00:00+00:00,17.81,17.81,17.48,17.6,17.6,9638.0
2023-05-22 04:00:00+00:00,17.62,17.8,17.4,17.47,17.47,67467.0
2023-05-23 04:00:00+00:00,17.53,17.77,17.52,17.52,17.52,13472.0
2023-05-24 04:00:00+00:00,17.48,17.48,17.04,17.06,17.06,9080.0
2023-05-25 04:00:00+00:00,16.79,16.83,16.65,16.71,16.71,4047.0
2023-05-26 04:00:00+00:00,16.71,16.86,16.57,16.85,16.85,23179.0
2023-05-30 04:00:00+00:00,16.85,16.98,16.85,16.92,16.92,6411.0
2023-05-31 04:00:00+00:00,17.01,17.71,17.01,17.64,17.64,54423.0
2023-06-01 04:00:00+00:00,17.55,17.76,17.46,17.6,17.6,9931.0
2023-06-02 04:00:00+00:00,17.86,18.15,17.74,17.96,17.96,31278.0
2023-06-05 04:00:00+00:00,17.72,17.87,17.66,17.73,17.73,40300.0
2023-06-06 04:00:00+00:00,17.95,18.1,17.95,17.97,17.97,55697.0
2023-06-07 04:00:00+00:00,18.17,18.21,17.99,18.09,18.09,45774.0
2023-06-08 04:00:00+00:00,17.97,18.01,17.89,17.89,17.89,11865.0
2023-06-09 04:00:00+00:00,17.89,17.94,17.79,17.89,17.89,17635.0
2023-06-12 04:00:00+00:00,17.89,18.05,17.8,18.05,18.05,21937.0
2023-06-13 04:00:00+00:00,18.1,18.14,17.96,17.98,17.98,35068.0
2023-06-14 04:00:00+00:00,18.07,18.22,17.93,18.06,18.06,57324.0
2023-06-15 04:00:00+00:00,17.94,18.04,17.91,18.02,18.02,29545.0
2023-06-16 04:00:00+00:00,17.99,18.2,17.89,18.04,18.04,22044.0
2023-06-20 04:00:00+00:00,17.79,18.05,17.78,18.03,18.03,14211.0
2023-06-21 04:00:00+00:00,17.72,17.78,17.64,17.69,17.69,26582.0
2023-06-22 04:00:00+00:00,17.42,17.59,17.39,17.53,17.53,18944.0
2023-06-23 04:00:00+00:00,17.54,17.68,17.49,17.62,17.62,22613.0
2023-06-26 04:00:00+00:00,17.75,18.07,17.75,18.02,18.02,15057.0
2023-06-27 04:00:00+00:00,17.94,18.13,17.92,18.03,18.03,23406.0
2023-06-28 04:00:00+00:00,17.91,18.03,17.82,17.98,17.98,27222.0
2023-06-29 04:00:00+00:00,18.05,18.27,17.96,18.21,18.21,16436.0
2023-06-30 04:00:00+00:00,18.25,18.38,18.07,18.31,18.31,39504.0
2023-07-03 04:00:00+00:00,18.31,18.35,18.19,18.28,18.28,10256.0
2023-07-05 04:00:00+00:00,18.01,18.35,18.01,18.16,18.16,15618.0
2023-07-06 04:00:00+00:00,17.95,18.02,17.78,17.92,17.92,19803.0
2023-07-07 04:00:00+00:00,17.94,18.11,17.94,17.99,17.99,9852.0
2023-07-10 04:00:00+00:00,18.02,18.24,17.96,18.21,18.21,14508.0
2023-07-11 04:00:00+00:00,18.29,18.63,18.18,18.63,18.63,55144.0
2023-07-12 04:00:00+00:00,18.75,18.92,18.55,18.55,18.55,40541.0
2023-07-13 04:00:00+00:00,18.57,18.63,18.45,18.56,18.56,29920.0
2023-07-14 04:00:00+00:00,18.5,18.78,18.49,18.64,18.64,20730.0
2023-07-17 04:00:00+00:00,18.6,18.64,18.47,18.62,18.62,36127.0
2023-07-18 04:00:00+00:00,18.65,18.71,18.47,18.58,18.58,23280.0
2023-07-19 04:00:00+00:00,18.88,19.07,18.85,19.03,19.03,21870.0
2023-07-20 04:00:00+00:00,19.0,19.36,19.0,19.36,19.36,26861.0
2023-07-21 04:00:00+00:00,19.42,19.54,19.28,19.29,19.29,8390.0
2023-07-24 04:00:00+00:00,19.43,19.48,19.18,19.47,19.47,18101.0
2023-07-25 04:00:00+00:00,19.46,19.57,19.41,19.51,19.51,13805.0
2023-07-26 04:00:00+00:00,19.58,19.6,19.27,19.42,19.42,22974.0
2023-07-27 04:00:00+00:00,19.69,19.69,19.28,19.3,19.3,18188.0
2023-07-28 04:00:00+00:00,19.39,19.4,19.14,19.14,19.14,19626.0
2023-07-31 04:00:00+00:00,19.05,19.27,18.98,19.18,19.18,20970.0
2023-08-01 04:00:00+00:00,19.1,19.15,18.93,18.98,18.98,17690.0
2023-08-02 04:00:00+00:00,18.87,18.91,18.75,18.82,18.82,61998.0
2023-08-03 04:00:00+00:00,18.74,19.07,18.68,19.07,19.07,41361.0
2023-08-04 04:00:00+00:00,18.67,18.93,18.42,18.85,18.85,40870.0
2023-08-07 04:00:00+00:00,18.96,19.25,18.77,19.21,19.21,25221.0
2023-08-08 04:00:00+00:00,19.14,19.14,18.76,18.98,18.98,32806.0
2023-08-09 04:00:00+00:00,18.69,18.88,18.64,18.79,18.79,27715.0
2023-08-10 04:00:00+00:00,18.84,18.92,18.58,18.59,18.59,14936.0
2023-08-11 04:00:00+00:00,18.65,18.81,18.65,18.69,18.69,6050.0
2023-08-14 04:00:00+00:00,18.62,18.65,18.51,18.54,18.54,18738.0
2023-08-15 04:00:00+00:00,18.39,18.57,18.3,18.35,18.35,16042.0
2023-08-16 04:00:00+00:00,18.64,18.73,18.24,18.27,18.27,22365.0
2023-08-17 04:00:00+00:00,18.34,18.4,18.07,18.07,18.07,36411.0
2023-08-18 04:00:00+00:00,18.08,18.26,18.04,18.23,18.23,23855.0
2023-08-21 04:00:00+00:00,18.28,18.28,18.09,18.15,18.15,11285.0
2023-08-22 04:00:00+00:00,18.2,18.21,18.1,18.17,18.17,14475.0
2023-08-23 04:00:00+00:00,18.22,18.33,18.16,18.31,18.31,19784.0
2023-08-24 04:00:00+00:00,18.43,18.43,18.13,18.21,18.21,27621.0
2023-08-25 04:00:00+00:00,18.2,18.38,18.2,18.28,18.28,17376.0
2023-08-28 04:00:00+00:00,18.36,18.55,18.36,18.44,18.44,16493.0
2023-08-29 04:00:00+00:00,18.39,18.57,18.35,18.57,18.57,50336.0
2023-08-30 04:00:00+00:00,18.58,18.81,18.58,18.75,18.75,106052.0
2023-08-31 04:00:00+00:00,18.75,18.76,18.57,18.57,18.57,58615.0
2023-09-01 04:00:00+00:00,18.83,18.92,18.76,18.87,18.87,53173.0
2023-09-05 04:00:00+00:00,18.69,18.69,18.23,18.41,18.41,25840.0
2023-09-06 04:00:00+00:00,18.51,18.53,18.14,18.34,18.34,21112.0
2023-09-07 04:00:00+00:00,18.37,18.5,18.29,18.38,18.38,26687.0
2023-09-08 04:00:00+00:00,18.37,18.57,18.37,18.51,18.51,20318.0
2023-09-11 04:00:00+00:00,18.52,18.67,18.45,18.53,18.53,25764.0
2023-09-12 04:00:00+00:00,18.8,18.81,18.59,18.59,18.59,47053.0
2023-09-13 04:00:00+00:00,18.63,18.72,18.39,18.51,18.51,37919.0
2023-09-14 04:00:00+00:00,18.71,18.82,18.65,18.65,18.65,52236.0
2023-09-15 04:00:00+00:00,18.57,18.73,18.36,18.71,18.71,23175.0
2023-09-18 04:00:00+00:00,18.5,18.68,18.35,18.38,18.38,18222.0
2023-09-19 04:00:00+00:00,18.36,18.51,18.26,18.47,18.47,28121.0
2023-09-20 04:00:00+00:00,18.83,19.21,18.78,18.9,18.9,103461.0
2023-09-21 04:00:00+00:00,18.74,18.91,18.64,18.89,18.89,54943.0
2023-09-22 04:00:00+00:00,18.96,18.96,18.58,18.58,18.58,158258.0
2023-09-25 04:00:00+00:00,18.56,19.07,18.55,19.06,19.06,51844.0
2023-09-26 04:00:00+00:00,18.98,19.14,18.78,18.78,18.78,69255.0
2023-09-27 04:00:00+00:00,18.81,18.87,18.6,18.64,18.64,36158.0
2023-09-28 04:00:00+00:00,18.83,19.17,18.83,19.16,19.16,15745.0
2023-09-29 04:00:00+00:00,19.31,19.39,19.08,19.16,19.16,35267.0
2023-10-02 04:00:00+00:00,19.09,19.2,18.63,18.82,18.82,39916.0
2023-10-03 04:00:00+00:00,18.75,18.8,18.58,18.67,18.67,74789.0
2023-10-04 04:00:00+00:00,18.74,19.09,18.66,19.09,19.09,38582.0
2023-10-05 04:00:00+00:00,19.3,19.35,19.18,19.33,19.33,18119.0
2023-10-06 04:00:00+00:00,19.14,19.49,19.11,19.35,19.35,56264.0
2023-10-09 04:00:00+00:00,19.45,19.85,19.45,19.8,19.8,18585.0
2023-10-10 04:00:00+00:00,20.01,20.3,19.98,20.02,20.02,57253.0
2023-10-11 04:00:00+00:00,20.18,20.34,20.09,20.29,20.29,45250.0
2023-10-12 04:00:00+00:00,20.26,20.28,19.94,19.99,19.99,37925.0
2023-10-13 04:00:00+00:00,19.93,20.16,19.81,20.16,20.16,29269.0
2023-10-16 04:00:00+00:00,20.24,20.64,20.17,20.47,20.47,62068.0
2023-10-17 04:00:00+00:00,20.5,20.69,20.41,20.61,20.61,45221.0
2023-10-18 04:00:00+00:00,20.62,20.62,20.45,20.51,20.51,102597.0
2023-10-19 04:00:00+00:00,20.48,20.54,19.99,19.99,19.99,56550.0
2023-10-20 04:00:00+00:00,20.02,20.37,19.85,20.23,20.23,48085.0
2023-10-23 04:00:00+00:00,20.02,20.27,19.89,19.94,19.94,47517.0
2023-10-24 04:00:00+00:00,20.06,20.25,19.96,20.1,20.1,49746.0
2023-10-25 04:00:00+00:00,20.02,20.22,19.89,20.14,20.14,61650.0
2023-10-26 04:00:00+00:00,20.28,20.43,20.12,20.22,20.22,52348.0
2023-10-27 04:00:00+00:00,20.18,20.18,19.85,19.98,19.98,46071.0
2023-10-30 04:00:00+00:00,20.21,20.21,19.66,20.03,20.03,29143.0
2023-10-31 04:00:00+00:00,20.17,20.18,19.85,20.13,20.13,83711.0
2023-11-01 04:00:00+00:00,20.14,20.53,20.14,20.53,20.53,18043.0
2023-11-02 04:00:00+00:00,20.78,20.88,20.73,20.78,20.78,44140.0
2023-11-03 04:00:00+00:00,20.95,21.0,20.24,20.27,20.27,47543.0
2023-11-06 05:00:00+00:00,20.17,20.37,20.07,20.37,20.37,19310.0
2023-11-07 05:00:00+00:00,20.24,20.25,19.97,20.13,20.13,17346.0
2023-11-08 05:00:00+00:00,20.12,20.15,19.94,20.06,20.06,61876.0
2023-11-09 05:00:00+00:00,20.11,20.23,19.98,20.09,20.09,64010.0
2023-11-10 05:00:00+00:00,19.85,20.92,19.82,20.76,20.76,95305.0
2023-11-13 05:00:00+00:00,20.59,21.14,20.59,20.77,20.77,63346.0
2023-11-14 05:00:00+00:00,21.24,21.63,21.1,21.45,21.45,67220.0
2023-11-15 05:00:00+00:00,21.45,21.61,21.33,21.33,21.33,36169.0
2023-11-16 05:00:00+00:00,21.52,21.62,21.47,21.49,21.49,59082.0
2023-11-17 05:00:00+00:00,21.67,21.68,21.44,21.46,21.46,82759.0
2023-11-20 05:00:00+00:00,21.32,21.6,21.29,21.6,21.6,32193.0
2023-11-21 05:00:00+00:00,21.46,21.53,21.32,21.33,21.33,24924.0
2023-11-22 05:00:00+00:00,21.52,21.54,21.35,21.42,21.42,14336.0
2023-11-24 05:00:00+00:00,21.43,21.6,21.43,21.59,21.59,12036.0
2023-11-27 05:00:00+00:00,21.55,21.61,21.44,21.46,21.46,61695.0
2023-11-28 05:00:00+00:00,21.35,21.54,21.35,21.38,21.38,30288.0
2023-11-29 05:00:00+00:00,21.6,21.6,21.31,21.41,21.41,29650.0
2023-11-30 05:00:00+00:00,21.42,21.63,21.31,21.57,21.57,43327.0
2023-12-01 05:00:00+00:00,21.6,21.72,21.27,21.37,21.37,57051.0
2023-12-04 05:00:00+00:00,21.44,21.46,20.94,21.16,21.16,93864.0
2023-12-05 05:00:00+00:00,21.18,21.42,21.05,21.33,21.33,86409.0
2023-12-06 05:00:00+00:00,21.49,21.54,20.93,20.94,20.94,58620.0
2023-12-07 05:00:00+00:00,20.93,21.28,20.93,21.1,21.1,32894.0
2023-12-08 05:00:00+00:00,21.03,21.21,21.03,21.11,21.11,36048.0
2023-12-11 05:00:00+00:00,21.13,21.24,21.01,21.08,21.08,32040.0
2023-12-12 05:00:00+00:00,21.11,21.5,21.11,21.34,21.34,34125.0
2023-12-13 05:00:00+00:00,21.34,21.85,21.33,21.62,21.62,76525.0
2023-12-14 05:00:00+00:00,21.96,21.96,20.97,21.06,21.06,121882.0
2023-12-15 05:00:00+00:00,21.02,21.25,20.8,20.96,20.96,56687.0
2023-12-18 05:00:00+00:00,21.06,21.16,20.92,21.14,21.14,29492.0
2023-12-19 05:00:00+00:00,21.22,21.48,21.13,21.42,21.42,53849.0
2023-12-20 05:00:00+00:00,21.46,21.6,21.18,21.18,21.18,29065.0
2023-12-21 05:00:00+00:00,21.22,21.33,21.09,21.26,21.26,31316.0
2023-12-22 05:00:00+00:00,21.37,21.59,21.34,21.35,21.35,27078.0
2023-12-26 05:00:00+00:00,21.33,21.36,21.22,21.22,21.22,29006.0
2023-12-27 05:00:00+00:00,21.27,21.38,21.2,21.3,21.3,27372.0
2023-12-28 05:00:00+00:00,21.36,21.46,21.3,21.45,21.45,18244.0
2023-12-29 05:00:00+00:00,21.29,21.4,21.18,21.18,21.18,28287.0
2024-01-02 05:00:00+00:00,21.22,21.27,21.06,21.15,21.15,40199.0
2024-01-03 05:00:00+00:00,21.12,21.19,20.91,20.92,20.92,67322.0
2024-01-04 05:00:00+00:00,20.92,20.96,20.74,20.78,20.78,18958.0
2024-01-05 05:00:00+00:00,20.64,20.79,20.62,20.62,20.62,23521.0
2024-01-08 05:00:00+00:00,20.56,20.78,20.55,20.7,20.7,18655.0
2024-01-09 05:00:00+00:00,20.62,20.77,20.61,20.66,20.66,28689.0
2024-01-10 05:00:00+00:00,20.69,20.87,20.67,20.83,20.83,16703.0
2024-01-11 05:00:00+00:00,20.74,20.89,20.64,20.83,20.83,30295.0
2024-01-12 05:00:00+00:00,20.99,21.24,20.98,21.24,21.24,54623.0
2024-01-16 05:00:00+00:00,21.16,21.3,21.03,21.12,21.12,32093.0
2024-01-17 05:00:00+00:00,20.96,21.23,20.47,20.58,20.58,15880.0
2024-01-18 05:00:00+00:00,20.58,20.58,20.37,20.46,20.46,28425.0
2024-01-19 05:00:00+00:00,20.43,20.68,20.43,20.68,20.68,15790.0
2024-01-22 05:00:00+00:00,20.8,21.0,20.8,20.88,20.88,25771.0
2024-01-23 05:00:00+00:00,20.93,20.93,20.64,20.83,20.83,16552.0
2024-01-24 05:00:00+00:00,20.97,21.02,20.17,20.19,20.19,44287.0
2024-01-25 05:00:00+00:00,20.41,20.41,20.19,20.27,20.27,40742.0
2024-01-26 05:00:00+00:00,20.44,20.44,20.24,20.38,20.38,14478.0
2024-01-29 05:00:00+00:00,20.32,20.49,20.22,20.38,20.38,24030.0
2024-01-30 05:00:00+00:00,20.13,20.28,20.05,20.13,20.13,26753.0
2024-01-31 05:00:00+00:00,20.02,20.27,19.8,19.8,19.8,24538.0
2024-02-01 05:00:00+00:00,19.74,19.88,19.62,19.85,19.85,65402.0
2024-02-02 05:00:00+00:00,19.42,19.49,19.28,19.36,19.36,58093.0
2024-02-05 05:00:00+00:00,19.16,19.43,19.03,19.34,19.34,42622.0
2024-02-06 05:00:00+00:00,19.44,19.63,19.38,19.38,19.38,47435.0
2024-02-07 05:00:00+00:00,19.24,19.6,19.24,19.53,19.53,42863.0
2024-02-08 05:00:00+00:00,19.62,19.94,19.47,19.87,19.87,82311.0
2024-02-09 05:00:00+00:00,19.79,21.37,19.79,21.3,21.3,83084.0
2024-02-12 05:00:00+00:00,21.26,21.78,21.08,21.72,21.72,64594.0
2024-02-13 05:00:00+00:00,21.34,21.67,21.11,21.32,21.32,69760.0
2024-02-14 05:00:00+00:00,21.48,21.89,21.42,21.71,21.71,46694.0
2024-02-15 05:00:00+00:00,21.82,21.93,21.46,21.46,21.46,44033.0
2024-02-16 05:00:00+00:00,21.29,21.65,21.28,21.45,21.45,38259.0
2024-02-20 05:00:00+00:00,21.43,21.85,21.43,21.81,21.81,104182.0
2024-02-21 05:00:00+00:00,21.81,22.04,21.57,21.74,21.74,100200.0
2024-02-22 05:00:00+00:00,21.81,21.93,21.72,21.83,21.83,93119.0
2024-02-23 05:00:00+00:00,21.85,21.94,21.71,21.85,21.85,45135.0
2024-02-26 05:00:00+00:00,21.9,21.99,21.75,21.8,21.8,41686.0
2024-02-27 05:00:00+00:00,21.81,21.96,21.7,21.74,21.74,22396.0
2024-02-28 05:00:00+00:00,21.69,21.74,21.41,21.46,21.46,48304.0
2024-02-29 05:00:00+00:00,21.73,21.73,21.28,21.34,21.34,64821.0
2024-03-01 05:00:00+00:00,21.34,21.75,21.3,21.57,21.57,43529.0
2024-03-04 05:00:00+00:00,21.6,22.25,21.6,22.23,22.23,45717.0
2024-03-05 05:00:00+00:00,22.13,22.36,22.09,22.11,22.11,41918.0
2024-03-06 05:00:00+00:00,22.23,22.51,22.07,22.24,22.24,29414.0
2024-03-07 05:00:00+00:00,22.45,22.45,22.1,22.23,22.23,22681.0
2024-03-08 05:00:00+00:00,22.34,22.4,21.87,22.02,22.02,43095.0
2024-03-11 04:00:00+00:00,22.12,22.35,22.07,22.17,22.17,54916.0
2024-03-12 04:00:00+00:00,22.13,22.46,22.13,22.32,22.32,25552.0
2024-03-13 04:00:00+00:00,22.34,22.67,22.31,22.39,22.39,32461.0
2024-03-14 04:00:00+00:00,22.29,22.37,22.1,22.33,22.33,48663.0
2024-03-15 04:00:00+00:00,22.27,22.48,22.18,22.21,22.21,70592.0
2024-03-18 04:00:00+00:00,22.38,22.7,22.36,22.7,22.7,31141.0
2024-03-19 04:00:00+00:00,22.82,22.98,22.71,22.71,22.71,44559.0
2024-03-20 04:00:00+00:00,22.78,22.89,22.52,22.88,22.88,28296.0
2024-03-21 04:00:00+00:00,22.82,22.93,22.65,22.9,22.9,51078.0
2024-03-22 04:00:00+00:00,23.0,23.08,22.64,22.66,22.66,20810.0
2024-03-25 04:00:00+00:00,22.79,22.94,22.72,22.88,22.88,20374.0
2024-03-26 04:00:00+00:00,23.03,23.25,22.88,22.99,22.99,72923.0
2024-03-27 04:00:00+00:00,23.11,23.2,23.04,23.18,23.18,24417.0
2024-03-28 04:00:00+00:00,23.25,23.44,23.25,23.33,23.33,20889.0
2024-04-01 04:00:00+00:00,23.27,23.42,23.13,23.22,23.22,17873.0
2024-04-02 04:00:00+00:00,23.04,23.17,22.84,23.02,23.02,42627.0
2024-04-03 04:00:00+00:00,23.0,23.27,23.0,23.17,23.17,24236.0
2024-04-04 04:00:00+00:00,23.37,23.58,22.95,23.16,23.16,58618.0
2024-04-05 04:00:00+00:00,23.2,23.58,23.2,23.49,23.49,23941.0
2024-04-08 04:00:00+00:00,23.42,23.46,23.28,23.37,23.37,26941.0
2024-04-09 04:00:00+00:00,23.35,23.35,23.2,23.3,23.3,22658.0
2024-04-10 04:00:00+00:00,22.96,22.96,22.36,22.55,22.55,28526.0
2024-04-11 04:00:00+00:00,22.64,22.74,22.57,22.68,22.68,20582.0
2024-04-12 04:00:00+00:00,22.63,22.76,22.55,22.65,22.65,31241.0
2024-04-15 04:00:00+00:00,22.77,22.77,22.31,22.57,22.57,25077.0
2024-04-16 04:00:00+00:00,22.34,22.57,22.34,22.47,22.47,36611.0
2024-04-17 04:00:00+00:00,22.52,22.66,22.4,22.52,22.52,22811.0
2024-04-18 04:00:00+00:00,22.45,22.74,22.45,22.72,22.72,45667.0
2024-04-19 04:00:00+00:00,22.91,22.93,22.57,22.69,22.69,19665.0
2024-04-22 04:00:00+00:00,22.58,22.65,22.29,22.59,22.59,42011.0
2024-04-23 04:00:00+00:00,22.82,22.92,22.61,22.92,22.92,41769.0
2024-04-24 04:00:00+00:00,22.78,22.94,22.78,22.79,22.79,19628.0
2024-04-25 04:00:00+00:00,22.73,23.0,22.69,22.93,22.93,21904.0
2024-04-26 04:00:00+00:00,23.05,23.41,23.05,23.3,23.3,19488.0
2024-04-29 04:00:00+00:00,23.4,23.66,23.4,23.63,23.63,12863.0
2024-04-30 04:00:00+00:00,23.51,23.77,23.44,23.68,23.68,26544.0
2024-05-01 04:00:00+00:00,23.57,24.16,23.57,23.89,23.89,22553.0
2024-05-02 04:00:00+00:00,24.06,24.26,24.05,24.24,24.24,19901.0
2024-05-03 04:00:00+00:00,24.06,24.1,23.55,23.92,23.92,66690.0
2024-05-06 04:00:00+00:00,24.04,24.04,23.76,23.79,23.79,22028.0
2024-05-07 04:00:00+00:00,23.81,23.98,23.69,23.82,23.82,26680.0
2024-05-08 04:00:00+00:00,23.79,23.82,23.57,23.75,23.75,36492.0
2024-05-09 04:00:00+00:00,23.79,23.79,23.49,23.5,23.5,16095.0
2024-05-10 04:00:00+00:00,23.6,23.79,23.6,23.63,23.63,12710.0
2024-05-13 04:00:00+00:00,23.78,23.9,23.64,23.72,23.72,31862.0
2024-05-14 04:00:00+00:00,23.78,23.98,23.78,23.82,23.82,24416.0
2024-05-15 04:00:00+00:00,24.04,24.08,23.71,23.78,23.78,43167.0
2024-05-16 04:00:00+00:00,23.86,23.89,23.78,23.82,23.82,25985.0
2024-05-17 04:00:00+00:00,23.84,24.08,23.83,24.02,24.02,17983.0
2024-05-20 04:00:00+00:00,24.24,24.4,24.1,24.32,24.32,40926.0
2024-05-21 04:00:00+00:00,24.32,24.57,24.32,24.53,24.53,18653.0
2024-05-22 04:00:00+00:00,24.54,24.6,24.35,24.38,24.38,21132.0
2024-05-23 04:00:00+00:00,24.37,24.46,24.13,24.21,24.21,18968.0
2024-05-24 04:00:00+00:00,24.43,24.43,24.27,24.31,24.31,25447.0
2024-05-28 04:00:00+00:00,24.46,24.48,24.06,24.15,24.15,29026.0
2024-05-29 04:00:00+00:00,23.92,24.25,23.86,23.9,23.9,30537.0
2024-05-30 04:00:00+00:00,24.13,24.41,24.05,24.37,24.37,43534.0
2024-05-31 04:00:00+00:00,24.48,24.59,24.42,24.51,24.51,35689.0
2024-06-03 04:00:00+00:00,24.5,24.75,24.38,24.72,24.72,3199.0
2024-06-04 04:00:00+00:00,24.69,25.27,24.69,25.07,25.07,46212.0
2024-06-05 04:00:00+00:00,25.11,25.16,24.83,25.04,25.04,26019.0
2024-06-06 04:00:00+00:00,25.0,25.12,24.93,25.03,25.03,30841.0
2024-06-07 04:00:00+00:00,24.88,24.88,24.64,24.73,24.73,52027.0
2024-06-10 04:00:00+00:00,24.6,24.73,24.36,24.36,24.36,39554.0
2024-06-11 04:00:00+00:00,24.26,24.45,24.16,24.16,24.16,38360.0
2024-06-12 04:00:00+00:00,24.53,24.55,24.13,24.22,24.22,37229.0
2024-06-13 04:00:00+00:00,24.27,24.33,24.14,24.21,24.21,46376.0
2024-06-14 04:00:00+00:00,24.19,24.3,23.95,24.15,24.15,71674.0
2024-06-17 04:00:00+00:00,24.05,24.2,23.87,24.17,24.17,33590.0
2024-06-18 04:00:00+00:00,24.17,24.24,23.96,23.96,23.96,67576.0
2024-06-20 04:00:00+00:00,23.91,24.17,23.91,23.91,23.91,39284.0
2024-06-21 04:00:00+00:00,23.99,23.99,23.61,23.84,23.84,65518.0
2024-06-24 04:00:00+00:00,23.93,24.24,23.88,23.99,23.99,52631.0
2024-06-25 04:00:00+00:00,23.9,23.94,23.54,23.59,23.59,27184.0
2024-06-26 04:00:00+00:00,23.4,23.63,23.33,23.61,23.61,27436.0
2024-06-27 04:00:00+00:00,23.71,23.96,23.61,23.86,23.86,14664.0
2024-06-28 04:00:00+00:00,24.03,24.39,23.96,24.33,24.33,44204.0
2024-07-01 04:00:00+00:00,24.22,24.39,24.19,24.33,24.33,33648.0
2024-07-02 04:00:00+00:00,24.37,24.68,24.31,24.56,24.56,33730.0
2024-07-03 04:00:00+00:00,24.62,24.68,24.53,24.61,24.61,9621.0
2024-07-05 04:00:00+00:00,24.65,25.09,24.62,25.02,25.02,29823.0
2024-07-08 04:00:00+00:00,25.07,25.18,24.99,25.12,25.12,28984.0
2024-07-09 04:00:00+00:00,25.04,25.04,24.88,24.92,24.92,42060.0
2024-07-10 04:00:00+00:00,24.91,25.14,24.9,25.11,25.11,46542.0
2024-07-11 04:00:00+00:00,25.38,25.54,25.23,25.23,25.23,49205.0
2024-07-12 04:00:00+00:00,25.35,25.38,24.9,25.08,25.08,22758.0
2024-07-15 04:00:00+00:00,25.24,25.65,25.24,25.61,25.61,43753.0
2024-07-16 04:00:00+00:00,25.76,26.26,25.75,26.19,26.19,43004.0
2024-07-17 04:00:00+00:00,26.31,26.45,26.13,26.13,26.13,39418.0
2024-07-18 04:00:00+00:00,25.96,26.19,25.82,25.82,25.82,47682.0
2024-07-19 04:00:00+00:00,25.92,25.97,25.8,25.94,25.94,23610.0
2024-07-22 04:00:00+00:00,25.95,26.21,25.82,26.1,26.1,25790.0
2024-07-23 04:00:00+00:00,26.22,26.46,26.11,26.26,26.26,49846.0
2024-07-24 04:00:00+00:00,26.3,26.42,25.9,25.92,25.92,36148.0
2024-07-25 04:00:00+00:00,25.95,26.15,25.39,25.42,25.42,53821.0
2024-07-26 04:00:00+00:00,25.7,25.79,25.57,25.7,25.7,65204.0
2024-07-29 04:00:00+00:00,25.7,26.27,25.7,26.07,26.07,31785.0
2024-07-30 04:00:00+00:00,26.14,26.26,25.97,26.01,26.01,32371.0
2024-07-31 04:00:00+00:00,26.04,26.33,26.04,26.12,26.12,39624.0
2024-08-01 04:00:00+00:00,26.21,26.32,26.03,26.29,26.29,79288.0
2024-08-02 04:00:00+00:00,25.81,27.06,25.81,26.52,26.52,102394.0
2024-08-05 04:00:00+00:00,25.73,26.21,25.53,26.03,26.03,64771.0
2024-08-06 04:00:00+00:00,26.06,26.64,26.05,26.53,26.53,119254.0
2024-08-07 04:00:00+00:00,26.65,27.08,26.54,26.58,26.58,28861.0
2024-08-08 04:00:00+00:00,26.69,26.69,26.21,26.42,26.42,87416.0
2024-08-09 04:00:00+00:00,26.25,27.02,26.23,26.95,26.95,85960.0
2024-08-12 04:00:00+00:00,26.78,26.95,26.65,26.94,26.94,44399.0
2024-08-13 04:00:00+00:00,26.95,27.11,26.92,27.06,27.06,56495.0
2024-08-14 04:00:00+00:00,27.17,27.26,26.96,27.11,27.11,46161.0
2024-08-15 04:00:00+00:00,27.1,27.13,26.87,26.97,26.97,50854.0
2024-08-16 04:00:00+00:00,27.04,27.16,26.9,26.97,26.97,60023.0
2024-08-19 04:00:00+00:00,27.04,27.42,26.92,27.3,27.3,51878.0
2024-08-20 04:00:00+00:00,27.21,27.73,27.16,27.72,27.72,57581.0
2024-08-21 04:00:00+00:00,27.6,27.88,27.42,27.81,27.81,29096.0
2024-08-22 04:00:00+00:00,27.85,28.09,27.83,28.0,28.0,73044.0
2024-08-23 04:00:00+00:00,28.18,28.33,28.04,28.31,28.31,103311.0
2024-08-26 04:00:00+00:00,28.41,28.43,28.21,28.31,28.31,41185.0
2024-08-27 04:00:00+00:00,28.25,28.65,28.25,28.57,28.57,44259.0
2024-08-28 04:00:00+00:00,28.66,28.92,28.66,28.86,28.86,45468.0
2024-08-29 04:00:00+00:00,28.76,28.87,28.57,28.75,28.75,57387.0
2024-08-30 04:00:00+00:00,28.87,29.08,28.57,28.96,28.96,34309.0
2024-09-03 04:00:00+00:00,28.88,29.04,28.5,28.59,28.59,31601.0
2024-09-04 04:00:00+00:00,28.62,29.08,28.62,28.91,28.91,34316.0
2024-09-05 04:00:00+00:00,29.14,29.38,28.88,29.0,29.0,47700.0
2024-09-06 04:00:00+00:00,28.99,29.0,28.66,28.86,28.86,40259.0
2024-09-09 04:00:00+00:00,28.78,29.05,28.74,28.97,28.97,49026.0
2024-09-10 04:00:00+00:00,29.25,29.36,29.07,29.21,29.21,70006.0
2024-09-11 04:00:00+00:00,29.09,29.28,28.91,29.23,29.23,54743.0
2024-09-12 04:00:00+00:00,29.28,29.78,29.27,29.76,29.76,47970.0
2024-09-13 04:00:00+00:00,29.9,30.17,29.83,30.14,30.14,38926.0
2024-09-16 04:00:00+00:00,30.32,30.36,30.13,30.23,30.23,60230.0
2024-09-17 04:00:00+00:00,30.32,30.33,30.0,30.04,30.04,62674.0
2024-09-18 04:00:00+00:00,30.13,30.51,29.94,29.97,29.97,79783.0
2024-09-19 04:00:00+00:00,30.04,30.04,29.41,29.6,29.6,62399.0
2024-09-20 04:00:00+00:00,29.44,29.63,29.37,29.37,29.37,41441.0
2024-09-23 04:00:00+00:00,29.83,30.03,29.72,29.98,29.98,21789.0
2024-09-24 04:00:00+00:00,29.82,30.01,29.82,29.91,29.91,23919.0
2024-09-25 04:00:00+00:00,29.92,30.15,29.85,30.0,30.0,62016.0
2024-09-26 04:00:00+00:00,29.91,30.0,29.54,29.65,29.65,76612.0
2024-09-27 04:00:00+00:00,29.82,29.89,29.63,29.8,29.8,48985.0
2024-09-30 04:00:00+00:00,29.92,30.22,29.7,30.18,30.18,85098.0
2024-10-01 04:00:00+00:00,30.57,30.57,30.06,30.17,30.17,103808.0
2024-10-02 04:00:00+00:00,29.95,30.17,29.85,29.97,29.97,65920.0
2024-10-03 04:00:00+00:00,30.07,30.07,29.71,29.95,29.95,79851.0
2024-10-04 04:00:00+00:00,30.13,30.13,29.69,29.7,29.7,24845.0
2024-10-07 04:00:00+00:00,29.62,29.97,29.62,29.82,29.82,70245.0
2024-10-08 04:00:00+00:00,30.0,30.07,29.58,29.66,29.66,58859.0
2024-10-09 04:00:00+00:00,29.69,29.69,29.44,29.55,29.55,64644.0
2024-10-10 04:00:00+00:00,29.36,29.48,29.08,29.21,29.21,70312.0
2024-10-11 04:00:00+00:00,29.4,29.73,29.4,29.56,29.56,41351.0
2024-10-14 04:00:00+00:00,29.59,29.65,29.45,29.53,29.53,47867.0
2024-10-15 04:00:00+00:00,29.85,30.13,29.81,29.93,29.93,48131.0
2024-10-16 04:00:00+00:00,29.92,30.38,29.86,30.33,30.33,37560.0
2024-10-17 04:00:00+00:00,30.22,30.23,29.98,29.99,29.99,29253.0
2024-10-18 04:00:00+00:00,30.09,30.25,30.09,30.18,30.18,39921.0
2024-10-21 04:00:00+00:00,30.18,30.23,29.57,29.69,29.69,57238.0
2024-10-22 04:00:00+00:00,29.47,29.78,29.45,29.7,29.7,29065.0
2024-10-23 04:00:00+00:00,29.74,30.23,29.74,30.16,30.16,31214.0
2024-10-24 04:00:00+00:00,30.24,30.49,30.19,30.26,30.26,42512.0
2024-10-25 04:00:00+00:00,30.37,30.46,30.15,30.26,30.26,77625.0
2024-10-28 04:00:00+00:00,30.38,30.67,30.32,30.64,30.64,96234.0
2024-10-29 04:00:00+00:00,30.68,31.26,30.6,31.22,31.22,68593.0
2024-10-30 04:00:00+00:00,31.67,32.4,31.52,32.07,32.07,89452.0
2024-10-31 04:00:00+00:00,31.79,32.36,31.68,31.95,31.95,427269.0
2024-11-01 04:00:00+00:00,32.01,32.32,31.55,31.67,31.67,252269.0
2024-11-04 05:00:00+00:00,31.93,32.27,29.96,30.37,30.37,308414.0
2024-11-05 05:00:00+00:00,30.05,30.25,29.06,30.16,30.16,199958.0
2024-11-06 05:00:00+00:00,30.41,30.48,28.51,28.83,28.83,296405.0
2024-11-07 05:00:00+00:00,28.86,30.02,28.72,29.98,29.98,191572.0
2024-11-08 05:00:00+00:00,30.12,30.5,30.12,30.26,30.26,136128.0
2024-11-11 05:00:00+00:00,30.2,30.37,29.91,30.08,30.08,105173.0
2024-11-12 05:00:00+00:00,30.26,30.64,30.06,30.1,30.1,87943.0
2024-11-13 05:00:00+00:00,30.13,30.26,29.69,29.71,29.71,79339.0
2024-11-14 05:00:00+00:00,29.73,29.74,29.22,29.26,29.26,94056.0
2024-11-15 05:00:00+00:00,29.39,30.12,29.3,29.65,29.65,109261.0
2024-11-18 05:00:00+00:00,29.7,29.94,29.49,29.62,29.62,51986.0
2024-11-19 05:00:00+00:00,29.69,30.44,29.57,30.38,30.38,85283.0
2024-11-20 05:00:00+00:00,30.26,30.28,29.92,29.97,29.97,36351.0
2024-11-21 05:00:00+00:00,30.11,30.21,29.93,30.05,30.05,74856.0
2024-11-22 05:00:00+00:00,30.36,30.36,29.36,29.62,29.62,108423.0
2024-11-25 05:00:00+00:00,29.75,29.97,29.23,29.35,29.35,108581.0
2024-11-26 05:00:00+00:00,29.53,29.79,29.29,29.33,29.33,108878.0
2024-11-27 05:00:00+00:00,29.55,29.65,29.25,29.28,29.28,67673.0
2024-11-29 05:00:00+00:00,29.28,29.36,29.1,29.14,29.14,47085.0
2024-12-02 05:00:00+00:00,28.86,28.91,28.48,28.54,28.54,84892.0
2024-12-03 05:00:00+00:00,28.38,28.69,28.24,28.52,28.52,65873.0
2024-12-04 05:00:00+00:00,28.62,28.85,28.49,28.77,28.77,105591.0
2024-12-05 05:00:00+00:00,28.63,28.97,28.57,28.79,28.79,70209.0
2024-12-06 05:00:00+00:00,28.85,28.93,28.43,28.68,28.68,79759.0
2024-12-09 05:00:00+00:00,28.8,28.87,27.96,28.21,28.21,130570.0
2024-12-10 05:00:00+00:00,28.23,28.75,28.12,28.16,28.16,104958.0
2024-12-11 05:00:00+00:00,28.1,28.19,27.73,27.9,27.9,86641.0
2024-12-12 05:00:00+00:00,27.99,28.38,27.98,28.05,28.05,82696.0
2024-12-13 05:00:00+00:00,28.02,28.22,27.89,28.18,28.18,85095.0
2024-12-16 05:00:00+00:00,28.09,28.3,27.93,27.99,27.99,64277.0
2024-12-17 05:00:00+00:00,27.93,28.22,27.84,27.89,27.89,56645.0
2024-12-18 05:00:00+00:00,27.89,28.11,26.65,26.75,26.75,157981.0
2024-12-19 05:00:00+00:00,26.99,27.21,26.56,26.59,26.59,255198.0
2024-12-20 05:00:00+00:00,25.7,27.08,25.7,26.76,26.76,220501.0
2024-12-23 05:00:00+00:00,26.72,26.89,26.44,26.54,26.54,9160.0
2024-12-24 05:00:00+00:00,26.7,26.81,26.52,26.76,26.76,39437.0
2024-12-26 05:00:00+00:00,26.73,26.91,26.7,26.83,26.83,36806.0
2024-12-27 05:00:00+00:00,26.71,26.85,26.36,26.46,26.46,86462.0
2024-12-30 05:00:00+00:00,26.31,26.36,26.06,26.2,26.2,55048.0
2024-12-31 05:00:00+00:00,26.41,26.76,26.38,26.74,26.74,76001.0
2025-01-02 05:00:00+00:00,26.42,26.64,26.13,26.23,26.23,77373.0
2025-01-03 05:00:00+00:00,26.1,26.47,26.1,26.41,26.41,56526.0
2025-01-06 05:00:00+00:00,26.28,26.61,26.01,26.06,26.06,92149.0
2025-01-07 05:00:00+00:00,26.17,26.34,25.96,26.12,26.12,67516.0
2025-01-08 05:00:00+00:00,26.1,26.66,26.05,26.61,26.61,75979.0
2025-01-10 05:00:00+00:00,26.1,26.11,25.36,25.81,25.81,142505.0
2025-01-13 05:00:00+00:00,25.71,26.13,25.66,26.11,26.11,68522.0
2025-01-14 05:00:00+00:00,26.13,26.43,26.12,26.28,26.28,89993.0
2025-01-15 05:00:00+00:00,26.62,26.73,26.41,26.52,26.52,47887.0
2025-01-16 05:00:00+00:00,26.65,26.89,26.48,26.89,26.89,29055.0
2025-01-17 05:00:00+00:00,26.98,26.99,26.38,26.43,26.43,59934.0
2025-01-21 05:00:00+00:00,26.51,27.06,26.51,26.89,26.89,56417.0
2025-01-22 05:00:00+00:00,26.58,26.58,26.12,26.17,26.17,47392.0
2025-01-23 05:00:00+00:00,26.4,26.43,25.96,26.39,26.39,28747.0
2025-01-24 05:00:00+00:00,26.37,26.62,26.3,26.61,26.61,39975.0
2025-01-27 05:00:00+00:00,26.87,27.56,26.82,27.45,27.45,90669.0
2025-01-28 05:00:00+00:00,27.46,27.6,26.85,26.87,26.87,56638.0
2025-01-29 05:00:00+00:00,26.92,26.98,25.75,25.93,25.93,54252.0
2025-01-30 05:00:00+00:00,26.08,26.39,25.85,26.19,26.19,66772.0
2025-01-31 05:00:00+00:00,26.17,26.49,26.02,26.21,26.21,47742.0
2025-02-03 05:00:00+00:00,25.87,26.5,25.75,26.44,26.44,51781.0
2025-02-04 05:00:00+00:00,26.31,26.32,25.9,26.04,26.04,52600.0
2025-02-05 05:00:00+00:00,26.25,26.54,26.21,26.47,26.47,56285.0
2025-02-06 05:00:00+00:00,26.48,26.59,25.88,26.04,26.04,76772.0
2025-02-07 05:00:00+00:00,25.99,26.26,25.79,26.02,26.02,80341.0
2025-02-10 05:00:00+00:00,25.97,26.03,25.67,25.84,25.84,103686.0
2025-02-11 05:00:00+00:00,25.71,25.71,25.08,25.46,25.46,134441.0
2025-02-12 05:00:00+00:00,25.08,25.51,25.07,25.28,25.28,146649.0
2025-02-13 05:00:00+00:00,25.95,26.41,25.17,26.23,26.23,151311.0
2025-02-14 05:00:00+00:00,26.27,26.33,25.93,26.12,26.12,82555.0
2025-02-18 05:00:00+00:00,26.11,26.3,25.67,25.68,25.68,62467.0
2025-02-19 05:00:00+00:00,25.53,25.92,25.48,25.56,25.56,71681.0
2025-02-20 05:00:00+00:00,25.66,25.68,25.31,25.33,25.33,60367.0
2025-02-21 05:00:00+00:00,25.48,25.48,24.51,24.62,24.62,129554.0
2025-02-24 05:00:00+00:00,24.63,25.01,24.63,24.74,24.74,84790.0
2025-02-25 05:00:00+00:00,24.82,25.83,24.81,25.67,25.67,118532.0
2025-02-26 05:00:00+00:00,25.7,25.72,25.51,25.68,25.68,88271.0
2025-02-27 05:00:00+00:00,25.53,25.93,25.53,25.71,25.71,61735.0
2025-02-28 05:00:00+00:00,25.8,26.02,25.28,25.57,25.57,92410.0
2025-03-03 05:00:00+00:00,25.45,26.22,25.4,26.1,26.1,122214.0
2025-03-04 05:00:00+00:00,26.33,26.33,25.94,26.04,26.04,100314.0
2025-03-05 05:00:00+00:00,26.0,26.28,25.76,26.22,26.22,79733.0
2025-03-06 05:00:00+00:00,26.13,26.15,25.19,25.22,25.22,101964.0
2025-03-07 05:00:00+00:00,25.34,25.71,25.25,25.55,25.55,90661.0
2025-03-10 04:00:00+00:00,25.68,25.98,25.37,25.53,25.53,82705.0
2025-03-11 04:00:00+00:00,25.89,26.14,25.39,25.77,25.77,260390.0
2025-03-12 04:00:00+00:00,25.93,26.69,25.62,26.69,26.69,166801.0
2025-03-13 04:00:00+00:00,27.19,27.95,27.12,27.34,27.34,130288.0
2025-03-14 04:00:00+00:00,27.51,28.14,27.51,28.07,28.07,125853.0
2025-03-17 04:00:00+00:00,28.2,28.54,28.2,28.46,28.46,74958.0
2025-03-18 04:00:00+00:00,28.89,28.89,28.46,28.56,28.56,86730.0
2025-03-19 04:00:00+00:00,28.64,28.88,28.39,28.8,28.8,61385.0
2025-03-20 04:00:00+00:00,28.7,28.92,28.61,28.63,28.63,76550.0
2025-03-21 04:00:00+00:00,28.65,28.65,28.26,28.35,28.35,94401.0
2025-03-24 04:00:00+00:00,28.65,28.89,28.5,28.67,28.67,47103.0
2025-03-25 04:00:00+00:00,28.7,28.7,28.25,28.5,28.5,56800.0
2025-03-26 04:00:00+00:00,28.49,28.55,28.3,28.31,28.31,47071.0
2025-03-27 04:00:00+00:00,28.46,28.56,28.17,28.25,28.25,51229.0
2025-03-28 04:00:00+00:00,28.4,28.65,28.26,28.61,28.61,37433.0
2025-03-31 04:00:00+00:00,28.64,28.865,28.445,28.58,28.58,54964.0
2025-04-01 04:00:00+00:00,28.7,28.7,28.005,28.47,28.47,139999.0
2025-04-02 04:00:00+00:00,28.26,28.685,28.26,28.56,28.56,49371.0
2025-04-03 04:00:00+00:00,29.12,29.395,28.67,28.83,28.83,125878.0
2025-04-04 04:00:00+00:00,28.585,29.0,27.88,27.96,27.96,168698.0
