Date,Open,High,Low,Close,Adj Close,Volume
2020-12-08 05:00:00+00:00,26.99,26.99,26.99,26.99,26.99,285.0
2020-12-29 05:00:00+00:00,27.43,27.43,27.43,27.43,27.43,500.0
2021-01-21 05:00:00+00:00,29.03,29.03,29.01,29.01,29.01,642.0
2021-02-02 05:00:00+00:00,28.61,28.61,28.61,28.61,28.61,200.0
2021-02-04 05:00:00+00:00,28.72,28.72,28.72,28.72,28.72,169.0
2021-02-23 05:00:00+00:00,29.1,29.1,29.1,29.1,29.1,100.0
2021-03-23 04:00:00+00:00,28.58,28.58,28.58,28.58,28.58,113.0
2021-03-30 04:00:00+00:00,28.4,28.4,28.4,28.4,28.4,125.0
2021-03-31 04:00:00+00:00,28.66,28.67,28.66,28.67,28.67,500.0
2021-04-01 04:00:00+00:00,28.97,28.97,28.97,28.97,28.97,100.0
2021-04-06 04:00:00+00:00,29.21,29.21,29.17,29.2,29.2,1943.0
2021-04-12 04:00:00+00:00,29.05,29.05,29.03,29.03,29.03,500.0
2021-04-15 04:00:00+00:00,29.41,29.41,29.41,29.41,29.41,200.0
2021-04-19 04:00:00+00:00,29.42,29.42,29.42,29.42,29.42,500.0
2021-04-30 04:00:00+00:00,29.24,29.24,29.24,29.24,29.24,528.0
2021-05-03 04:00:00+00:00,29.46,29.46,29.46,29.46,29.46,200.0
2021-05-04 04:00:00+00:00,28.99,29.06,28.99,29.06,29.06,572.0
2021-05-18 04:00:00+00:00,29.57,29.61,29.57,29.61,29.61,1200.0
2021-05-21 04:00:00+00:00,29.61,29.61,29.61,29.61,29.61,326.0
2021-05-26 04:00:00+00:00,29.99,29.99,29.99,29.99,29.99,500.0
2021-06-21 04:00:00+00:00,29.85,29.85,29.85,29.85,29.85,200.0
2021-07-01 04:00:00+00:00,30.02,30.02,30.02,30.02,30.02,200.0
2021-07-07 04:00:00+00:00,29.9,29.9,29.9,29.9,29.9,297.0
2021-07-08 04:00:00+00:00,29.4,29.4,29.4,29.4,29.4,287.0
2021-07-12 04:00:00+00:00,30.0,30.0,30.0,30.0,30.0,200.0
2021-07-15 04:00:00+00:00,29.84,29.84,29.84,29.84,29.84,229.0
2021-07-21 04:00:00+00:00,29.7,29.72,29.66,29.72,29.72,1600.0
2021-08-13 04:00:00+00:00,29.88,30.04,29.82,29.82,29.82,3144.0
2021-08-16 04:00:00+00:00,29.64,29.64,29.64,29.64,29.64,301.0
2021-08-17 04:00:00+00:00,29.32,29.44,29.2,29.43,29.43,4925.0
2021-09-13 04:00:00+00:00,30.77,30.77,30.77,30.77,30.77,109.0
2021-09-30 04:00:00+00:00,29.25,29.25,29.25,29.25,29.25,316.0
2021-10-01 04:00:00+00:00,29.05,29.05,29.05,29.05,29.05,547.0
2021-10-19 04:00:00+00:00,30.42,30.42,30.42,30.42,30.42,500.0
2021-10-26 04:00:00+00:00,30.35,30.35,30.35,30.35,30.35,328.0
2021-11-03 04:00:00+00:00,29.65,29.65,29.65,29.65,29.65,100.0
2021-11-04 04:00:00+00:00,29.79,29.83,29.79,29.81,29.81,773.0
2021-11-15 05:00:00+00:00,30.38,30.38,30.38,30.38,30.38,100.0
2021-11-17 05:00:00+00:00,30.26,30.26,30.26,30.26,30.26,300.0
2021-11-19 05:00:00+00:00,29.77,29.77,29.77,29.77,29.77,581.0
2021-11-24 05:00:00+00:00,29.37,29.4,29.37,29.4,29.4,202.0
2021-12-10 05:00:00+00:00,29.17,29.17,29.17,29.17,29.17,100.0
2021-12-15 05:00:00+00:00,28.53,28.53,28.5,28.5,28.5,1000.0
2022-01-10 05:00:00+00:00,28.89,28.89,28.89,28.89,28.89,501.0
2022-02-01 05:00:00+00:00,29.28,29.28,29.11,29.19,29.19,788.0
2022-02-03 05:00:00+00:00,28.94,28.94,28.94,28.94,28.94,500.0
2022-02-09 05:00:00+00:00,29.8,29.81,29.8,29.81,29.81,540.0
2022-03-15 04:00:00+00:00,25.02,25.02,25.02,25.02,25.02,576.0
2022-03-21 04:00:00+00:00,27.03,27.03,27.03,27.03,27.03,501.0
2022-03-24 04:00:00+00:00,27.42,27.42,27.42,27.42,27.42,307.0
2022-03-25 04:00:00+00:00,27.25,27.25,27.25,27.25,27.25,500.0
2022-04-06 04:00:00+00:00,27.42,27.42,27.42,27.42,27.42,500.0
2022-04-08 04:00:00+00:00,27.34,27.34,27.34,27.34,27.34,101.0
2022-04-11 04:00:00+00:00,27.06,27.06,27.06,27.06,27.06,176.0
2022-04-12 04:00:00+00:00,27.08,27.08,26.67,26.67,26.67,700.0
2022-04-13 04:00:00+00:00,27.17,27.17,27.17,27.17,27.17,418.0
2022-04-14 04:00:00+00:00,26.91,26.93,26.86,26.92,26.92,3365.0
2022-04-29 04:00:00+00:00,26.37,26.37,26.37,26.37,26.37,197.0
2022-05-03 04:00:00+00:00,26.09,26.1,26.09,26.1,26.1,400.0
2022-05-04 04:00:00+00:00,25.9,25.9,25.9,25.9,25.9,110.0
2022-05-05 04:00:00+00:00,25.26,25.26,24.4,24.65,24.65,117182.0
2022-05-10 04:00:00+00:00,24.18,24.2,24.18,24.2,24.2,201.0
2022-05-11 04:00:00+00:00,24.15,24.15,24.15,24.15,24.15,197.0
2022-05-12 04:00:00+00:00,23.64,23.78,23.64,23.78,23.78,200.0
2022-05-20 04:00:00+00:00,24.66,24.73,24.66,24.73,24.73,301.0
2022-05-31 04:00:00+00:00,25.85,25.85,25.85,25.85,25.85,500.0
2022-06-01 04:00:00+00:00,25.59,25.59,25.59,25.59,25.59,500.0
2022-06-07 04:00:00+00:00,25.83,25.83,25.83,25.83,25.83,106.0
2022-06-13 04:00:00+00:00,24.28,24.37,24.28,24.37,24.37,601.0
2022-06-15 04:00:00+00:00,24.91,24.91,24.91,24.91,24.91,100.0
2022-06-17 04:00:00+00:00,24.44,24.44,24.44,24.44,24.44,223.0
2022-06-21 04:00:00+00:00,24.9,25.02,24.9,25.02,25.02,291.0
2022-06-23 04:00:00+00:00,24.5,24.5,24.5,24.5,24.5,100.0
2022-06-24 04:00:00+00:00,25.06,25.12,25.06,25.1,25.1,450.0
2022-07-08 04:00:00+00:00,24.44,24.44,24.44,24.44,24.44,547.0
2022-07-11 04:00:00+00:00,24.44,24.44,24.44,24.44,24.44,0.0
2022-07-12 04:00:00+00:00,24.44,24.44,24.44,24.44,24.44,0.0
2022-07-13 04:00:00+00:00,24.44,24.44,24.44,24.44,24.44,0.0
2022-07-14 04:00:00+00:00,24.44,24.44,24.44,24.44,24.44,0.0
2022-07-15 04:00:00+00:00,24.44,24.44,24.44,24.44,24.44,0.0
2022-07-18 04:00:00+00:00,24.44,24.44,24.44,24.44,24.44,0.0
2022-07-19 04:00:00+00:00,24.44,24.44,24.44,24.44,24.44,0.0
2022-07-20 04:00:00+00:00,24.44,24.44,24.44,24.44,24.44,0.0
2022-07-21 04:00:00+00:00,24.44,24.44,24.44,24.44,24.44,0.0
2022-07-22 04:00:00+00:00,24.44,24.44,24.44,24.44,24.44,0.0
2022-07-25 04:00:00+00:00,24.27,24.27,24.16,24.16,24.16,200.0
2022-07-26 04:00:00+00:00,24.16,24.16,24.16,24.16,24.16,0.0
2022-07-27 04:00:00+00:00,24.16,24.16,24.16,24.16,24.16,0.0
2022-07-28 04:00:00+00:00,24.51,24.51,24.51,24.51,24.51,500.0
2022-07-29 04:00:00+00:00,24.51,24.51,24.51,24.51,24.51,0.0
2022-08-01 04:00:00+00:00,24.51,24.51,24.51,24.51,24.51,0.0
2022-08-02 04:00:00+00:00,24.18,24.18,24.18,24.18,24.18,100.0
2022-08-03 04:00:00+00:00,24.18,24.18,24.18,24.18,24.18,0.0
2022-08-04 04:00:00+00:00,24.51,24.51,24.51,24.51,24.51,100.0
2022-08-05 04:00:00+00:00,24.51,24.51,24.51,24.51,24.51,0.0
2022-08-08 04:00:00+00:00,24.51,24.51,24.51,24.51,24.51,0.0
2022-08-09 04:00:00+00:00,24.51,24.51,24.51,24.51,24.51,0.0
2022-08-10 04:00:00+00:00,24.69,24.69,24.67,24.67,24.67,699.0
2022-08-11 04:00:00+00:00,24.67,24.67,24.67,24.67,24.67,0.0
2022-08-12 04:00:00+00:00,24.67,24.67,24.67,24.67,24.67,0.0
2022-08-15 04:00:00+00:00,24.67,24.67,24.67,24.67,24.67,0.0
2022-08-16 04:00:00+00:00,24.95,24.95,24.84,24.84,24.84,638.0
2022-08-17 04:00:00+00:00,24.84,24.84,24.84,24.84,24.84,0.0
2022-08-18 04:00:00+00:00,24.84,24.84,24.84,24.84,24.84,0.0
2022-08-19 04:00:00+00:00,24.84,24.84,24.84,24.84,24.84,0.0
2022-08-22 04:00:00+00:00,24.84,24.84,24.84,24.84,24.84,0.0
2022-08-23 04:00:00+00:00,24.84,24.84,24.84,24.84,24.84,0.0
2022-08-24 04:00:00+00:00,24.84,24.84,24.84,24.84,24.84,0.0
2022-08-25 04:00:00+00:00,24.84,24.84,24.84,24.84,24.84,0.0
2022-08-26 04:00:00+00:00,24.74,24.74,24.74,24.74,24.74,556.0
2022-08-29 04:00:00+00:00,24.74,24.74,24.74,24.74,24.74,0.0
2022-08-30 04:00:00+00:00,24.74,24.74,24.74,24.74,24.74,0.0
2022-08-31 04:00:00+00:00,24.3,24.3,24.3,24.3,24.3,136.0
2022-09-01 04:00:00+00:00,23.99,23.99,23.99,23.99,23.99,209.0
2022-09-02 04:00:00+00:00,23.84,23.84,23.84,23.84,23.84,500.0
2022-09-06 04:00:00+00:00,23.84,23.84,23.84,23.84,23.84,0.0
2022-09-07 04:00:00+00:00,23.84,23.84,23.84,23.84,23.84,0.0
2022-09-08 04:00:00+00:00,23.84,23.84,23.84,23.84,23.84,0.0
2022-09-09 04:00:00+00:00,23.84,23.84,23.84,23.84,23.84,0.0
2022-09-12 04:00:00+00:00,23.84,23.84,23.84,23.84,23.84,0.0
2022-09-13 04:00:00+00:00,23.84,23.84,23.84,23.84,23.84,0.0
2022-09-14 04:00:00+00:00,23.84,23.84,23.84,23.84,23.84,0.0
2022-09-15 04:00:00+00:00,23.84,23.84,23.84,23.84,23.84,0.0
2022-09-16 04:00:00+00:00,23.19,23.19,23.19,23.19,23.19,100.0
2022-09-19 04:00:00+00:00,23.19,23.19,23.19,23.19,23.19,0.0
2022-09-20 04:00:00+00:00,23.17,23.17,23.16,23.16,23.16,298.0
2022-09-21 04:00:00+00:00,22.85,22.85,22.85,22.85,22.85,600.0
2022-09-22 04:00:00+00:00,22.85,22.85,22.85,22.85,22.85,0.0
2022-09-23 04:00:00+00:00,22.12,22.12,22.12,22.12,22.12,208.0
2022-09-26 04:00:00+00:00,22.12,22.12,22.12,22.12,22.12,0.0
2022-09-27 04:00:00+00:00,21.89,21.89,21.89,21.89,21.89,507.0
2022-09-28 04:00:00+00:00,21.89,21.89,21.89,21.89,21.89,0.0
2022-09-29 04:00:00+00:00,21.54,21.54,21.54,21.54,21.54,100.0
2022-09-30 04:00:00+00:00,21.54,21.54,21.54,21.54,21.54,0.0
2022-10-03 04:00:00+00:00,21.74,21.74,21.74,21.74,21.74,2000.0
2022-10-04 04:00:00+00:00,22.12,22.33,22.12,22.33,22.33,200.0
2022-10-05 04:00:00+00:00,22.27,22.46,22.27,22.45,22.45,2406.0
2022-10-06 04:00:00+00:00,22.45,22.45,22.45,22.45,22.45,0.0
2022-10-07 04:00:00+00:00,22.45,22.45,22.45,22.45,22.45,0.0
2022-10-10 04:00:00+00:00,22.45,22.45,22.45,22.45,22.45,0.0
2022-10-11 04:00:00+00:00,21.21,21.21,21.21,21.21,21.21,200.0
2022-10-12 04:00:00+00:00,21.15,21.17,21.15,21.16,21.16,2635.0
2022-10-13 04:00:00+00:00,21.29,21.31,21.25,21.26,21.26,2407.0
2022-10-14 04:00:00+00:00,21.26,21.26,21.26,21.26,21.26,0.0
2022-10-17 04:00:00+00:00,21.26,21.26,21.26,21.26,21.26,0.0
2022-10-18 04:00:00+00:00,21.26,21.26,21.26,21.26,21.26,0.0
2022-10-19 04:00:00+00:00,21.26,21.26,21.26,21.26,21.26,0.0
2022-10-20 04:00:00+00:00,21.26,21.26,21.26,21.26,21.26,0.0
2022-10-21 04:00:00+00:00,21.26,21.26,21.26,21.26,21.26,0.0
2022-10-24 04:00:00+00:00,21.26,21.26,21.26,21.26,21.26,0.0
2022-10-25 04:00:00+00:00,20.78,20.78,20.78,20.78,20.78,1300.0
2022-10-26 04:00:00+00:00,20.78,20.78,20.78,20.78,20.78,0.0
2022-10-27 04:00:00+00:00,20.78,20.78,20.78,20.78,20.78,0.0
2022-10-28 04:00:00+00:00,20.78,20.78,20.78,20.78,20.78,0.0
2022-10-31 04:00:00+00:00,20.78,20.78,20.78,20.78,20.78,0.0
2022-11-01 04:00:00+00:00,21.24,21.34,21.24,21.25,21.25,2322.0
2022-11-02 04:00:00+00:00,21.25,21.25,21.25,21.25,21.25,0.0
2022-11-03 04:00:00+00:00,21.25,21.25,21.25,21.25,21.25,0.0
2022-11-04 04:00:00+00:00,21.25,21.25,21.25,21.25,21.25,0.0
2022-11-07 05:00:00+00:00,21.25,21.25,21.25,21.25,21.25,0.0
2022-11-08 05:00:00+00:00,21.25,21.25,21.25,21.25,21.25,0.0
2022-11-09 05:00:00+00:00,21.25,21.25,21.25,21.25,21.25,0.0
2022-11-10 05:00:00+00:00,22.55,22.55,22.54,22.54,22.54,600.0
2022-11-11 05:00:00+00:00,22.54,22.54,22.54,22.54,22.54,0.0
2022-11-14 05:00:00+00:00,22.54,22.54,22.54,22.54,22.54,0.0
2022-11-15 05:00:00+00:00,22.54,22.54,22.54,22.54,22.54,0.0
2022-11-16 05:00:00+00:00,22.54,22.54,22.54,22.54,22.54,0.0
2022-11-17 05:00:00+00:00,23.03,23.03,23.03,23.03,23.03,625.0
2022-11-18 05:00:00+00:00,23.03,23.03,23.03,23.03,23.03,0.0
2022-11-21 05:00:00+00:00,22.88,22.88,22.88,22.88,22.88,102.0
2022-11-22 05:00:00+00:00,22.88,22.88,22.88,22.88,22.88,0.0
2022-11-23 05:00:00+00:00,22.88,22.88,22.88,22.88,22.88,0.0
2022-11-25 05:00:00+00:00,22.88,22.88,22.88,22.88,22.88,0.0
2022-11-28 05:00:00+00:00,22.88,22.88,22.88,22.88,22.88,0.0
2022-11-29 05:00:00+00:00,22.88,22.88,22.88,22.88,22.88,0.0
2022-11-30 05:00:00+00:00,23.99,23.99,23.99,23.99,23.99,307.0
2022-12-01 05:00:00+00:00,23.99,23.99,23.99,23.99,23.99,0.0
2022-12-02 05:00:00+00:00,24.12,24.12,24.12,24.12,24.12,500.0
2022-12-05 05:00:00+00:00,24.12,24.12,24.12,24.12,24.12,0.0
2022-12-06 05:00:00+00:00,23.85,23.85,23.85,23.85,23.85,183.0
2022-12-07 05:00:00+00:00,23.85,23.85,23.85,23.85,23.85,0.0
2022-12-08 05:00:00+00:00,23.85,23.85,23.85,23.85,23.85,0.0
2022-12-09 05:00:00+00:00,23.85,23.85,23.85,23.85,23.85,0.0
2022-12-12 05:00:00+00:00,23.85,23.85,23.85,23.85,23.85,0.0
2022-12-13 05:00:00+00:00,23.85,23.85,23.85,23.85,23.85,0.0
2022-12-14 05:00:00+00:00,23.9,23.9,23.9,23.9,23.9,100.0
2022-12-15 05:00:00+00:00,23.39,23.39,23.39,23.39,23.39,100.0
2022-12-16 05:00:00+00:00,23.79,23.79,23.79,23.79,23.79,0.0
2022-12-19 05:00:00+00:00,23.79,23.79,23.79,23.79,23.79,0.0
2022-12-20 05:00:00+00:00,23.79,23.79,23.79,23.79,23.79,0.0
2022-12-21 05:00:00+00:00,23.79,23.79,23.79,23.79,23.79,0.0
2022-12-22 05:00:00+00:00,23.29,23.52,23.29,23.52,23.52,400.0
2022-12-23 05:00:00+00:00,23.46,23.46,23.46,23.46,23.46,280.0
2022-12-27 05:00:00+00:00,23.78,23.84,23.78,23.84,23.84,396.0
2022-12-28 05:00:00+00:00,23.84,23.84,23.84,23.84,23.84,0.0
2022-12-29 05:00:00+00:00,23.84,23.84,23.84,23.84,23.84,0.0
2022-12-30 05:00:00+00:00,23.49,23.49,23.49,23.49,23.49,152.0
2023-01-03 05:00:00+00:00,23.49,23.49,23.49,23.49,23.49,0.0
2023-01-04 05:00:00+00:00,23.49,23.49,23.49,23.49,23.49,0.0
2023-01-05 05:00:00+00:00,24.34,24.34,24.32,24.32,24.32,1100.0
2023-01-06 05:00:00+00:00,24.65,24.85,24.65,24.85,24.85,313.0
2023-01-09 05:00:00+00:00,23.49,23.49,23.49,23.49,23.49,0.0
2023-01-10 05:00:00+00:00,23.49,23.49,23.49,23.49,23.49,0.0
2023-01-11 05:00:00+00:00,23.49,23.49,23.49,23.49,23.49,0.0
2023-01-12 05:00:00+00:00,23.49,23.49,23.49,23.49,23.49,0.0
2023-01-13 05:00:00+00:00,23.49,23.49,23.49,23.49,23.49,0.0
2023-01-17 05:00:00+00:00,23.49,23.49,23.49,23.49,23.49,0.0
2023-01-18 05:00:00+00:00,23.49,23.49,23.49,23.49,23.49,0.0
2023-01-19 05:00:00+00:00,25.2,25.2,25.18,25.18,25.18,800.0
2023-01-20 05:00:00+00:00,23.49,23.49,23.49,23.49,23.49,0.0
2023-01-23 05:00:00+00:00,23.49,23.49,23.49,23.49,23.49,0.0
2023-01-24 05:00:00+00:00,23.49,23.49,23.49,23.49,23.49,0.0
2023-01-25 05:00:00+00:00,26.05,26.07,26.05,26.07,26.07,640.0
2023-01-26 05:00:00+00:00,23.49,23.49,23.49,23.49,23.49,0.0
2023-01-27 05:00:00+00:00,23.49,23.49,23.49,23.49,23.49,0.0
2023-01-30 05:00:00+00:00,23.49,23.49,23.49,23.49,23.49,0.0
2023-01-31 05:00:00+00:00,23.49,23.49,23.49,23.49,23.49,0.0
2023-02-01 05:00:00+00:00,23.49,23.49,23.49,23.49,23.49,0.0
2023-02-02 05:00:00+00:00,23.49,23.49,23.49,23.49,23.49,0.0
2023-02-03 05:00:00+00:00,23.49,23.49,23.49,23.49,23.49,0.0
2023-02-06 05:00:00+00:00,25.06,25.11,25.06,25.11,25.11,806.0
2023-02-07 05:00:00+00:00,23.49,23.49,23.49,23.49,23.49,0.0
2023-02-08 05:00:00+00:00,25.13,25.13,25.13,25.13,25.13,315.0
2023-02-09 05:00:00+00:00,23.49,23.49,23.49,23.49,23.49,0.0
2023-02-10 05:00:00+00:00,23.49,23.49,23.49,23.49,23.49,0.0
2023-02-13 05:00:00+00:00,23.49,23.49,23.49,23.49,23.49,0.0
2023-02-14 05:00:00+00:00,23.49,23.49,23.49,23.49,23.49,0.0
2023-02-15 05:00:00+00:00,24.87,24.87,24.87,24.87,24.87,300.0
2023-02-16 05:00:00+00:00,23.49,23.49,23.49,23.49,23.49,0.0
2023-02-17 05:00:00+00:00,23.49,23.49,23.49,23.49,23.49,0.0
2023-02-21 05:00:00+00:00,23.49,23.49,23.49,23.49,23.49,0.0
2023-02-22 05:00:00+00:00,24.27,24.27,24.27,24.27,24.27,200.0
2023-02-23 05:00:00+00:00,23.49,23.49,23.49,23.49,23.49,0.0
2023-02-24 05:00:00+00:00,23.49,23.49,23.49,23.49,23.49,0.0
2023-02-27 05:00:00+00:00,23.49,23.49,23.49,23.49,23.49,0.0
2023-02-28 05:00:00+00:00,23.49,23.49,23.49,23.49,23.49,0.0
2023-03-01 05:00:00+00:00,24.37,24.37,24.37,24.37,24.37,500.0
2023-03-02 05:00:00+00:00,24.49,24.49,24.49,24.49,24.49,100.0
2023-03-03 05:00:00+00:00,23.49,23.49,23.49,23.49,23.49,0.0
2023-03-06 05:00:00+00:00,24.62,24.62,24.61,24.61,24.61,1305.0
2023-03-07 05:00:00+00:00,23.49,23.49,23.49,23.49,23.49,0.0
2023-03-08 05:00:00+00:00,24.26,24.32,24.26,24.32,24.32,336.0
2023-03-09 05:00:00+00:00,23.49,23.49,23.49,23.49,23.49,0.0
2023-03-10 05:00:00+00:00,23.59,23.59,23.59,23.59,23.59,500.0
2023-03-13 04:00:00+00:00,23.72,23.72,23.72,23.72,23.72,287.0
2023-03-14 04:00:00+00:00,23.59,23.59,23.59,23.59,23.59,0.0
2023-03-15 04:00:00+00:00,23.59,23.59,23.59,23.59,23.59,0.0
2023-03-16 04:00:00+00:00,23.57,23.69,23.57,23.69,23.69,3452.0
2023-03-17 04:00:00+00:00,23.65,23.66,23.65,23.66,23.66,500.0
2023-03-20 04:00:00+00:00,23.59,23.59,23.59,23.59,23.59,0.0
2023-03-21 04:00:00+00:00,23.81,23.81,23.81,23.81,23.81,100.0
2023-03-22 04:00:00+00:00,23.59,23.59,23.59,23.59,23.59,0.0
2023-03-23 04:00:00+00:00,23.59,23.59,23.59,23.59,23.59,0.0
2023-03-24 04:00:00+00:00,23.59,23.59,23.59,23.59,23.59,0.0
2023-03-27 04:00:00+00:00,23.59,23.59,23.59,23.59,23.59,0.0
2023-03-28 04:00:00+00:00,23.59,23.59,23.59,23.59,23.59,0.0
2023-03-29 04:00:00+00:00,23.59,23.59,23.59,23.59,23.59,0.0
2023-03-30 04:00:00+00:00,23.59,23.59,23.59,23.59,23.59,0.0
2023-03-31 04:00:00+00:00,23.59,23.59,23.59,23.59,23.59,0.0
2023-04-03 04:00:00+00:00,23.59,23.59,23.59,23.59,23.59,0.0
2023-04-04 04:00:00+00:00,23.59,23.59,23.59,23.59,23.59,0.0
2023-04-05 04:00:00+00:00,23.59,23.59,23.59,23.59,23.59,0.0
2023-04-06 04:00:00+00:00,23.59,23.59,23.59,23.59,23.59,0.0
2023-04-10 04:00:00+00:00,23.59,23.59,23.59,23.59,23.59,0.0
2023-04-11 04:00:00+00:00,23.59,23.59,23.59,23.59,23.59,0.0
2023-04-12 04:00:00+00:00,24.58,24.58,24.58,24.58,24.58,189.0
2023-04-13 04:00:00+00:00,23.59,23.59,23.59,23.59,23.59,0.0
2023-04-14 04:00:00+00:00,24.6,24.61,24.6,24.61,24.61,1684.0
2023-04-17 04:00:00+00:00,23.59,23.59,23.59,23.59,23.59,0.0
2023-04-18 04:00:00+00:00,23.59,23.59,23.59,23.59,23.59,0.0
2023-04-19 04:00:00+00:00,23.59,23.59,23.59,23.59,23.59,0.0
2023-04-20 04:00:00+00:00,23.59,23.59,23.59,23.59,23.59,0.0
2023-04-21 04:00:00+00:00,23.59,23.59,23.59,23.59,23.59,0.0
2023-04-24 04:00:00+00:00,23.59,23.59,23.59,23.59,23.59,0.0
2023-04-25 04:00:00+00:00,23.72,23.72,23.72,23.72,23.72,100.0
2023-04-26 04:00:00+00:00,23.59,23.59,23.59,23.59,23.59,0.0
2023-04-27 04:00:00+00:00,23.59,23.59,23.59,23.59,23.59,0.0
2023-04-28 04:00:00+00:00,23.59,23.59,23.59,23.59,23.59,0.0
2023-05-01 04:00:00+00:00,23.59,23.59,23.59,23.59,23.59,0.0
2023-05-02 04:00:00+00:00,23.92,23.93,23.92,23.92,23.92,1172.0
2023-05-03 04:00:00+00:00,23.59,23.59,23.59,23.59,23.59,0.0
2023-05-04 04:00:00+00:00,24.13,24.13,24.13,24.13,24.13,100.0
2023-05-05 04:00:00+00:00,23.59,23.59,23.59,23.59,23.59,0.0
2023-05-08 04:00:00+00:00,24.44,24.44,24.44,24.44,24.44,176.0
2023-05-09 04:00:00+00:00,23.59,23.59,23.59,23.59,23.59,0.0
2023-05-10 04:00:00+00:00,24.29,24.29,24.25,24.25,24.25,1006.0
2023-05-11 04:00:00+00:00,23.59,23.59,23.59,23.59,23.59,0.0
2023-05-12 04:00:00+00:00,23.59,23.59,23.59,23.59,23.59,0.0
2023-05-15 04:00:00+00:00,23.59,23.59,23.59,23.59,23.59,0.0
2023-05-16 04:00:00+00:00,23.59,23.59,23.59,23.59,23.59,0.0
2023-05-17 04:00:00+00:00,23.59,23.59,23.59,23.59,23.59,0.0
2023-05-18 04:00:00+00:00,23.59,23.59,23.59,23.59,23.59,0.0
2023-05-19 04:00:00+00:00,23.59,23.59,23.59,23.59,23.59,0.0
2023-05-22 04:00:00+00:00,23.59,23.59,23.59,23.59,23.59,0.0
2023-05-23 04:00:00+00:00,23.59,23.59,23.59,23.59,23.59,0.0
2023-05-24 04:00:00+00:00,23.59,23.59,23.59,23.59,23.59,0.0
2023-05-25 04:00:00+00:00,23.59,23.59,23.59,23.59,23.59,0.0
2023-05-26 04:00:00+00:00,23.59,23.59,23.59,23.59,23.59,0.0
2023-05-30 04:00:00+00:00,23.59,23.59,23.59,23.59,23.59,0.0
2023-05-31 04:00:00+00:00,23.59,23.59,23.59,23.59,23.59,0.0
2023-06-01 04:00:00+00:00,24.31,24.31,24.31,24.31,24.31,261.0
2023-06-02 04:00:00+00:00,23.59,23.59,23.59,23.59,23.59,0.0
2023-06-05 04:00:00+00:00,23.59,23.59,23.59,23.59,23.59,0.0
2023-06-06 04:00:00+00:00,23.59,23.59,23.59,23.59,23.59,0.0
2023-06-07 04:00:00+00:00,24.88,24.88,24.88,24.88,24.88,184.0
2023-06-08 04:00:00+00:00,24.88,24.88,24.88,24.88,24.88,0.0
2023-06-09 04:00:00+00:00,24.88,24.88,24.88,24.88,24.88,0.0
2023-06-12 04:00:00+00:00,24.88,24.88,24.88,24.88,24.88,0.0
2023-06-13 04:00:00+00:00,24.88,24.88,24.88,24.88,24.88,0.0
2023-06-14 04:00:00+00:00,24.88,24.88,24.88,24.88,24.88,0.0
2023-06-15 04:00:00+00:00,24.88,24.88,24.88,24.88,24.88,0.0
2023-06-16 04:00:00+00:00,24.88,24.88,24.88,24.88,24.88,0.0
2023-06-20 04:00:00+00:00,24.88,24.88,24.88,24.88,24.88,0.0
2023-06-21 04:00:00+00:00,24.88,24.88,24.88,24.88,24.88,0.0
2023-06-22 04:00:00+00:00,24.88,24.88,24.88,24.88,24.88,0.0
2023-06-23 04:00:00+00:00,25.12,25.12,25.12,25.12,25.12,0.0
2023-06-26 04:00:00+00:00,25.12,25.12,25.12,25.12,25.12,0.0
2023-06-27 04:00:00+00:00,25.12,25.12,25.12,25.12,25.12,0.0
2023-06-28 04:00:00+00:00,24.9,24.9,24.9,24.9,24.9,101.0
2023-06-29 04:00:00+00:00,24.9,24.9,24.9,24.9,24.9,0.0
2023-06-30 04:00:00+00:00,24.9,24.9,24.9,24.9,24.9,0.0
2023-07-03 04:00:00+00:00,24.9,24.9,24.9,24.9,24.9,0.0
2023-07-05 04:00:00+00:00,24.9,24.9,24.9,24.9,24.9,0.0
2023-07-06 04:00:00+00:00,24.56,24.57,24.56,24.57,24.57,289.0
2023-07-07 04:00:00+00:00,24.57,24.57,24.57,24.57,24.57,0.0
2023-07-10 04:00:00+00:00,24.91,24.92,24.91,24.92,24.92,300.0
2023-07-11 04:00:00+00:00,25.04,25.04,25.04,25.04,25.04,500.0
2023-07-12 04:00:00+00:00,25.04,25.04,25.04,25.04,25.04,0.0
2023-07-13 04:00:00+00:00,26.01,26.01,26.01,26.01,26.01,213.0
2023-07-14 04:00:00+00:00,26.01,26.01,26.01,26.01,26.01,0.0
2023-07-17 04:00:00+00:00,25.86,25.86,25.86,25.86,25.86,100.0
2023-07-18 04:00:00+00:00,25.78,25.78,25.78,25.78,25.78,585.0
2023-07-19 04:00:00+00:00,25.67,25.67,25.67,25.67,25.67,298.0
2023-07-20 04:00:00+00:00,25.67,25.67,25.67,25.67,25.67,0.0
2023-07-21 04:00:00+00:00,25.67,25.67,25.67,25.67,25.67,0.0
2023-07-24 04:00:00+00:00,25.78,25.78,25.7,25.7,25.7,2940.0
2023-07-25 04:00:00+00:00,25.7,25.7,25.7,25.7,25.7,0.0
2023-07-26 04:00:00+00:00,25.7,25.7,25.7,25.7,25.7,0.0
2023-07-27 04:00:00+00:00,25.7,25.7,25.7,25.7,25.7,0.0
2023-07-28 04:00:00+00:00,25.7,25.7,25.7,25.7,25.7,0.0
2023-07-31 04:00:00+00:00,26.51,26.51,26.51,26.51,26.51,200.0
2023-08-01 04:00:00+00:00,26.51,26.51,26.51,26.51,26.51,0.0
2023-08-02 04:00:00+00:00,26.51,26.51,26.51,26.51,26.51,0.0
2023-08-03 04:00:00+00:00,26.51,26.51,26.51,26.51,26.51,0.0
2023-08-04 04:00:00+00:00,26.51,26.51,26.51,26.51,26.51,0.0
2023-08-07 04:00:00+00:00,26.51,26.51,26.51,26.51,26.51,0.0
2023-08-08 04:00:00+00:00,25.25,25.29,25.25,25.29,25.29,807.0
2023-08-09 04:00:00+00:00,25.29,25.29,25.29,25.29,25.29,0.0
2023-08-10 04:00:00+00:00,25.29,25.29,25.29,25.29,25.29,0.0
2023-08-11 04:00:00+00:00,25.01,25.09,25.01,25.09,25.09,736.0
2023-08-14 04:00:00+00:00,25.09,25.09,25.09,25.09,25.09,0.0
2023-08-15 04:00:00+00:00,25.09,25.09,25.09,25.09,25.09,0.0
2023-08-16 04:00:00+00:00,24.51,24.51,24.51,24.51,24.51,214.0
2023-08-17 04:00:00+00:00,24.51,24.51,24.51,24.51,24.51,0.0
2023-08-18 04:00:00+00:00,24.51,24.51,24.51,24.51,24.51,0.0
2023-08-21 04:00:00+00:00,24.51,24.51,24.51,24.51,24.51,0.0
2023-08-22 04:00:00+00:00,24.51,24.51,24.51,24.51,24.51,0.0
2023-08-23 04:00:00+00:00,24.51,24.51,24.51,24.51,24.51,0.0
2023-08-24 04:00:00+00:00,24.87,24.87,24.87,24.87,24.87,100.0
2023-08-25 04:00:00+00:00,24.87,24.87,24.87,24.87,24.87,0.0
2023-08-28 04:00:00+00:00,24.87,24.87,24.87,24.87,24.87,0.0
2023-08-29 04:00:00+00:00,24.87,24.87,24.87,24.87,24.87,0.0
2023-08-30 04:00:00+00:00,24.87,24.87,24.87,24.87,24.87,0.0
2023-08-31 04:00:00+00:00,25.0,25.0,25.0,25.0,25.0,200.0
2023-09-01 04:00:00+00:00,25.17,25.17,25.17,25.17,25.17,684.0
2023-09-05 04:00:00+00:00,25.17,25.17,25.17,25.17,25.17,0.0
2023-09-06 04:00:00+00:00,25.17,25.17,25.17,25.17,25.17,0.0
2023-09-07 04:00:00+00:00,25.17,25.17,25.17,25.17,25.17,0.0
2023-09-08 04:00:00+00:00,25.17,25.17,25.17,25.17,25.17,0.0
2023-09-11 04:00:00+00:00,25.17,25.17,25.17,25.17,25.17,0.0
2023-09-12 04:00:00+00:00,24.86,24.86,24.86,24.86,24.86,500.0
2023-09-13 04:00:00+00:00,24.87,24.87,24.87,24.87,24.87,500.0
2023-09-14 04:00:00+00:00,24.96,24.96,24.96,24.96,24.96,100.0
2023-09-15 04:00:00+00:00,24.96,24.96,24.96,24.96,24.96,0.0
2023-09-18 04:00:00+00:00,24.8,24.8,24.8,24.8,24.8,500.0
2023-09-19 04:00:00+00:00,24.8,24.8,24.8,24.8,24.8,0.0
2023-09-20 04:00:00+00:00,24.77,24.77,24.57,24.67,24.67,530.0
2023-09-21 04:00:00+00:00,24.67,24.67,24.67,24.67,24.67,0.0
2023-09-22 04:00:00+00:00,24.42,24.42,24.42,24.42,24.42,250.0
2023-09-25 04:00:00+00:00,24.42,24.42,24.42,24.42,24.42,0.0
2023-09-26 04:00:00+00:00,24.42,24.42,24.42,24.42,24.42,0.0
2023-09-27 04:00:00+00:00,24.42,24.42,24.42,24.42,24.42,0.0
2023-09-28 04:00:00+00:00,23.92,23.92,23.92,23.92,23.92,300.0
2023-09-29 04:00:00+00:00,24.1,24.1,24.1,24.1,24.1,230.0
2023-10-02 04:00:00+00:00,24.1,24.1,24.1,24.1,24.1,0.0
2023-10-03 04:00:00+00:00,24.1,24.1,24.1,24.1,24.1,0.0
2023-10-04 04:00:00+00:00,24.1,24.1,24.1,24.1,24.1,0.0
2023-10-05 04:00:00+00:00,23.74,23.74,23.74,23.74,23.74,500.0
2023-10-06 04:00:00+00:00,23.74,23.74,23.74,23.74,23.74,0.0
2023-10-09 04:00:00+00:00,23.74,23.74,23.74,23.74,23.74,0.0
2023-10-10 04:00:00+00:00,24.28,24.28,24.28,24.28,24.28,500.0
2023-10-11 04:00:00+00:00,24.28,24.28,24.28,24.28,24.28,0.0
2023-10-12 04:00:00+00:00,24.28,24.28,24.28,24.28,24.28,0.0
2023-10-13 04:00:00+00:00,24.28,24.28,24.28,24.28,24.28,0.0
2023-10-16 04:00:00+00:00,24.22,24.22,24.22,24.22,24.22,100.0
2023-10-17 04:00:00+00:00,24.01,24.01,24.01,24.01,24.01,100.0
2023-10-18 04:00:00+00:00,23.78,23.78,23.78,23.78,23.78,326.0
2023-10-19 04:00:00+00:00,23.78,23.78,23.78,23.78,23.78,0.0
2023-10-20 04:00:00+00:00,23.78,23.78,23.78,23.78,23.78,0.0
2023-10-23 04:00:00+00:00,23.78,23.78,23.78,23.78,23.78,0.0
2023-10-24 04:00:00+00:00,23.78,23.78,23.78,23.78,23.78,0.0
2023-10-25 04:00:00+00:00,23.78,23.78,23.78,23.78,23.78,0.0
2023-10-26 04:00:00+00:00,23.27,23.27,23.27,23.27,23.27,934.0
2023-10-27 04:00:00+00:00,23.26,23.26,23.22,23.22,23.22,600.0
2023-10-30 04:00:00+00:00,23.58,23.58,23.58,23.58,23.58,210.0
2023-10-31 04:00:00+00:00,23.21,23.21,23.21,23.21,23.21,600.0
2023-11-01 04:00:00+00:00,23.21,23.21,23.21,23.21,23.21,0.0
2023-11-02 04:00:00+00:00,23.21,23.21,23.21,23.21,23.21,0.0
2023-11-03 04:00:00+00:00,23.21,23.21,23.21,23.21,23.21,0.0
2023-11-06 05:00:00+00:00,24.61,24.61,24.61,24.61,24.61,156.0
2023-11-07 05:00:00+00:00,24.59,24.59,24.59,24.59,24.59,406.0
2023-11-08 05:00:00+00:00,24.59,24.59,24.59,24.59,24.59,0.0
2023-11-09 05:00:00+00:00,24.59,24.59,24.59,24.59,24.59,0.0
2023-11-10 05:00:00+00:00,24.43,24.44,24.43,24.44,24.44,600.0
2023-11-13 05:00:00+00:00,24.37,24.59,24.37,24.5,24.5,30578.0
2023-11-14 05:00:00+00:00,24.91,25.06,24.91,25.06,25.06,40600.0
2023-11-15 05:00:00+00:00,25.36,25.38,25.25,25.29,25.29,23500.0
2023-11-16 05:00:00+00:00,25.29,25.29,25.29,25.29,25.29,0.0
2023-11-17 05:00:00+00:00,25.29,25.29,25.29,25.29,25.29,0.0
2023-11-20 05:00:00+00:00,25.43,25.43,25.43,25.43,25.43,4327.0
2023-11-21 05:00:00+00:00,25.43,25.43,25.43,25.43,25.43,0.0
2023-11-22 05:00:00+00:00,25.43,25.43,25.43,25.43,25.43,0.0
2023-11-24 05:00:00+00:00,25.43,25.43,25.43,25.43,25.43,0.0
2023-11-27 05:00:00+00:00,25.43,25.43,25.43,25.43,25.43,0.0
2023-11-28 05:00:00+00:00,25.43,25.43,25.43,25.43,25.43,0.0
2023-11-29 05:00:00+00:00,25.43,25.43,25.43,25.43,25.43,0.0
2023-11-30 05:00:00+00:00,25.25,25.29,25.25,25.29,25.29,600.0
2023-12-01 05:00:00+00:00,25.29,25.29,25.29,25.29,25.29,0.0
2023-12-04 05:00:00+00:00,25.29,25.29,25.29,25.29,25.29,0.0
2023-12-05 05:00:00+00:00,25.29,25.29,25.29,25.29,25.29,0.0
2023-12-06 05:00:00+00:00,25.29,25.29,25.29,25.29,25.29,0.0
2023-12-07 05:00:00+00:00,25.02,25.04,25.02,25.02,25.02,3319.0
2023-12-08 05:00:00+00:00,25.02,25.02,25.02,25.02,25.02,0.0
2023-12-11 05:00:00+00:00,25.02,25.02,25.02,25.02,25.02,0.0
2023-12-12 05:00:00+00:00,25.04,25.04,25.04,25.04,25.04,375.0
2023-12-13 05:00:00+00:00,24.89,25.29,24.89,25.29,25.29,2800.0
2023-12-14 05:00:00+00:00,25.29,25.29,25.29,25.29,25.29,0.0
2023-12-15 05:00:00+00:00,25.55,25.55,25.55,25.55,25.55,0.0
2023-12-18 05:00:00+00:00,25.55,25.55,25.55,25.55,25.55,0.0
2023-12-19 05:00:00+00:00,25.55,25.55,25.55,25.55,25.55,0.0
2023-12-20 05:00:00+00:00,25.5,25.5,24.99,24.99,24.99,249801.0
2023-12-21 05:00:00+00:00,25.41,25.5,25.41,25.5,25.5,2523.0
2023-12-22 05:00:00+00:00,25.5,25.5,25.5,25.5,25.5,0.0
2023-12-26 05:00:00+00:00,25.64,25.64,25.64,25.64,25.64,106.0
2023-12-27 05:00:00+00:00,25.73,25.74,25.66,25.68,25.68,3000.0
2023-12-28 05:00:00+00:00,25.68,25.68,25.68,25.68,25.68,0.0
2023-12-29 05:00:00+00:00,25.68,25.68,25.68,25.68,25.68,0.0
2024-01-02 05:00:00+00:00,25.68,25.68,25.68,25.68,25.68,0.0
2024-01-03 05:00:00+00:00,25.44,25.44,25.37,25.37,25.37,5953.0
2024-01-04 05:00:00+00:00,25.37,25.37,25.37,25.37,25.37,0.0
2024-01-05 05:00:00+00:00,25.37,25.37,25.37,25.37,25.37,0.0
2024-01-08 05:00:00+00:00,25.37,25.37,25.37,25.37,25.37,0.0
2024-01-09 05:00:00+00:00,25.09,25.09,25.09,25.09,25.09,100.0
2024-01-10 05:00:00+00:00,25.09,25.09,25.09,25.09,25.09,0.0
2024-01-11 05:00:00+00:00,25.2,25.2,25.2,25.2,25.2,137.0
2024-01-12 05:00:00+00:00,25.39,25.54,25.39,25.47,25.47,121401.0
2024-01-16 05:00:00+00:00,25.47,25.47,25.47,25.47,25.47,0.0
2024-01-17 05:00:00+00:00,25.47,25.47,25.47,25.47,25.47,0.0
2024-01-18 05:00:00+00:00,25.47,25.47,25.47,25.47,25.47,0.0
2024-01-19 05:00:00+00:00,25.47,25.47,25.47,25.47,25.47,0.0
2024-01-22 05:00:00+00:00,24.67,24.69,24.67,24.69,24.69,200.0
2024-01-23 05:00:00+00:00,24.69,24.69,24.69,24.69,24.69,0.0
2024-01-24 05:00:00+00:00,24.69,24.69,24.69,24.69,24.69,0.0
2024-01-25 05:00:00+00:00,25.4,25.41,25.36,25.36,25.36,400.0
2024-01-26 05:00:00+00:00,25.38,25.38,25.3,25.32,25.32,1179.0
2024-01-29 05:00:00+00:00,25.25,25.25,25.25,25.25,25.25,100.0
2024-01-30 05:00:00+00:00,25.25,25.25,25.25,25.25,25.25,0.0
2024-01-31 05:00:00+00:00,25.03,25.08,24.87,24.87,24.87,3037.0
2024-02-01 05:00:00+00:00,24.87,24.87,24.87,24.87,24.87,0.0
2024-02-02 05:00:00+00:00,25.03,25.03,25.03,25.03,25.03,654.0
2024-02-05 05:00:00+00:00,25.02,25.12,25.02,25.12,25.12,389.0
2024-02-06 05:00:00+00:00,25.12,25.12,25.12,25.12,25.12,0.0
2024-02-07 05:00:00+00:00,25.65,25.65,25.65,25.65,25.65,1275.0
2024-02-08 05:00:00+00:00,25.65,25.65,25.65,25.65,25.65,0.0
2024-02-09 05:00:00+00:00,25.66,25.67,25.66,25.67,25.67,628.0
2024-02-12 05:00:00+00:00,25.98,26.06,25.95,25.95,25.95,2149.0
2024-02-13 05:00:00+00:00,25.95,25.95,25.95,25.95,25.95,0.0
2024-02-14 05:00:00+00:00,25.75,25.86,25.62,25.86,25.86,865.0
2024-02-15 05:00:00+00:00,25.86,25.86,25.86,25.86,25.86,0.0
2024-02-16 05:00:00+00:00,25.86,25.86,25.86,25.86,25.86,0.0
2024-02-20 05:00:00+00:00,26.1,26.1,25.83,25.84,25.84,4238.0
2024-02-21 05:00:00+00:00,26.02,26.02,26.02,26.02,26.02,724.0
2024-02-22 05:00:00+00:00,26.28,26.28,26.28,26.28,26.28,120.0
2024-02-23 05:00:00+00:00,26.16,26.16,26.11,26.16,26.16,43239.0
2024-02-26 05:00:00+00:00,25.99,26.06,25.96,26.06,26.06,26304.0
2024-02-27 05:00:00+00:00,26.06,26.06,26.06,26.06,26.06,0.0
2024-02-28 05:00:00+00:00,26.06,26.06,26.06,26.06,26.06,0.0
2024-02-29 05:00:00+00:00,26.06,26.06,26.06,26.06,26.06,0.0
2024-03-01 05:00:00+00:00,26.13,26.13,26.13,26.13,26.13,936.0
2024-03-04 05:00:00+00:00,26.13,26.13,26.13,26.13,26.13,0.0
2024-03-05 05:00:00+00:00,25.94,25.94,25.94,25.94,25.94,101.0
2024-03-06 05:00:00+00:00,26.27,26.27,26.27,26.27,26.27,371.0
2024-03-07 05:00:00+00:00,26.37,26.37,26.31,26.31,26.31,1194.0
2024-03-08 05:00:00+00:00,26.66,26.66,26.46,26.51,26.51,2551.0
2024-03-11 04:00:00+00:00,26.63,26.63,26.44,26.56,26.56,56565.0
2024-03-12 04:00:00+00:00,26.84,26.84,26.84,26.84,26.84,107.0
2024-03-13 04:00:00+00:00,26.84,26.84,26.84,26.84,26.84,0.0
2024-03-14 04:00:00+00:00,26.58,26.58,26.58,26.58,26.58,178.0
2024-03-15 04:00:00+00:00,26.42,26.42,26.18,26.18,26.18,207.0
2024-03-18 04:00:00+00:00,26.18,26.18,26.18,26.18,26.18,0.0
2024-03-19 04:00:00+00:00,26.18,26.18,26.18,26.18,26.18,0.0
2024-03-20 04:00:00+00:00,26.18,26.18,26.18,26.18,26.18,0.0
2024-03-21 04:00:00+00:00,26.18,26.18,26.18,26.18,26.18,0.0
2024-03-22 04:00:00+00:00,26.18,26.18,26.18,26.18,26.18,0.0
2024-03-25 04:00:00+00:00,26.5,26.5,26.5,26.5,26.5,131.0
2024-03-26 04:00:00+00:00,26.5,26.5,26.5,26.5,26.5,0.0
2024-03-27 04:00:00+00:00,26.42,26.42,26.42,26.42,26.42,204.0
2024-03-28 04:00:00+00:00,26.42,26.42,26.42,26.42,26.42,0.0
2024-04-01 04:00:00+00:00,26.6,26.6,26.6,26.6,26.6,134.0
2024-04-02 04:00:00+00:00,26.6,26.6,26.6,26.6,26.6,0.0
2024-04-03 04:00:00+00:00,26.6,26.6,26.6,26.6,26.6,0.0
2024-04-04 04:00:00+00:00,26.6,26.6,26.6,26.6,26.6,0.0
2024-04-05 04:00:00+00:00,26.64,26.64,26.64,26.64,26.64,252.0
2024-04-08 04:00:00+00:00,26.76,26.79,26.72,26.75,26.75,79229.0
2024-04-09 04:00:00+00:00,27.02,27.02,27.02,27.02,27.02,600.0
2024-04-10 04:00:00+00:00,27.02,27.02,27.02,27.02,27.02,0.0
2024-04-11 04:00:00+00:00,26.75,26.83,26.61,26.81,26.81,117712.0
2024-04-12 04:00:00+00:00,26.23,26.23,26.23,26.23,26.23,100.0
2024-04-15 04:00:00+00:00,26.31,26.31,25.97,25.97,25.97,70558.0
2024-04-16 04:00:00+00:00,25.61,25.67,25.61,25.66,25.66,528.0
2024-04-17 04:00:00+00:00,25.78,25.78,25.58,25.63,25.63,4015.0
2024-04-18 04:00:00+00:00,25.63,25.63,25.63,25.63,25.63,0.0
2024-04-19 04:00:00+00:00,25.63,25.63,25.63,25.63,25.63,0.0
2024-04-22 04:00:00+00:00,25.68,25.68,25.68,25.68,25.68,163.0
2024-04-23 04:00:00+00:00,25.68,25.68,25.68,25.68,25.68,0.0
2024-04-24 04:00:00+00:00,26.24,26.26,26.24,26.26,26.26,278.0
2024-04-25 04:00:00+00:00,26.26,26.26,26.26,26.26,26.26,0.0
2024-04-26 04:00:00+00:00,26.26,26.26,26.26,26.26,26.26,0.0
2024-04-29 04:00:00+00:00,26.26,26.26,26.26,26.26,26.26,0.0
2024-04-30 04:00:00+00:00,26.58,26.58,26.58,26.58,26.58,104.0
2024-05-01 04:00:00+00:00,26.58,26.58,26.58,26.58,26.58,0.0
2024-05-02 04:00:00+00:00,26.58,26.58,26.58,26.58,26.58,0.0
2024-05-03 04:00:00+00:00,26.58,26.58,26.58,26.58,26.58,0.0
2024-05-06 04:00:00+00:00,26.58,26.58,26.58,26.58,26.58,0.0
2024-05-07 04:00:00+00:00,26.58,26.58,26.58,26.58,26.58,0.0
2024-05-08 04:00:00+00:00,26.58,26.58,26.58,26.58,26.58,0.0
2024-05-09 04:00:00+00:00,26.58,26.58,26.58,26.58,26.58,0.0
2024-05-10 04:00:00+00:00,27.49,27.49,27.49,27.49,27.49,162.0
2024-05-13 04:00:00+00:00,27.65,27.66,27.61,27.65,27.65,104820.0
2024-05-14 04:00:00+00:00,27.65,27.65,27.65,27.65,27.65,0.0
2024-05-15 04:00:00+00:00,27.94,28.11,27.94,28.11,28.11,3235.0
2024-05-16 04:00:00+00:00,28.11,28.25,28.11,28.21,28.21,6885.0
2024-05-17 04:00:00+00:00,28.19,28.36,28.19,28.3,28.3,2541.0
2024-05-20 04:00:00+00:00,28.15,28.16,28.15,28.16,28.16,1996.0
2024-05-21 04:00:00+00:00,28.16,28.16,28.16,28.16,28.16,0.0
2024-05-22 04:00:00+00:00,27.91,27.91,27.91,27.91,27.91,100.0
2024-05-23 04:00:00+00:00,27.91,27.91,27.91,27.91,27.91,0.0
2024-05-24 04:00:00+00:00,27.91,27.91,27.91,27.91,27.91,0.0
2024-05-28 04:00:00+00:00,27.86,27.86,27.85,27.85,27.85,959.0
2024-05-29 04:00:00+00:00,27.85,27.85,27.85,27.85,27.85,0.0
2024-05-30 04:00:00+00:00,27.85,27.85,27.85,27.85,27.85,0.0
2024-05-31 04:00:00+00:00,27.85,27.85,27.85,27.85,27.85,0.0
2024-06-03 04:00:00+00:00,27.85,27.85,27.85,27.85,27.85,0.0
2024-06-04 04:00:00+00:00,27.06,27.06,27.06,27.06,27.06,554.0
2024-06-05 04:00:00+00:00,27.43,27.43,27.43,27.43,27.43,108.0
2024-06-06 04:00:00+00:00,27.43,27.43,27.43,27.43,27.43,0.0
2024-06-07 04:00:00+00:00,27.43,27.43,27.43,27.43,27.43,0.0
2024-06-10 04:00:00+00:00,27.43,27.43,27.43,27.43,27.43,0.0
2024-06-11 04:00:00+00:00,27.43,27.43,27.43,27.43,27.43,0.0
2024-06-12 04:00:00+00:00,27.65,27.65,27.65,27.65,27.65,251.0
2024-06-13 04:00:00+00:00,27.65,27.65,27.65,27.65,27.65,0.0
2024-06-14 04:00:00+00:00,27.65,27.65,27.65,27.65,27.65,0.0
2024-06-17 04:00:00+00:00,27.65,27.65,27.63,27.63,27.63,6143.0
2024-06-18 04:00:00+00:00,27.63,27.63,27.63,27.63,27.63,0.0
2024-06-20 04:00:00+00:00,28.11,28.11,28.04,28.05,28.05,981.0
2024-06-21 04:00:00+00:00,28.03,28.03,28.01,28.01,28.01,613.0
2024-06-24 04:00:00+00:00,28.01,28.01,28.01,28.01,28.01,0.0
2024-06-25 04:00:00+00:00,28.01,28.01,28.01,28.01,28.01,0.0
2024-06-26 04:00:00+00:00,28.01,28.01,28.01,28.01,28.01,0.0
2024-06-27 04:00:00+00:00,27.86,27.86,27.86,27.86,27.86,100.0
2024-06-28 04:00:00+00:00,27.95,28.03,27.95,28.03,28.03,611.0
2024-07-01 04:00:00+00:00,28.03,28.03,28.03,28.03,28.03,0.0
2024-07-02 04:00:00+00:00,28.03,28.03,28.03,28.03,28.03,0.0
2024-07-03 04:00:00+00:00,28.03,28.03,28.03,28.03,28.03,0.0
2024-07-05 04:00:00+00:00,28.62,28.68,28.5,28.68,28.68,2629.0
2024-07-08 04:00:00+00:00,28.69,28.69,28.68,28.68,28.68,1045.0
2024-07-09 04:00:00+00:00,28.85,28.85,28.85,28.85,28.85,200.0
2024-07-10 04:00:00+00:00,28.89,28.97,28.88,28.97,28.97,7914.0
2024-07-11 04:00:00+00:00,29.22,29.22,29.22,29.22,29.22,102.0
2024-07-12 04:00:00+00:00,29.22,29.22,29.22,29.22,29.22,0.0
2024-07-15 04:00:00+00:00,29.15,29.2,29.03,29.03,29.03,3330.0
2024-07-16 04:00:00+00:00,29.03,29.03,29.03,29.03,29.03,0.0
2024-07-17 04:00:00+00:00,29.03,29.03,29.03,29.03,29.03,0.0
2024-07-18 04:00:00+00:00,29.03,29.03,29.03,29.03,29.03,0.0
2024-07-19 04:00:00+00:00,29.03,29.03,29.03,29.03,29.03,0.0
2024-07-22 04:00:00+00:00,29.03,29.03,29.03,29.03,29.03,0.0
2024-07-23 04:00:00+00:00,28.15,28.31,28.12,28.31,28.31,600.0
2024-07-24 04:00:00+00:00,28.31,28.31,28.31,28.31,28.31,0.0
2024-07-25 04:00:00+00:00,28.31,28.31,28.31,28.31,28.31,0.0
2024-07-26 04:00:00+00:00,28.0,28.0,28.0,28.0,28.0,106.0
2024-07-29 04:00:00+00:00,28.0,28.0,28.0,28.0,28.0,0.0
2024-07-30 04:00:00+00:00,27.78,27.78,27.78,27.78,27.78,270.0
2024-07-31 04:00:00+00:00,27.78,27.78,27.78,27.78,27.78,0.0
2024-08-01 04:00:00+00:00,28.33,28.36,27.9,27.9,27.9,916.0
2024-08-02 04:00:00+00:00,27.9,27.9,27.9,27.9,27.9,0.0
2024-08-05 04:00:00+00:00,26.16,26.16,26.16,26.16,26.16,345.0
2024-08-06 04:00:00+00:00,26.93,27.19,26.91,27.07,27.07,2621.0
2024-08-07 04:00:00+00:00,27.07,27.07,27.07,27.07,27.07,0.0
2024-08-08 04:00:00+00:00,27.83,27.83,27.83,27.83,27.83,144.0
2024-08-09 04:00:00+00:00,27.88,27.89,27.88,27.89,27.89,600.0
2024-08-12 04:00:00+00:00,27.96,28.09,27.96,28.0,28.0,11788.0
2024-08-13 04:00:00+00:00,28.09,28.09,28.09,28.09,28.09,110.0
2024-08-14 04:00:00+00:00,28.16,28.18,28.06,28.18,28.18,2200.0
2024-08-15 04:00:00+00:00,28.18,28.18,28.18,28.18,28.18,0.0
2024-08-16 04:00:00+00:00,28.18,28.18,28.18,28.18,28.18,0.0
2024-08-19 04:00:00+00:00,28.18,28.18,28.18,28.18,28.18,0.0
2024-08-20 04:00:00+00:00,28.18,28.18,28.18,28.18,28.18,0.0
2024-08-21 04:00:00+00:00,28.18,28.18,28.18,28.18,28.18,0.0
2024-08-22 04:00:00+00:00,28.18,28.18,28.18,28.18,28.18,0.0
2024-08-23 04:00:00+00:00,28.18,28.18,28.18,28.18,28.18,0.0
2024-08-26 04:00:00+00:00,28.18,28.18,28.18,28.18,28.18,0.0
2024-08-27 04:00:00+00:00,28.18,28.18,28.18,28.18,28.18,0.0
2024-08-28 04:00:00+00:00,28.33,28.33,28.17,28.22,28.22,4379.0
2024-08-29 04:00:00+00:00,28.22,28.22,28.22,28.22,28.22,0.0
2024-08-30 04:00:00+00:00,28.38,28.38,28.38,28.38,28.38,2560.0
2024-09-03 04:00:00+00:00,28.38,28.38,28.38,28.38,28.38,0.0
2024-09-04 04:00:00+00:00,27.94,28.02,27.79,27.81,27.81,7271.0
2024-09-05 04:00:00+00:00,27.81,27.81,27.81,27.81,27.81,0.0
2024-09-06 04:00:00+00:00,27.96,27.96,27.63,27.69,27.69,16628.0
2024-09-09 04:00:00+00:00,27.69,27.69,27.69,27.69,27.69,0.0
2024-09-10 04:00:00+00:00,27.69,27.69,27.69,27.69,27.69,0.0
2024-09-11 04:00:00+00:00,28.03,28.03,28.03,28.03,28.03,123.0
2024-09-12 04:00:00+00:00,28.11,28.17,28.11,28.17,28.17,214.0
2024-09-13 04:00:00+00:00,28.42,28.44,28.42,28.44,28.44,200.0
2024-09-16 04:00:00+00:00,28.48,28.64,28.42,28.51,28.51,11208.0
2024-09-17 04:00:00+00:00,28.64,28.64,28.64,28.64,28.64,500.0
2024-09-18 04:00:00+00:00,28.53,28.53,28.53,28.53,28.53,100.0
2024-09-19 04:00:00+00:00,28.91,29.02,28.87,29.02,29.02,1100.0
2024-09-20 04:00:00+00:00,29.02,29.02,29.02,29.02,29.02,0.0
2024-09-23 04:00:00+00:00,29.26,29.26,29.26,29.26,29.26,100.0
2024-09-24 04:00:00+00:00,29.6,30.15,29.39,30.15,30.15,5393.0
2024-09-25 04:00:00+00:00,30.15,30.15,30.15,30.15,30.15,0.0
2024-09-26 04:00:00+00:00,30.15,30.15,30.15,30.15,30.15,0.0
2024-09-27 04:00:00+00:00,30.15,30.15,30.15,30.15,30.15,0.0
2024-09-30 04:00:00+00:00,30.15,30.15,30.15,30.15,30.15,0.0
2024-10-01 04:00:00+00:00,30.15,30.15,30.15,30.15,30.15,0.0
2024-10-02 04:00:00+00:00,30.15,30.15,30.15,30.15,30.15,0.0
2024-10-03 04:00:00+00:00,30.15,30.15,30.15,30.15,30.15,0.0
2024-10-04 04:00:00+00:00,30.15,30.15,30.15,30.15,30.15,0.0
2024-10-07 04:00:00+00:00,30.15,30.15,30.15,30.15,30.15,0.0
2024-10-08 04:00:00+00:00,30.83,30.83,30.81,30.81,30.81,526.0
2024-10-09 04:00:00+00:00,30.81,30.81,30.81,30.81,30.81,0.0
2024-10-10 04:00:00+00:00,30.81,30.81,30.81,30.81,30.81,0.0
2024-10-11 04:00:00+00:00,30.41,30.41,30.41,30.41,30.41,100.0
2024-10-14 04:00:00+00:00,30.41,30.41,30.41,30.41,30.41,0.0
2024-10-15 04:00:00+00:00,30.41,30.41,30.41,30.41,30.41,0.0
2024-10-16 04:00:00+00:00,30.41,30.41,30.41,30.41,30.41,0.0
2024-10-17 04:00:00+00:00,30.41,30.41,30.41,30.41,30.41,0.0
2024-10-18 04:00:00+00:00,30.6,30.6,30.6,30.6,30.6,1288.0
2024-10-21 04:00:00+00:00,30.6,30.6,30.6,30.6,30.6,0.0
2024-10-22 04:00:00+00:00,30.6,30.6,30.6,30.6,30.6,0.0
2024-10-23 04:00:00+00:00,30.6,30.6,30.6,30.6,30.6,0.0
2024-10-24 04:00:00+00:00,29.98,30.0,29.86,29.89,29.89,3585.0
2024-10-25 04:00:00+00:00,29.89,29.89,29.89,29.89,29.89,0.0
2024-10-28 04:00:00+00:00,30.21,30.21,30.1,30.1,30.1,1006.0
2024-10-29 04:00:00+00:00,30.1,30.1,30.1,30.1,30.1,0.0
2024-10-30 04:00:00+00:00,30.1,30.1,30.1,30.1,30.1,0.0
2024-10-31 04:00:00+00:00,30.1,30.1,30.1,30.1,30.1,0.0
2024-11-01 04:00:00+00:00,30.1,30.1,30.1,30.1,30.1,0.0
2024-11-04 05:00:00+00:00,29.93,29.93,29.8,29.8,29.8,245.0
2024-11-05 05:00:00+00:00,30.29,30.29,30.29,30.29,30.29,400.0
2024-11-06 05:00:00+00:00,30.29,30.29,30.29,30.29,30.29,0.0
2024-11-07 05:00:00+00:00,30.29,30.29,30.29,30.29,30.29,0.0
2024-11-08 05:00:00+00:00,30.22,30.3,30.22,30.3,30.3,400.0
2024-11-11 05:00:00+00:00,29.85,29.85,29.85,29.85,29.85,167.0
2024-11-12 05:00:00+00:00,29.19,29.19,29.19,29.19,29.19,1527.0
2024-11-13 05:00:00+00:00,29.11,29.11,28.72,28.83,28.83,7789.0
2024-11-14 05:00:00+00:00,28.83,28.83,28.83,28.83,28.83,0.0
2024-11-15 05:00:00+00:00,28.83,28.83,28.83,28.83,28.83,0.0
2024-11-18 05:00:00+00:00,28.92,29.0,28.92,29.0,29.0,700.0
2024-11-19 05:00:00+00:00,29.14,29.14,29.14,29.14,29.14,204.0
2024-11-20 05:00:00+00:00,29.14,29.14,29.14,29.14,29.14,0.0
2024-11-21 05:00:00+00:00,28.97,28.97,28.97,28.97,28.97,100.0
2024-11-22 05:00:00+00:00,28.97,28.97,28.97,28.97,28.97,0.0
2024-11-25 05:00:00+00:00,28.97,28.97,28.97,28.97,28.97,0.0
2024-11-26 05:00:00+00:00,28.86,28.86,28.86,28.86,28.86,100.0
2024-11-27 05:00:00+00:00,28.86,28.86,28.86,28.86,28.86,0.0
2024-11-29 05:00:00+00:00,28.86,28.86,28.86,28.86,28.86,0.0
2024-12-02 05:00:00+00:00,28.86,28.86,28.86,28.86,28.86,0.0
2024-12-03 05:00:00+00:00,28.86,28.86,28.86,28.86,28.86,0.0
2024-12-04 05:00:00+00:00,28.86,28.86,28.86,28.86,28.86,0.0
2024-12-05 05:00:00+00:00,28.86,28.86,28.86,28.86,28.86,0.0
2024-12-06 05:00:00+00:00,29.37,29.37,29.37,29.37,29.37,201.0
2024-12-09 05:00:00+00:00,29.37,29.37,29.37,29.37,29.37,0.0
2024-12-10 05:00:00+00:00,29.35,29.35,29.2,29.21,29.21,28274.0
2024-12-11 05:00:00+00:00,29.35,29.56,29.35,29.56,29.56,3427.0
2024-12-12 05:00:00+00:00,29.44,29.44,29.27,29.29,29.29,5970.0
2024-12-13 05:00:00+00:00,29.38,29.38,29.38,29.38,29.38,2389.0
2024-12-16 05:00:00+00:00,29.15,29.27,29.15,29.27,29.27,1524.0
2024-12-17 05:00:00+00:00,29.27,29.27,29.27,29.27,29.27,0.0
2024-12-18 05:00:00+00:00,29.27,29.27,29.27,29.27,29.27,0.0
2024-12-19 05:00:00+00:00,29.27,29.27,29.27,29.27,29.27,0.0
2024-12-20 05:00:00+00:00,31.18,31.18,31.18,31.18,31.18,0.0
2024-12-23 05:00:00+00:00,31.18,31.18,31.18,31.18,31.18,0.0
2024-12-24 05:00:00+00:00,31.18,31.18,31.18,31.18,31.18,0.0
2024-12-26 05:00:00+00:00,29.05,29.16,29.05,29.16,29.16,1780.0
2024-12-27 05:00:00+00:00,29.16,29.16,29.16,29.16,29.16,0.0
2024-12-30 05:00:00+00:00,29.16,29.16,29.16,29.16,29.16,0.0
2024-12-31 05:00:00+00:00,29.16,29.16,29.16,29.16,29.16,0.0
2025-01-02 05:00:00+00:00,29.16,29.16,29.16,29.16,29.16,0.0
2025-01-03 05:00:00+00:00,29.16,29.16,29.16,29.16,29.16,0.0
2025-01-06 05:00:00+00:00,28.85,28.85,28.85,28.85,28.85,205.0
2025-01-07 05:00:00+00:00,28.85,28.85,28.85,28.85,28.85,0.0
2025-01-08 05:00:00+00:00,28.85,28.85,28.85,28.85,28.85,0.0
2025-01-10 05:00:00+00:00,28.85,28.85,28.85,28.85,28.85,0.0
2025-01-13 05:00:00+00:00,28.85,28.85,28.85,28.85,28.85,0.0
2025-01-14 05:00:00+00:00,27.87,27.97,27.85,27.97,27.97,2955.0
2025-01-15 05:00:00+00:00,27.97,27.97,27.97,27.97,27.97,0.0
2025-01-16 05:00:00+00:00,27.97,27.97,27.97,27.97,27.97,0.0
2025-01-17 05:00:00+00:00,27.97,27.97,27.97,27.97,27.97,0.0
2025-01-21 05:00:00+00:00,27.97,27.97,27.97,27.97,27.97,0.0
2025-01-22 05:00:00+00:00,28.78,28.78,28.77,28.77,28.77,254.0
2025-01-23 05:00:00+00:00,28.86,28.86,28.86,28.86,28.86,1012.0
2025-01-24 05:00:00+00:00,29.11,29.11,29.11,29.11,29.11,505.0
2025-01-27 05:00:00+00:00,28.52,28.52,28.52,28.52,28.52,100.0
2025-01-28 05:00:00+00:00,28.52,28.52,28.52,28.52,28.52,0.0
2025-01-29 05:00:00+00:00,28.52,28.52,28.52,28.52,28.52,0.0
2025-01-30 05:00:00+00:00,28.52,28.52,28.52,28.52,28.52,0.0
2025-01-31 05:00:00+00:00,28.93,28.93,28.93,28.93,28.93,101.0
2025-02-03 05:00:00+00:00,28.93,28.93,28.93,28.93,28.93,0.0
2025-02-04 05:00:00+00:00,29.25,29.25,29.25,29.25,29.25,123.0
2025-02-05 05:00:00+00:00,29.25,29.25,29.18,29.18,29.18,1205.0
2025-02-06 05:00:00+00:00,29.38,29.38,29.38,29.38,29.38,101.0
2025-02-07 05:00:00+00:00,29.66,29.7,29.4,29.48,29.48,853.0
2025-02-10 05:00:00+00:00,29.64,29.72,29.64,29.72,29.72,612.0
2025-02-11 05:00:00+00:00,29.68,29.68,29.675,29.675,29.675,352.0
2025-02-12 05:00:00+00:00,29.675,29.675,29.675,29.675,29.675,0.0
2025-02-13 05:00:00+00:00,30.06,30.06,30.06,30.06,30.06,196.0
2025-02-14 05:00:00+00:00,30.06,30.06,30.06,30.06,30.06,0.0
2025-02-18 05:00:00+00:00,30.06,30.06,30.06,30.06,30.06,0.0
2025-02-19 05:00:00+00:00,30.06,30.06,30.06,30.06,30.06,0.0
2025-02-20 05:00:00+00:00,30.6,30.62,30.6,30.62,30.62,200.0
2025-02-21 05:00:00+00:00,30.78,30.78,30.78,30.78,30.78,162.0
2025-02-24 05:00:00+00:00,30.78,30.78,30.78,30.78,30.78,0.0
2025-02-25 05:00:00+00:00,30.78,30.78,30.78,30.78,30.78,0.0
2025-02-26 05:00:00+00:00,30.78,30.78,30.78,30.78,30.78,0.0
2025-02-27 05:00:00+00:00,30.78,30.78,30.78,30.78,30.78,0.0
2025-02-28 05:00:00+00:00,29.53,29.58,29.53,29.58,29.58,658.0
2025-03-03 05:00:00+00:00,29.58,29.58,29.58,29.58,29.58,0.0
2025-03-04 05:00:00+00:00,29.58,29.58,29.58,29.58,29.58,0.0
2025-03-05 05:00:00+00:00,30.12,30.14,30.12,30.14,30.14,1113.0
2025-03-06 05:00:00+00:00,30.14,30.14,30.14,30.14,30.14,0.0
2025-03-07 05:00:00+00:00,30.33,30.33,30.33,30.33,30.33,100.0
2025-03-10 04:00:00+00:00,30.06,30.08,30.0,30.08,30.08,423.0
2025-03-11 04:00:00+00:00,29.95,29.95,29.95,29.95,29.95,324.0
2025-03-12 04:00:00+00:00,29.95,29.95,29.95,29.95,29.95,0.0
2025-03-13 04:00:00+00:00,29.89,29.89,29.89,29.89,29.89,255.0
2025-03-14 04:00:00+00:00,30.34,30.34,30.34,30.34,30.34,100.0
2025-03-17 04:00:00+00:00,30.34,30.34,30.34,30.34,30.34,0.0
2025-03-18 04:00:00+00:00,30.34,30.34,30.34,30.34,30.34,0.0
2025-03-19 04:00:00+00:00,30.34,30.34,30.34,30.34,30.34,0.0
2025-03-20 04:00:00+00:00,30.34,30.34,30.34,30.34,30.34,0.0
2025-03-21 04:00:00+00:00,30.34,30.34,30.34,30.34,30.34,0.0
2025-03-24 04:00:00+00:00,30.34,30.34,30.34,30.34,30.34,0.0
2025-03-25 04:00:00+00:00,30.29,30.3,30.29,30.29,30.29,1311.0
2025-03-26 04:00:00+00:00,30.29,30.29,30.29,30.29,30.29,0.0
2025-03-27 04:00:00+00:00,30.27,30.31,30.19,30.19,30.19,1629.0
2025-03-28 04:00:00+00:00,29.89,29.89,29.52,29.56,29.56,2752.0
2025-03-31 04:00:00+00:00,29.56,29.56,29.56,29.56,29.56,0.0
2025-04-01 04:00:00+00:00,29.56,29.56,29.56,29.56,29.56,0.0
2025-04-02 04:00:00+00:00,29.56,29.56,29.56,29.56,29.56,0.0
2025-04-03 04:00:00+00:00,29.56,29.56,29.56,29.56,29.56,0.0
