Date,Open,High,Low,Close,Adj Close,Volume
2020-08-14 04:00:00+00:00,1.1,1.1,1.1,1.1,1.1,100.0
2020-08-21 04:00:00+00:00,1.11,1.11,0.93,0.93,0.93,200.0
2020-09-03 04:00:00+00:00,1.1,1.11,1.09,1.09,1.09,752.0
2020-09-11 04:00:00+00:00,1.1,1.1,1.1,1.1,1.1,100.0
2020-09-14 04:00:00+00:00,1.11,1.11,1.11,1.11,1.11,200.0
2020-10-02 04:00:00+00:00,1.06,1.06,1.06,1.06,1.06,100.0
2020-10-08 04:00:00+00:00,1.025,1.05,1.005,1.05,1.05,11500.0
2020-10-15 04:00:00+00:00,1.0,1.0,1.0,1.0,1.0,200.0
2020-10-26 04:00:00+00:00,0.8999,0.8999,0.8999,0.8999,0.8999,700.0
2020-10-30 04:00:00+00:00,0.825,0.825,0.825,0.825,0.825,100.0
2020-11-02 05:00:00+00:00,1.45,1.45,0.99,1.0,1.0,2045.0
2020-11-03 05:00:00+00:00,0.9,0.9,0.9,0.9,0.9,200.0
2020-11-04 05:00:00+00:00,0.9,0.92,0.9,0.9,0.9,925.0
2020-11-05 05:00:00+00:00,0.9,0.9501,0.9,0.9501,0.9501,800.0
2020-11-10 05:00:00+00:00,0.8499,0.8499,0.8,0.8,0.8,300.0
2020-11-13 05:00:00+00:00,1.09,1.24,1.09,1.24,1.24,500.0
2020-11-16 05:00:00+00:00,1.68,2.025,1.48,1.91,1.91,75669.0
2020-11-17 05:00:00+00:00,1.67,1.83,1.645,1.645,1.645,1630.0
2020-11-18 05:00:00+00:00,1.68,1.73,1.66,1.73,1.73,14844.0
2020-11-19 05:00:00+00:00,1.75,1.75,1.73,1.73,1.73,650.0
2020-11-20 05:00:00+00:00,1.72,1.81,1.72,1.81,1.81,355.0
2020-11-23 05:00:00+00:00,1.84,1.84,1.77,1.77,1.77,900.0
2020-11-24 05:00:00+00:00,1.74,1.74,1.66,1.66,1.66,300.0
2020-11-25 05:00:00+00:00,1.71,1.85,1.71,1.83,1.83,2381.0
2020-11-27 05:00:00+00:00,2.085,2.11,2.01,2.1,2.1,20490.0
2020-11-30 05:00:00+00:00,2.61,2.61,1.99,2.035,2.035,4354.0
2020-12-01 05:00:00+00:00,1.97,1.98,1.93,1.93,1.93,4013.0
2020-12-02 05:00:00+00:00,1.93,1.995,1.93,1.995,1.995,4800.0
2020-12-03 05:00:00+00:00,2.1,2.395,2.1,2.275,2.275,69641.0
2020-12-04 05:00:00+00:00,2.29,2.585,2.29,2.585,2.585,27113.0
2020-12-07 05:00:00+00:00,2.67,2.75,2.55,2.74,2.74,3999.0
2020-12-08 05:00:00+00:00,2.7,2.78,2.54,2.57,2.57,13364.0
2020-12-09 05:00:00+00:00,2.74,2.99,2.66,2.69,2.69,12718.0
2020-12-10 05:00:00+00:00,2.88,2.98,2.82,2.98,2.98,1192.0
2020-12-11 05:00:00+00:00,3.01,3.01,2.61,2.8,2.8,1733.0
2020-12-14 05:00:00+00:00,2.85,2.87,2.45,2.54,2.54,25057.0
2020-12-15 05:00:00+00:00,2.56,2.56,2.33,2.43,2.43,2054.0
2020-12-16 05:00:00+00:00,2.46,2.46,2.16,2.22,2.22,3488.0
2020-12-17 05:00:00+00:00,2.52,2.52,2.52,2.52,2.52,100.0
2020-12-18 05:00:00+00:00,2.59,2.6,2.45,2.46,2.46,1590.0
2020-12-21 05:00:00+00:00,2.72,2.9,2.72,2.9,2.9,2641.0
2020-12-22 05:00:00+00:00,3.2,3.22,2.9,2.9,2.9,1546.0
2020-12-23 05:00:00+00:00,3.3,3.46,3.3,3.33,3.33,7888.0
2020-12-24 05:00:00+00:00,3.71,3.71,3.26,3.5,3.5,1201.0
2020-12-28 05:00:00+00:00,4.31,4.5,4.02,4.4,4.4,17568.0
2020-12-29 05:00:00+00:00,4.34,4.34,4.19,4.19,4.19,300.0
2020-12-31 05:00:00+00:00,4.4,4.4,4.4,4.4,4.4,255.0
2021-01-05 05:00:00+00:00,3.73,4.11,3.71,4.11,4.11,862.0
2021-01-07 05:00:00+00:00,4.5,4.5,4.5,4.5,4.5,204.0
2021-01-08 05:00:00+00:00,4.06,4.06,4.06,4.06,4.06,100.0
2021-01-11 05:00:00+00:00,4.03,4.14,4.01,4.01,4.01,1022.0
2021-01-12 05:00:00+00:00,3.99,4.01,3.94,3.96,3.96,13800.0
2021-01-13 05:00:00+00:00,3.84,3.96,3.81,3.96,3.96,325.0
2021-01-14 05:00:00+00:00,3.9,4.97,3.9,4.82,4.82,9419.0
2021-01-15 05:00:00+00:00,4.51,4.6,4.3,4.3,4.3,5668.0
2021-01-19 05:00:00+00:00,4.26,4.71,4.26,4.47,4.47,2206.0
2021-01-20 05:00:00+00:00,4.5,4.5,4.41,4.41,4.41,1400.0
2021-01-21 05:00:00+00:00,5.01,6.49,4.8,5.88,5.88,31390.0
2021-01-22 05:00:00+00:00,5.67,6.8,5.67,6.03,6.03,2000.0
2021-01-25 05:00:00+00:00,6.37,6.77,6.21,6.5,6.5,10297.0
2021-01-26 05:00:00+00:00,6.02,6.98,6.02,6.98,6.98,58466.0
2021-01-27 05:00:00+00:00,6.61,6.71,5.88,6.4,6.4,1510.0
2021-01-28 05:00:00+00:00,5.99,5.99,5.78,5.78,5.78,1153.0
2021-01-29 05:00:00+00:00,4.65,5.57,4.65,5.36,5.36,956.0
2021-02-01 05:00:00+00:00,5.4,5.465,5.05,5.465,5.465,1490.0
2021-02-02 05:00:00+00:00,5.81,5.89,5.81,5.89,5.89,300.0
2021-02-03 05:00:00+00:00,5.84,6.29,5.84,6.29,6.29,1300.0
2021-02-04 05:00:00+00:00,6.77,7.7,6.6,7.38,7.38,32314.0
2021-02-05 05:00:00+00:00,7.87,10.87,7.77,10.87,10.87,54287.0
2021-02-08 05:00:00+00:00,12.84,14.0,12.34,13.5,13.5,28466.0
2021-02-09 05:00:00+00:00,13.08,13.61,12.81,13.11,13.11,692.0
2021-02-10 05:00:00+00:00,13.12,13.88,12.04,12.5,12.5,9707.0
2021-02-11 05:00:00+00:00,12.69,13.48,12.69,13.48,13.48,22260.0
2021-02-12 05:00:00+00:00,13.19,14.1,13.19,13.73,13.73,2552.0
2021-02-16 05:00:00+00:00,14.485,14.58,14.05,14.05,14.05,5083.0
2021-02-17 05:00:00+00:00,12.85,13.36,12.85,13.36,13.36,11522.0
2021-02-18 05:00:00+00:00,12.725,13.39,12.65,13.0,13.0,4660.0
2021-02-19 05:00:00+00:00,14.5,14.5,14.4,14.5,14.5,9596.0
2021-02-22 05:00:00+00:00,13.24,13.24,12.64,12.64,12.64,200.0
2021-02-23 05:00:00+00:00,11.425,11.74,10.85,10.9,10.9,3292.0
2021-02-24 05:00:00+00:00,10.95,10.95,10.95,10.95,10.95,610.0
2021-02-25 05:00:00+00:00,11.205,11.39,8.78,9.86,9.86,5350.0
2021-02-26 05:00:00+00:00,10.6,10.6,9.8,9.91,9.91,1700.0
2021-03-01 05:00:00+00:00,11.75,14.46,11.75,13.52,13.52,2282.0
2021-03-02 05:00:00+00:00,12.96,14.275,12.96,14.255,14.255,500.0
2021-03-03 05:00:00+00:00,12.18,12.18,10.3,10.3,10.3,698.0
2021-03-04 05:00:00+00:00,9.84,9.84,6.31,7.94,7.94,2325.0
2021-03-05 05:00:00+00:00,6.34,8.89,6.21,8.21,8.21,2843.0
2021-03-08 05:00:00+00:00,9.75,10.5,9.75,10.5,10.5,1289.0
2021-03-09 05:00:00+00:00,10.305,10.305,10.115,10.115,10.115,800.0
2021-03-10 05:00:00+00:00,11.04,11.4,10.22,11.11,11.11,2888.0
2021-03-11 05:00:00+00:00,12.01,13.07,12.01,12.27,12.27,5450.0
2021-03-12 05:00:00+00:00,13.83,14.1,12.91,12.99,12.99,6618.0
2021-03-15 04:00:00+00:00,12.76,12.76,12.51,12.6,12.6,1049.0
2021-03-16 04:00:00+00:00,13.06,13.06,12.49,12.49,12.49,4880.0
2021-03-17 04:00:00+00:00,13.24,14.375,12.46,13.75,13.75,34700.0
2021-03-18 04:00:00+00:00,18.01,19.17,17.2,17.2,17.2,9626.0
2021-03-19 04:00:00+00:00,18.99,19.55,17.71,19.34,19.34,18438.0
2021-03-22 04:00:00+00:00,19.58,20.41,16.79,19.89,19.89,5674.0
2021-03-23 04:00:00+00:00,19.1,19.1,17.0,18.76,18.76,3721.0
2021-03-24 04:00:00+00:00,19.55,19.82,18.0,19.45,19.45,11700.0
2021-03-25 04:00:00+00:00,18.0,18.3,17.0,17.8,17.8,4102.0
2021-03-26 04:00:00+00:00,15.8,16.0,13.99,13.99,13.99,2359.0
2021-03-29 04:00:00+00:00,15.5,15.5,12.54,12.54,12.54,821.0
2021-03-30 04:00:00+00:00,12.11,12.41,11.01,11.25,11.25,2655.0
2021-03-31 04:00:00+00:00,13.65,13.65,13.65,13.65,13.65,9000.0
2021-04-01 04:00:00+00:00,14.6,14.6,12.5,12.76,12.76,8736.0
2021-04-05 04:00:00+00:00,14.57,14.57,12.43,12.43,12.43,690.0
2021-04-06 04:00:00+00:00,13.28,13.43,13.25,13.43,13.43,520.0
2021-04-07 04:00:00+00:00,14.16,14.98,14.16,14.98,14.98,400.0
2021-04-08 04:00:00+00:00,15.1,15.1,15.1,15.1,15.1,200.0
2021-04-09 04:00:00+00:00,16.71,16.87,16.02,16.09,16.09,15872.0
2021-04-12 04:00:00+00:00,16.23,16.305,15.69,15.69,15.69,772.0
2021-04-13 04:00:00+00:00,16.25,16.885,16.25,16.72,16.72,13924.0
2021-04-15 04:00:00+00:00,17.18,17.18,17.055,17.055,17.055,2400.0
2021-04-16 04:00:00+00:00,15.34,15.34,15.12,15.12,15.12,300.0
2021-04-19 04:00:00+00:00,12.13,12.55,12.13,12.44,12.44,915.0
2021-04-20 04:00:00+00:00,10.97,10.97,10.97,10.97,10.97,166.0
2021-04-21 04:00:00+00:00,11.24,13.87,11.12,12.83,12.83,19385.0
2021-04-22 04:00:00+00:00,13.79,14.0,13.79,14.0,14.0,200.0
2021-04-23 04:00:00+00:00,15.72,15.9,15.15,15.15,15.15,5228.0
2021-04-26 04:00:00+00:00,15.47,16.45,15.36,16.45,16.45,887.0
2021-04-27 04:00:00+00:00,15.37,15.37,14.88,14.98,14.98,4568.0
2021-05-03 04:00:00+00:00,14.5,14.715,14.45,14.715,14.715,1400.0
2021-05-04 04:00:00+00:00,13.92,13.92,13.88,13.88,13.88,200.0
2021-05-06 04:00:00+00:00,7.69,7.69,4.065,5.25,5.25,76727.0
2021-05-07 04:00:00+00:00,4.82,6.085,4.805,5.605,5.605,42506.0
2021-05-10 04:00:00+00:00,5.685,5.75,4.18,4.185,4.185,20246.0
2021-05-11 04:00:00+00:00,3.95,5.0,3.58,4.85,4.85,8352.0
2021-05-12 04:00:00+00:00,4.845,4.845,4.3,4.6,4.6,12199.0
2021-05-13 04:00:00+00:00,4.5,4.5,3.375,3.905,3.905,10253.0
2021-05-14 04:00:00+00:00,4.07,4.65,4.07,4.55,4.55,6321.0
2021-05-17 04:00:00+00:00,3.95,5.1,3.95,5.03,5.03,8828.0
2021-05-18 04:00:00+00:00,5.35,5.35,4.8,4.96,4.96,12114.0
2021-05-19 04:00:00+00:00,5.485,6.05,5.4,5.845,5.845,2631.0
2021-05-20 04:00:00+00:00,6.22,6.22,5.67,6.06,6.06,7467.0
2021-05-21 04:00:00+00:00,6.48,7.19,6.215,7.02,7.02,1825.0
2021-05-24 04:00:00+00:00,6.8,6.8,6.8,6.8,6.8,370.0
2021-05-25 04:00:00+00:00,6.14,6.56,6.14,6.56,6.56,802.0
2021-05-26 04:00:00+00:00,6.9,7.1,6.53,6.92,6.92,7842.0
2021-05-27 04:00:00+00:00,6.845,7.65,6.845,7.2,7.2,2394.0
2021-05-28 04:00:00+00:00,7.255,7.29,6.92,7.22,7.22,6932.0
2021-06-01 04:00:00+00:00,7.12,7.215,7.12,7.18,7.18,6551.0
2021-06-02 04:00:00+00:00,7.99,8.745,7.88,8.375,8.375,3466.0
2021-06-03 04:00:00+00:00,8.4,8.61,8.09,8.61,8.61,1781.0
2021-06-04 04:00:00+00:00,9.68,9.8,9.68,9.8,9.8,305.0
2021-06-07 04:00:00+00:00,9.72,9.72,9.72,9.72,9.72,200.0
2021-06-08 04:00:00+00:00,10.72,10.72,10.72,10.72,10.72,200.0
2021-06-09 04:00:00+00:00,9.46,9.46,9.46,9.46,9.46,200.0
2021-06-10 04:00:00+00:00,10.0,10.0,9.08,9.08,9.08,1496.0
2021-06-11 04:00:00+00:00,8.63,8.63,8.63,8.63,8.63,610.0
2021-06-16 04:00:00+00:00,10.02,10.15,10.02,10.15,10.15,200.0
2021-06-17 04:00:00+00:00,11.22,11.22,11.22,11.22,11.22,363.0
2021-06-21 04:00:00+00:00,10.86,10.86,10.86,10.86,10.86,100.0
2021-06-24 04:00:00+00:00,13.64,14.7,13.64,14.7,14.7,200.0
2021-06-29 04:00:00+00:00,11.59,11.59,11.25,11.25,11.25,300.0
2021-07-02 04:00:00+00:00,12.4,12.4,12.4,12.4,12.4,100.0
2021-07-06 04:00:00+00:00,10.06,10.06,10.06,10.06,10.06,178.0
2021-07-07 04:00:00+00:00,9.64,9.64,7.8,8.14,8.14,927.0
2021-07-08 04:00:00+00:00,8.02,8.02,8.02,8.02,8.02,300.0
2021-07-09 04:00:00+00:00,9.56,9.56,9.56,9.56,9.56,100.0
2021-07-12 04:00:00+00:00,9.04,9.04,8.5,8.5,8.5,202.0
2021-07-14 04:00:00+00:00,6.66,6.7,6.5,6.7,6.7,525.0
2021-07-16 04:00:00+00:00,6.6,6.6,5.67,5.74,5.74,9050.0
2021-07-23 04:00:00+00:00,5.49,5.49,5.49,5.49,5.49,432.0
2021-07-26 04:00:00+00:00,5.86,5.86,5.86,5.86,5.86,267.0
2021-07-28 04:00:00+00:00,6.64,6.68,6.03,6.56,6.56,980.0
2021-07-30 04:00:00+00:00,5.85,5.85,5.82,5.85,5.85,400.0
2021-08-02 04:00:00+00:00,5.93,5.93,5.93,5.93,5.93,547.0
2021-08-03 04:00:00+00:00,5.62,5.8,5.61,5.61,5.61,1340.0
2021-08-04 04:00:00+00:00,6.05,6.05,6.05,6.05,6.05,100.0
2021-08-06 04:00:00+00:00,6.75,6.75,6.75,6.75,6.75,100.0
2021-08-09 04:00:00+00:00,6.55,6.57,6.53,6.53,6.53,360.0
2021-08-10 04:00:00+00:00,5.89,6.28,5.89,6.28,6.28,400.0
2021-08-11 04:00:00+00:00,5.785,5.855,5.755,5.855,5.855,660.0
2021-08-12 04:00:00+00:00,7.13,7.13,6.43,6.43,6.43,923.0
2021-08-13 04:00:00+00:00,6.19,6.19,5.84,5.84,5.84,310.0
2021-08-16 04:00:00+00:00,5.16,5.375,5.16,5.375,5.375,1570.0
2021-08-17 04:00:00+00:00,4.585,4.62,4.57,4.62,4.62,480.0
2021-08-18 04:00:00+00:00,4.8,4.8,4.33,4.33,4.33,400.0
2021-08-19 04:00:00+00:00,4.0,4.0,3.815,3.845,3.845,559.0
2021-08-20 04:00:00+00:00,4.35,4.35,4.35,4.35,4.35,200.0
2021-08-23 04:00:00+00:00,4.67,4.7,4.67,4.675,4.675,649.0
2021-08-24 04:00:00+00:00,4.75,4.87,4.59,4.87,4.87,600.0
2021-08-25 04:00:00+00:00,5.28,5.28,5.15,5.165,5.165,350.0
2021-08-26 04:00:00+00:00,5.3,5.3,5.1,5.1,5.1,400.0
2021-08-27 04:00:00+00:00,5.35,5.53,5.35,5.53,5.53,608.0
2021-08-30 04:00:00+00:00,5.76,5.76,5.755,5.755,5.755,200.0
2021-08-31 04:00:00+00:00,5.75,5.75,5.51,5.51,5.51,516.0
2021-09-01 04:00:00+00:00,6.2,6.315,6.195,6.315,6.315,723.0
2021-09-02 04:00:00+00:00,5.69,5.925,5.69,5.925,5.925,200.0
2021-09-09 04:00:00+00:00,5.43,5.43,5.43,5.43,5.43,200.0
2021-09-10 04:00:00+00:00,5.33,5.33,5.13,5.13,5.13,228.0
2021-09-13 04:00:00+00:00,4.935,5.27,4.935,5.27,5.27,305.0
2021-09-14 04:00:00+00:00,5.005,5.005,4.935,4.935,4.935,260.0
2021-09-15 04:00:00+00:00,4.93,4.93,4.93,4.93,4.93,203.0
2021-09-16 04:00:00+00:00,5.16,5.16,5.16,5.16,5.16,100.0
2021-09-20 04:00:00+00:00,4.77,4.77,4.77,4.77,4.77,100.0
2021-09-23 04:00:00+00:00,5.43,5.43,5.42,5.42,5.42,700.0
2021-09-24 04:00:00+00:00,5.34,5.34,5.34,5.34,5.34,100.0
2021-09-27 04:00:00+00:00,5.5,5.88,5.5,5.795,5.795,6829.0
2021-09-28 04:00:00+00:00,5.4,5.4,5.22,5.33,5.33,400.0
2021-09-29 04:00:00+00:00,5.25,5.33,5.25,5.31,5.31,1280.0
2021-09-30 04:00:00+00:00,5.42,5.42,5.11,5.11,5.11,700.0
2021-10-01 04:00:00+00:00,5.045,5.045,5.045,5.045,5.045,200.0
2021-10-04 04:00:00+00:00,4.47,4.56,4.29,4.35,4.35,1793.0
2021-10-05 04:00:00+00:00,4.44,4.46,4.43,4.46,4.46,318.0
2021-10-06 04:00:00+00:00,4.53,4.6,4.515,4.515,4.515,3370.0
2021-10-07 04:00:00+00:00,4.74,5.1,4.74,4.95,4.95,4701.0
2021-10-08 04:00:00+00:00,5.14,5.14,5.04,5.13,5.13,2591.0
2021-10-11 04:00:00+00:00,5.69,5.73,5.63,5.63,5.63,500.0
2021-10-12 04:00:00+00:00,5.42,5.42,5.42,5.42,5.42,100.0
2021-10-13 04:00:00+00:00,5.455,5.485,5.455,5.485,5.485,400.0
2021-10-14 04:00:00+00:00,5.18,5.18,5.05,5.05,5.05,345.0
2021-10-15 04:00:00+00:00,5.17,5.28,5.17,5.28,5.28,400.0
2021-10-19 04:00:00+00:00,5.1,5.1,5.06,5.095,5.095,1723.0
2021-10-20 04:00:00+00:00,4.87,5.355,4.87,5.355,5.355,588.0
2021-10-21 04:00:00+00:00,5.63,5.63,5.63,5.63,5.63,100.0
2021-10-28 04:00:00+00:00,5.04,5.05,5.04,5.05,5.05,279.0
2021-11-01 04:00:00+00:00,5.185,5.185,5.185,5.185,5.185,600.0
2021-11-02 04:00:00+00:00,4.995,4.995,4.915,4.915,4.915,500.0
2021-11-03 04:00:00+00:00,4.95,4.95,4.95,4.95,4.95,100.0
2021-11-05 04:00:00+00:00,4.91,4.91,4.765,4.77,4.77,500.0
2021-11-08 05:00:00+00:00,4.96,4.96,4.96,4.96,4.96,100.0
2021-11-09 05:00:00+00:00,4.57,4.61,4.42,4.49,4.49,26976.0
2021-11-11 05:00:00+00:00,3.24,3.55,3.03,3.13,3.13,22704.0
2021-11-12 05:00:00+00:00,3.43,3.51,3.195,3.43,3.43,2561.0
2021-11-15 05:00:00+00:00,3.68,4.39,3.67,4.31,4.31,2570.0
2021-11-16 05:00:00+00:00,4.69,4.69,4.69,4.69,4.69,100.0
2021-11-17 05:00:00+00:00,5.15,5.19,5.03,5.03,5.03,472.0
2021-11-18 05:00:00+00:00,5.28,5.28,5.28,5.28,5.28,400.0
2021-11-19 05:00:00+00:00,4.8,4.88,4.8,4.88,4.88,800.0
2021-11-22 05:00:00+00:00,5.21,5.64,5.21,5.64,5.64,200.0
2021-11-24 05:00:00+00:00,4.53,4.77,4.53,4.77,4.77,200.0
2021-11-29 05:00:00+00:00,4.64,4.64,4.615,4.615,4.615,763.0
2021-11-30 05:00:00+00:00,4.17,4.17,4.14,4.17,4.17,3260.0
2021-12-01 05:00:00+00:00,4.66,4.66,4.66,4.66,4.66,100.0
2021-12-03 05:00:00+00:00,3.82,3.82,3.71,3.73,3.73,501.0
2021-12-06 05:00:00+00:00,3.69,3.69,3.69,3.69,3.69,100.0
2021-12-07 05:00:00+00:00,4.04,4.28,4.04,4.28,4.28,400.0
2021-12-08 05:00:00+00:00,4.21,4.21,4.21,4.21,4.21,100.0
2021-12-15 05:00:00+00:00,3.56,3.6,3.54,3.6,3.6,366.0
2021-12-16 05:00:00+00:00,3.95,3.95,3.95,3.95,3.95,400.0
2021-12-17 05:00:00+00:00,3.5,3.55,3.5,3.55,3.55,200.0
2021-12-20 05:00:00+00:00,3.315,3.39,3.315,3.39,3.39,1200.0
2021-12-23 05:00:00+00:00,3.585,3.7,3.585,3.69,3.69,600.0
2021-12-27 05:00:00+00:00,3.51,3.71,3.51,3.71,3.71,300.0
2021-12-28 05:00:00+00:00,3.675,3.675,3.4,3.4,3.4,4090.0
2021-12-29 05:00:00+00:00,3.51,3.51,3.51,3.51,3.51,100.0
2021-12-30 05:00:00+00:00,3.68,3.68,3.68,3.68,3.68,120.0
2021-12-31 05:00:00+00:00,3.54,3.54,3.53,3.53,3.53,300.0
2022-01-04 05:00:00+00:00,3.81,3.81,3.72,3.72,3.72,300.0
2022-01-05 05:00:00+00:00,3.65,3.65,3.65,3.65,3.65,150.0
2022-01-13 05:00:00+00:00,3.06,3.07,3.06,3.07,3.07,200.0
2022-01-21 05:00:00+00:00,2.27,2.31,2.14,2.14,2.14,500.0
2022-01-27 05:00:00+00:00,1.94,1.95,1.94,1.95,1.95,200.0
2022-02-07 05:00:00+00:00,1.97,1.97,1.97,1.97,1.97,100.0
2022-02-28 05:00:00+00:00,2.17,2.17,2.17,2.17,2.17,100.0
2022-03-01 05:00:00+00:00,2.19,2.19,2.19,2.19,2.19,100.0
2022-03-09 05:00:00+00:00,2.955,3.11,2.93,3.11,3.11,7966.0
2022-03-10 05:00:00+00:00,3.17,3.45,3.17,3.45,3.45,2827.0
2022-03-11 05:00:00+00:00,3.54,3.54,3.38,3.38,3.38,600.0
2022-03-14 04:00:00+00:00,3.205,3.24,3.1,3.1,3.1,1285.0
2022-03-16 04:00:00+00:00,3.47,3.47,3.47,3.47,3.47,150.0
2022-03-17 04:00:00+00:00,3.51,3.7,3.51,3.7,3.7,791.0
2022-03-18 04:00:00+00:00,3.57,3.57,3.57,3.57,3.57,200.0
2022-03-21 04:00:00+00:00,3.41,3.41,3.15,3.15,3.15,500.0
2022-03-22 04:00:00+00:00,3.26,3.26,3.26,3.26,3.26,200.0
2022-03-23 04:00:00+00:00,2.81,2.81,2.73,2.73,2.73,300.0
2022-03-25 04:00:00+00:00,2.71,2.71,2.71,2.71,2.71,100.0
2022-03-29 04:00:00+00:00,2.91,2.91,2.91,2.91,2.91,100.0
2022-03-30 04:00:00+00:00,2.83,2.83,2.83,2.83,2.83,300.0
2022-04-01 04:00:00+00:00,2.88,2.88,2.88,2.88,2.88,200.0
2022-04-04 04:00:00+00:00,2.97,2.985,2.97,2.98,2.98,1200.0
2022-04-11 04:00:00+00:00,2.86,2.86,2.86,2.86,2.86,253.0
2022-04-12 04:00:00+00:00,3.02,3.02,3.02,3.02,3.02,100.0
2022-04-13 04:00:00+00:00,2.995,3.14,2.995,3.14,3.14,200.0
2022-04-18 04:00:00+00:00,3.36,3.42,3.36,3.42,3.42,300.0
2022-04-19 04:00:00+00:00,3.28,3.28,3.28,3.28,3.28,200.0
2022-04-25 04:00:00+00:00,3.19,3.19,3.19,3.19,3.19,100.0
2022-05-03 04:00:00+00:00,3.01,3.03,3.01,3.03,3.03,200.0
2022-05-09 04:00:00+00:00,3.02,3.02,2.95,2.95,2.95,400.0
2022-05-10 04:00:00+00:00,2.65,2.65,2.65,2.65,2.65,4000.0
2022-05-12 04:00:00+00:00,2.74,2.74,2.74,2.74,2.74,100.0
2022-05-16 04:00:00+00:00,3.14,3.15,3.14,3.15,3.15,300.0
2022-05-17 04:00:00+00:00,3.32,3.32,3.32,3.32,3.32,200.0
2022-05-18 04:00:00+00:00,3.38,3.38,3.38,3.38,3.38,300.0
2022-05-19 04:00:00+00:00,3.57,3.57,3.56,3.56,3.56,400.0
2022-05-20 04:00:00+00:00,3.5,3.5,3.41,3.42,3.42,500.0
2022-05-23 04:00:00+00:00,3.46,3.46,3.46,3.46,3.46,200.0
2022-05-25 04:00:00+00:00,3.34,3.34,3.34,3.34,3.34,200.0
2022-05-26 04:00:00+00:00,3.53,3.53,3.53,3.53,3.53,260.0
2022-05-31 04:00:00+00:00,3.12,3.12,3.12,3.12,3.12,100.0
2022-06-02 04:00:00+00:00,3.6,3.6,3.6,3.6,3.6,300.0
2022-06-03 04:00:00+00:00,3.56,3.56,3.56,3.56,3.56,100.0
2022-06-06 04:00:00+00:00,3.49,3.49,3.46,3.46,3.46,327.0
2022-06-07 04:00:00+00:00,3.58,3.58,3.58,3.58,3.58,201.0
2022-06-08 04:00:00+00:00,3.64,3.64,3.64,3.64,3.64,100.0
2022-06-10 04:00:00+00:00,3.37,3.44,3.37,3.44,3.44,253.0
2022-06-14 04:00:00+00:00,2.995,2.995,2.995,2.995,2.995,300.0
2022-06-16 04:00:00+00:00,3.02,3.03,3.02,3.03,3.03,200.0
2022-06-17 04:00:00+00:00,3.01,3.01,3.01,3.01,3.01,200.0
2022-06-24 04:00:00+00:00,3.09,3.09,3.09,3.09,3.09,200.0
2022-06-27 04:00:00+00:00,2.83,2.83,2.83,2.83,2.83,100.0
2022-06-29 04:00:00+00:00,2.55,2.55,2.55,2.55,2.55,100.0
2022-06-30 04:00:00+00:00,2.4,2.4,2.4,2.4,2.4,200.0
2022-07-05 04:00:00+00:00,2.72,2.72,2.69,2.69,2.69,200.0
2022-07-13 04:00:00+00:00,2.38,2.49,2.38,2.49,2.49,200.0
2022-07-14 04:00:00+00:00,2.49,2.49,2.49,2.49,2.49,0.0
2022-07-15 04:00:00+00:00,2.49,2.49,2.49,2.49,2.49,0.0
2022-07-18 04:00:00+00:00,2.49,2.49,2.49,2.49,2.49,0.0
2022-07-19 04:00:00+00:00,2.49,2.49,2.49,2.49,2.49,0.0
2022-07-20 04:00:00+00:00,2.49,2.49,2.49,2.49,2.49,0.0
2022-07-21 04:00:00+00:00,2.55,2.55,2.55,2.55,2.55,200.0
2022-07-22 04:00:00+00:00,2.55,2.55,2.55,2.55,2.55,0.0
2022-07-25 04:00:00+00:00,2.55,2.55,2.55,2.55,2.55,0.0
2022-07-26 04:00:00+00:00,2.55,2.55,2.55,2.55,2.55,0.0
2022-07-27 04:00:00+00:00,2.69,2.69,2.58,2.58,2.58,430.0
2022-07-28 04:00:00+00:00,2.58,2.58,2.58,2.58,2.58,0.0
2022-07-29 04:00:00+00:00,2.66,2.66,2.66,2.66,2.66,200.0
2022-08-01 04:00:00+00:00,2.66,2.66,2.66,2.66,2.66,0.0
2022-08-02 04:00:00+00:00,2.8,2.8,2.8,2.8,2.8,100.0
2022-08-03 04:00:00+00:00,3.19,3.19,3.19,3.19,3.19,100.0
2022-08-04 04:00:00+00:00,2.99,2.99,2.99,2.99,2.99,201.0
2022-08-05 04:00:00+00:00,3.24,3.24,3.24,3.24,3.24,118.0
2022-08-08 04:00:00+00:00,3.24,3.24,3.24,3.24,3.24,0.0
2022-08-09 04:00:00+00:00,3.24,3.24,3.24,3.24,3.24,0.0
2022-08-10 04:00:00+00:00,3.28,3.29,3.16,3.16,3.16,500.0
2022-08-11 04:00:00+00:00,3.28,3.29,3.27,3.27,3.27,700.0
2022-08-12 04:00:00+00:00,3.34,3.69,3.34,3.69,3.69,2166.0
2022-08-15 04:00:00+00:00,3.69,3.69,3.69,3.69,3.69,0.0
2022-08-16 04:00:00+00:00,3.7,3.7,3.7,3.7,3.7,200.0
2022-08-17 04:00:00+00:00,3.61,3.62,3.49,3.49,3.49,600.0
2022-08-18 04:00:00+00:00,3.56,3.56,3.56,3.56,3.56,275.0
2022-08-19 04:00:00+00:00,3.56,3.56,3.56,3.56,3.56,0.0
2022-08-22 04:00:00+00:00,3.01,3.14,3.01,3.14,3.14,300.0
2022-08-23 04:00:00+00:00,3.14,3.14,3.14,3.14,3.14,0.0
2022-08-24 04:00:00+00:00,3.7,3.7,3.61,3.61,3.61,900.0
2022-08-25 04:00:00+00:00,3.61,3.61,3.61,3.61,3.61,0.0
2022-08-26 04:00:00+00:00,3.3,3.3,3.3,3.3,3.3,100.0
2022-08-29 04:00:00+00:00,3.3,3.3,3.3,3.3,3.3,0.0
2022-08-30 04:00:00+00:00,3.22,3.25,3.21,3.25,3.25,700.0
2022-08-31 04:00:00+00:00,3.37,3.37,3.37,3.37,3.37,100.0
2022-09-01 04:00:00+00:00,3.37,3.37,3.37,3.37,3.37,0.0
2022-09-02 04:00:00+00:00,3.37,3.37,3.37,3.37,3.37,0.0
2022-09-06 04:00:00+00:00,3.59,3.59,3.43,3.43,3.43,1000.0
2022-09-07 04:00:00+00:00,3.6,3.67,3.6,3.67,3.67,1918.0
2022-09-08 04:00:00+00:00,3.5,3.66,3.5,3.6,3.6,600.0
2022-09-09 04:00:00+00:00,3.76,3.76,3.75,3.75,3.75,300.0
2022-09-12 04:00:00+00:00,3.64,3.64,3.64,3.64,3.64,400.0
2022-09-13 04:00:00+00:00,3.64,3.64,3.64,3.64,3.64,0.0
2022-09-14 04:00:00+00:00,3.5,3.5,3.41,3.41,3.41,3100.0
2022-09-15 04:00:00+00:00,3.54,3.54,3.54,3.54,3.54,600.0
2022-09-16 04:00:00+00:00,3.75,3.75,3.75,3.75,3.75,200.0
2022-09-19 04:00:00+00:00,3.75,3.75,3.75,3.75,3.75,0.0
2022-09-20 04:00:00+00:00,3.75,3.75,3.75,3.75,3.75,0.0
2022-09-21 04:00:00+00:00,3.5,3.5,3.5,3.5,3.5,100.0
2022-09-22 04:00:00+00:00,3.5,3.5,3.5,3.5,3.5,0.0
2022-09-23 04:00:00+00:00,3.5,3.5,3.5,3.5,3.5,0.0
2022-09-26 04:00:00+00:00,3.5,3.5,3.5,3.5,3.5,0.0
2022-09-27 04:00:00+00:00,3.5,3.5,3.5,3.5,3.5,0.0
2022-09-28 04:00:00+00:00,3.4,3.4,3.4,3.4,3.4,200.0
2022-09-29 04:00:00+00:00,3.65,3.65,3.65,3.65,3.65,100.0
2022-09-30 04:00:00+00:00,3.65,3.65,3.65,3.65,3.65,0.0
2022-10-03 04:00:00+00:00,3.64,3.71,3.64,3.71,3.71,200.0
2022-10-04 04:00:00+00:00,3.5,3.56,3.5,3.56,3.56,310.0
2022-10-05 04:00:00+00:00,3.4,3.45,3.4,3.45,3.45,400.0
2022-10-06 04:00:00+00:00,3.65,3.65,3.65,3.65,3.65,100.0
2022-10-07 04:00:00+00:00,3.65,3.65,3.65,3.65,3.65,0.0
2022-10-10 04:00:00+00:00,3.27,3.27,3.27,3.27,3.27,200.0
2022-10-11 04:00:00+00:00,3.27,3.27,3.27,3.27,3.27,0.0
2022-10-12 04:00:00+00:00,3.27,3.27,3.27,3.27,3.27,0.0
2022-10-13 04:00:00+00:00,3.27,3.27,3.27,3.27,3.27,0.0
2022-10-14 04:00:00+00:00,3.27,3.27,3.27,3.27,3.27,0.0
2022-10-17 04:00:00+00:00,3.27,3.27,3.27,3.27,3.27,0.0
2022-10-18 04:00:00+00:00,3.19,3.19,3.19,3.19,3.19,100.0
2022-10-19 04:00:00+00:00,3.19,3.19,3.19,3.19,3.19,0.0
2022-10-20 04:00:00+00:00,3.19,3.19,3.19,3.19,3.19,0.0
2022-10-21 04:00:00+00:00,3.19,3.19,3.19,3.19,3.19,0.0
2022-10-24 04:00:00+00:00,3.19,3.19,3.19,3.19,3.19,0.0
2022-10-25 04:00:00+00:00,3.18,3.18,3.18,3.18,3.18,100.0
2022-10-26 04:00:00+00:00,3.18,3.18,3.18,3.18,3.18,0.0
2022-10-27 04:00:00+00:00,3.18,3.18,3.18,3.18,3.18,0.0
2022-10-28 04:00:00+00:00,3.2,3.21,3.19,3.19,3.19,300.0
2022-10-31 04:00:00+00:00,3.19,3.19,3.19,3.19,3.19,0.0
2022-11-01 04:00:00+00:00,3.19,3.19,3.19,3.19,3.19,0.0
2022-11-02 04:00:00+00:00,3.19,3.19,3.19,3.19,3.19,0.0
2022-11-03 04:00:00+00:00,3.19,3.19,3.19,3.19,3.19,0.0
2022-11-04 04:00:00+00:00,3.19,3.19,3.19,3.19,3.19,0.0
2022-11-07 05:00:00+00:00,2.89,2.89,2.89,2.89,2.89,204.0
2022-11-08 05:00:00+00:00,3.01,3.01,3.01,3.01,3.01,100.0
2022-11-09 05:00:00+00:00,3.0,3.0,3.0,3.0,3.0,282.0
2022-11-10 05:00:00+00:00,2.85,2.85,2.85,2.85,2.85,100.0
2022-11-11 05:00:00+00:00,2.85,2.85,2.85,2.85,2.85,0.0
2022-11-14 05:00:00+00:00,2.85,2.85,2.85,2.85,2.85,0.0
2022-11-15 05:00:00+00:00,2.85,2.85,2.85,2.85,2.85,0.0
2022-11-16 05:00:00+00:00,2.85,2.85,2.85,2.85,2.85,0.0
2022-11-17 05:00:00+00:00,2.85,2.85,2.85,2.85,2.85,0.0
2022-11-18 05:00:00+00:00,2.85,2.85,2.85,2.85,2.85,0.0
2022-11-21 05:00:00+00:00,2.85,2.85,2.85,2.85,2.85,0.0
2022-11-22 05:00:00+00:00,2.81,2.81,2.81,2.81,2.81,100.0
2022-11-23 05:00:00+00:00,2.81,2.81,2.81,2.81,2.81,0.0
2022-11-25 05:00:00+00:00,2.81,2.81,2.81,2.81,2.81,0.0
2022-11-28 05:00:00+00:00,2.71,2.71,2.71,2.71,2.71,100.0
2022-11-29 05:00:00+00:00,2.71,2.71,2.71,2.71,2.71,0.0
2022-11-30 05:00:00+00:00,2.71,2.71,2.71,2.71,2.71,0.0
2022-12-01 05:00:00+00:00,2.85,2.85,2.83,2.83,2.83,400.0
2022-12-02 05:00:00+00:00,2.8,2.8,2.8,2.8,2.8,147.0
2022-12-05 05:00:00+00:00,2.95,2.95,2.95,2.95,2.95,350.0
2022-12-06 05:00:00+00:00,2.83,2.83,2.83,2.83,2.83,100.0
2022-12-07 05:00:00+00:00,2.83,2.83,2.83,2.83,2.83,0.0
2022-12-08 05:00:00+00:00,3.0,3.0,3.0,3.0,3.0,300.0
2022-12-09 05:00:00+00:00,3.0,3.0,3.0,3.0,3.0,0.0
2022-12-12 05:00:00+00:00,3.0,3.0,3.0,3.0,3.0,0.0
2022-12-13 05:00:00+00:00,3.0,3.0,3.0,3.0,3.0,0.0
2022-12-14 05:00:00+00:00,3.0,3.0,3.0,3.0,3.0,0.0
2022-12-15 05:00:00+00:00,3.0,3.0,3.0,3.0,3.0,0.0
2022-12-16 05:00:00+00:00,3.0,3.0,3.0,3.0,3.0,0.0
2022-12-19 05:00:00+00:00,2.59,2.6,2.56,2.6,2.6,400.0
2022-12-20 05:00:00+00:00,2.69,2.69,2.69,2.69,2.69,100.0
2022-12-21 05:00:00+00:00,2.69,2.69,2.69,2.69,2.69,0.0
2022-12-22 05:00:00+00:00,2.69,2.69,2.69,2.69,2.69,0.0
2022-12-23 05:00:00+00:00,2.69,2.69,2.69,2.69,2.69,0.0
2022-12-27 05:00:00+00:00,2.69,2.69,2.69,2.69,2.69,0.0
2022-12-28 05:00:00+00:00,2.69,2.69,2.69,2.69,2.69,0.0
2022-12-29 05:00:00+00:00,2.84,2.84,2.78,2.78,2.78,200.0
2022-12-30 05:00:00+00:00,2.75,2.88,2.75,2.88,2.88,200.0
2023-01-03 05:00:00+00:00,2.88,2.88,2.88,2.88,2.88,0.0
2023-01-04 05:00:00+00:00,2.64,2.64,2.55,2.55,2.55,478.0
2023-01-05 05:00:00+00:00,2.56,2.56,2.56,2.56,2.56,200.0
2023-01-06 05:00:00+00:00,2.69,2.69,2.56,2.56,2.56,400.0
2023-01-09 05:00:00+00:00,2.88,2.88,2.88,2.88,2.88,0.0
2023-01-10 05:00:00+00:00,2.62,2.62,2.62,2.62,2.62,200.0
2023-01-11 05:00:00+00:00,2.88,2.88,2.88,2.88,2.88,0.0
2023-01-12 05:00:00+00:00,2.88,2.88,2.88,2.88,2.88,0.0
2023-01-13 05:00:00+00:00,2.88,2.88,2.88,2.88,2.88,0.0
2023-01-17 05:00:00+00:00,2.96,3.0,2.96,3.0,3.0,200.0
2023-01-18 05:00:00+00:00,3.26,3.35,3.14,3.14,3.14,400.0
2023-01-19 05:00:00+00:00,3.42,3.42,3.42,3.42,3.42,100.0
2023-01-20 05:00:00+00:00,2.88,2.88,2.88,2.88,2.88,0.0
2023-01-23 05:00:00+00:00,3.43,3.43,3.43,3.43,3.43,214.0
2023-01-24 05:00:00+00:00,2.88,2.88,2.88,2.88,2.88,0.0
2023-01-25 05:00:00+00:00,2.88,2.88,2.88,2.88,2.88,0.0
2023-01-26 05:00:00+00:00,2.88,2.88,2.88,2.88,2.88,0.0
2023-01-27 05:00:00+00:00,3.37,3.37,3.25,3.25,3.25,1300.0
2023-01-30 05:00:00+00:00,3.38,3.38,3.34,3.34,3.34,4610.0
2023-01-31 05:00:00+00:00,3.28,3.46,3.26,3.43,3.43,682.0
2023-02-01 05:00:00+00:00,2.88,2.88,2.88,2.88,2.88,0.0
2023-02-02 05:00:00+00:00,3.69,3.69,3.68,3.68,3.68,658.0
2023-02-03 05:00:00+00:00,3.32,3.32,3.32,3.32,3.32,100.0
2023-02-06 05:00:00+00:00,2.88,2.88,2.88,2.88,2.88,0.0
2023-02-07 05:00:00+00:00,2.88,2.88,2.88,2.88,2.88,0.0
2023-02-08 05:00:00+00:00,2.88,2.88,2.88,2.88,2.88,0.0
2023-02-09 05:00:00+00:00,2.88,2.88,2.88,2.88,2.88,0.0
2023-02-10 05:00:00+00:00,2.88,2.88,2.88,2.88,2.88,0.0
2023-02-13 05:00:00+00:00,2.88,2.88,2.88,2.88,2.88,0.0
2023-02-14 05:00:00+00:00,2.88,2.88,2.88,2.88,2.88,0.0
2023-02-15 05:00:00+00:00,2.95,2.95,2.95,2.95,2.95,100.0
2023-02-16 05:00:00+00:00,2.88,2.88,2.88,2.88,2.88,0.0
2023-02-17 05:00:00+00:00,3.05,3.05,3.0,3.0,3.0,672.0
2023-02-21 05:00:00+00:00,2.88,2.88,2.88,2.88,2.88,0.0
2023-02-22 05:00:00+00:00,2.88,2.88,2.88,2.88,2.88,0.0
2023-02-23 05:00:00+00:00,2.88,2.88,2.88,2.88,2.88,0.0
2023-02-24 05:00:00+00:00,2.87,2.87,2.87,2.87,2.87,100.0
2023-02-27 05:00:00+00:00,2.88,2.88,2.88,2.88,2.88,0.0
2023-02-28 05:00:00+00:00,2.88,2.88,2.88,2.88,2.88,0.0
2023-03-01 05:00:00+00:00,2.88,2.88,2.88,2.88,2.88,0.0
2023-03-02 05:00:00+00:00,2.74,2.74,2.7,2.7,2.7,581.0
2023-03-03 05:00:00+00:00,2.65,2.65,2.65,2.65,2.65,300.0
2023-03-06 05:00:00+00:00,2.88,2.88,2.88,2.88,2.88,0.0
2023-03-07 05:00:00+00:00,2.36,2.36,2.36,2.36,2.36,243.0
2023-03-08 05:00:00+00:00,2.88,2.88,2.88,2.88,2.88,0.0
2023-03-09 05:00:00+00:00,2.88,2.88,2.88,2.88,2.88,0.0
2023-03-10 05:00:00+00:00,2.08,2.2,2.08,2.2,2.2,472.0
2023-03-13 04:00:00+00:00,2.2,2.2,2.2,2.2,2.2,0.0
2023-03-14 04:00:00+00:00,2.2,2.2,2.2,2.2,2.2,0.0
2023-03-15 04:00:00+00:00,2.2,2.2,2.2,2.2,2.2,0.0
2023-03-16 04:00:00+00:00,2.64,2.7,2.64,2.7,2.7,300.0
2023-03-17 04:00:00+00:00,2.72,2.72,2.72,2.72,2.72,224.0
2023-03-20 04:00:00+00:00,2.42,2.42,2.42,2.42,2.42,100.0
2023-03-21 04:00:00+00:00,2.2,2.2,2.2,2.2,2.2,0.0
2023-03-22 04:00:00+00:00,2.2,2.2,2.2,2.2,2.2,0.0
2023-03-23 04:00:00+00:00,2.2,2.2,2.2,2.2,2.2,0.0
2023-03-24 04:00:00+00:00,2.2,2.2,2.2,2.2,2.2,0.0
2023-03-27 04:00:00+00:00,2.69,2.69,2.69,2.69,2.69,181.0
2023-03-28 04:00:00+00:00,2.2,2.2,2.2,2.2,2.2,0.0
2023-03-29 04:00:00+00:00,2.78,2.83,2.78,2.83,2.83,276.0
2023-03-30 04:00:00+00:00,2.86,2.86,2.86,2.86,2.86,130.0
2023-03-31 04:00:00+00:00,3.09,3.125,3.06,3.06,3.06,3430.0
2023-04-03 04:00:00+00:00,3.01,3.01,3.01,3.01,3.01,138.0
2023-04-04 04:00:00+00:00,2.2,2.2,2.2,2.2,2.2,0.0
2023-04-05 04:00:00+00:00,2.2,2.2,2.2,2.2,2.2,0.0
2023-04-06 04:00:00+00:00,2.2,2.2,2.2,2.2,2.2,0.0
2023-04-10 04:00:00+00:00,2.71,2.71,2.71,2.71,2.71,100.0
2023-04-11 04:00:00+00:00,2.2,2.2,2.2,2.2,2.2,0.0
2023-04-12 04:00:00+00:00,2.2,2.2,2.2,2.2,2.2,0.0
2023-04-13 04:00:00+00:00,2.2,2.2,2.2,2.2,2.2,0.0
2023-04-14 04:00:00+00:00,2.2,2.2,2.2,2.2,2.2,0.0
2023-04-17 04:00:00+00:00,2.2,2.2,2.2,2.2,2.2,0.0
2023-04-18 04:00:00+00:00,2.6,2.6,2.5,2.5,2.5,400.0
2023-04-19 04:00:00+00:00,2.2,2.2,2.2,2.2,2.2,0.0
2023-04-20 04:00:00+00:00,2.2,2.2,2.2,2.2,2.2,0.0
2023-04-21 04:00:00+00:00,2.2,2.2,2.2,2.2,2.2,0.0
2023-04-24 04:00:00+00:00,2.2,2.2,2.2,2.2,2.2,0.0
2023-04-25 04:00:00+00:00,2.2,2.2,2.2,2.2,2.2,0.0
2023-04-26 04:00:00+00:00,2.85,2.85,2.85,2.85,2.85,300.0
2023-04-27 04:00:00+00:00,2.76,2.76,2.72,2.72,2.72,200.0
2023-04-28 04:00:00+00:00,2.2,2.2,2.2,2.2,2.2,0.0
2023-05-01 04:00:00+00:00,2.66,2.66,2.66,2.66,2.66,100.0
2023-05-02 04:00:00+00:00,2.2,2.2,2.2,2.2,2.2,0.0
2023-05-03 04:00:00+00:00,2.68,2.68,2.68,2.68,2.68,101.0
2023-05-04 04:00:00+00:00,2.2,2.2,2.2,2.2,2.2,0.0
2023-05-05 04:00:00+00:00,2.9,2.9,2.9,2.9,2.9,100.0
2023-05-08 04:00:00+00:00,3.08,3.08,3.08,3.08,3.08,100.0
2023-05-09 04:00:00+00:00,2.2,2.2,2.2,2.2,2.2,0.0
2023-05-10 04:00:00+00:00,2.2,2.2,2.2,2.2,2.2,0.0
2023-05-11 04:00:00+00:00,2.2,2.2,2.2,2.2,2.2,0.0
2023-05-12 04:00:00+00:00,2.2,2.2,2.2,2.2,2.2,0.0
2023-05-15 04:00:00+00:00,2.2,2.2,2.2,2.2,2.2,0.0
2023-05-16 04:00:00+00:00,2.2,2.2,2.2,2.2,2.2,0.0
2023-05-17 04:00:00+00:00,2.2,2.2,2.2,2.2,2.2,0.0
2023-05-18 04:00:00+00:00,2.2,2.2,2.2,2.2,2.2,0.0
2023-05-19 04:00:00+00:00,2.81,2.93,2.81,2.93,2.93,300.0
2023-05-22 04:00:00+00:00,2.2,2.2,2.2,2.2,2.2,0.0
2023-05-23 04:00:00+00:00,2.2,2.2,2.2,2.2,2.2,0.0
2023-05-24 04:00:00+00:00,2.2,2.2,2.2,2.2,2.2,0.0
2023-05-25 04:00:00+00:00,2.2,2.2,2.2,2.2,2.2,0.0
2023-05-26 04:00:00+00:00,2.2,2.2,2.2,2.2,2.2,0.0
2023-05-30 04:00:00+00:00,2.2,2.2,2.2,2.2,2.2,0.0
2023-05-31 04:00:00+00:00,2.99,2.99,2.9,2.9,2.9,200.0
2023-06-01 04:00:00+00:00,2.2,2.2,2.2,2.2,2.2,0.0
2023-06-02 04:00:00+00:00,2.2,2.2,2.2,2.2,2.2,0.0
2023-06-05 04:00:00+00:00,2.2,2.2,2.2,2.2,2.2,0.0
2023-06-06 04:00:00+00:00,2.2,2.2,2.2,2.2,2.2,0.0
2023-06-07 04:00:00+00:00,3.39,3.39,3.39,3.39,3.39,100.0
2023-06-08 04:00:00+00:00,3.39,3.39,3.39,3.39,3.39,0.0
2023-06-09 04:00:00+00:00,3.39,3.39,3.39,3.39,3.39,0.0
2023-06-12 04:00:00+00:00,3.39,3.39,3.39,3.39,3.39,0.0
2023-06-13 04:00:00+00:00,3.39,3.39,3.39,3.39,3.39,0.0
2023-06-14 04:00:00+00:00,3.39,3.39,3.39,3.39,3.39,0.0
2023-06-15 04:00:00+00:00,3.39,3.39,3.39,3.39,3.39,0.0
2023-06-16 04:00:00+00:00,3.39,3.39,3.39,3.39,3.39,0.0
2023-06-20 04:00:00+00:00,3.39,3.39,3.39,3.39,3.39,0.0
2023-06-21 04:00:00+00:00,3.59,3.9,3.59,3.9,3.9,10300.0
2023-06-22 04:00:00+00:00,3.86,3.9,3.85,3.9,3.9,1100.0
2023-06-23 04:00:00+00:00,3.9,3.9,3.9,3.9,3.9,0.0
2023-06-26 04:00:00+00:00,3.82,3.83,3.82,3.83,3.83,400.0
2023-06-27 04:00:00+00:00,3.75,3.79,3.75,3.79,3.79,5000.0
2023-06-28 04:00:00+00:00,3.79,3.79,3.79,3.79,3.79,0.0
2023-06-29 04:00:00+00:00,3.79,3.79,3.79,3.79,3.79,0.0
2023-06-30 04:00:00+00:00,3.79,3.79,3.79,3.79,3.79,0.0
2023-07-03 04:00:00+00:00,4.69,4.69,4.66,4.66,4.66,200.0
2023-07-05 04:00:00+00:00,4.59,4.59,4.49,4.54,4.54,500.0
2023-07-06 04:00:00+00:00,4.42,4.43,4.42,4.43,4.43,200.0
2023-07-07 04:00:00+00:00,4.48,4.6,4.48,4.6,4.6,300.0
2023-07-10 04:00:00+00:00,4.6,4.6,4.6,4.6,4.6,0.0
2023-07-11 04:00:00+00:00,4.6,4.6,4.6,4.6,4.6,0.0
2023-07-12 04:00:00+00:00,4.6,4.6,4.6,4.6,4.6,0.0
2023-07-13 04:00:00+00:00,4.4,4.4,4.35,4.35,4.35,5000.0
2023-07-14 04:00:00+00:00,4.35,4.35,4.35,4.35,4.35,0.0
2023-07-17 04:00:00+00:00,4.35,4.35,4.35,4.35,4.35,0.0
2023-07-18 04:00:00+00:00,4.41,4.41,4.31,4.31,4.31,200.0
2023-07-19 04:00:00+00:00,4.31,4.31,4.31,4.31,4.31,0.0
2023-07-20 04:00:00+00:00,4.31,4.31,4.31,4.31,4.31,0.0
2023-07-21 04:00:00+00:00,4.31,4.31,4.31,4.31,4.31,0.0
2023-07-24 04:00:00+00:00,4.3,4.3,4.17,4.17,4.17,200.0
2023-07-25 04:00:00+00:00,4.24,4.24,4.24,4.24,4.24,100.0
2023-07-26 04:00:00+00:00,4.24,4.24,4.24,4.24,4.24,0.0
2023-07-27 04:00:00+00:00,4.24,4.24,4.24,4.24,4.24,0.0
2023-07-28 04:00:00+00:00,4.24,4.24,4.24,4.24,4.24,0.0
2023-07-31 04:00:00+00:00,4.5,4.5,4.5,4.5,4.5,149.0
2023-08-01 04:00:00+00:00,4.5,4.5,4.5,4.5,4.5,0.0
2023-08-02 04:00:00+00:00,4.06,4.15,4.06,4.15,4.15,300.0
2023-08-03 04:00:00+00:00,4.21,4.21,4.11,4.11,4.11,200.0
2023-08-04 04:00:00+00:00,4.11,4.11,4.11,4.11,4.11,0.0
2023-08-07 04:00:00+00:00,4.11,4.11,4.11,4.11,4.11,0.0
2023-08-08 04:00:00+00:00,3.88,3.88,3.88,3.88,3.88,100.0
2023-08-09 04:00:00+00:00,3.96,3.96,3.96,3.96,3.96,100.0
2023-08-10 04:00:00+00:00,3.96,3.96,3.96,3.96,3.96,0.0
2023-08-11 04:00:00+00:00,3.96,3.96,3.96,3.96,3.96,0.0
2023-08-14 04:00:00+00:00,3.96,3.96,3.96,3.96,3.96,0.0
2023-08-15 04:00:00+00:00,3.96,3.96,3.96,3.96,3.96,0.0
2023-08-16 04:00:00+00:00,3.96,3.96,3.96,3.96,3.96,0.0
2023-08-17 04:00:00+00:00,3.6,3.6,3.6,3.6,3.6,130.0
2023-08-18 04:00:00+00:00,3.6,3.6,3.6,3.6,3.6,0.0
2023-08-21 04:00:00+00:00,3.6,3.6,3.6,3.6,3.6,0.0
2023-08-22 04:00:00+00:00,3.6,3.6,3.6,3.6,3.6,0.0
2023-08-23 04:00:00+00:00,3.6,3.6,3.6,3.6,3.6,0.0
2023-08-24 04:00:00+00:00,3.6,3.6,3.6,3.6,3.6,0.0
2023-08-25 04:00:00+00:00,3.6,3.6,3.6,3.6,3.6,0.0
2023-08-28 04:00:00+00:00,3.6,3.6,3.6,3.6,3.6,0.0
2023-08-29 04:00:00+00:00,3.39,3.39,3.34,3.39,3.39,300.0
2023-08-30 04:00:00+00:00,3.39,3.39,3.39,3.39,3.39,0.0
2023-08-31 04:00:00+00:00,3.39,3.39,3.39,3.39,3.39,0.0
2023-09-01 04:00:00+00:00,3.03,3.03,3.0,3.0,3.0,225.0
2023-09-05 04:00:00+00:00,3.0,3.0,3.0,3.0,3.0,0.0
2023-09-06 04:00:00+00:00,3.0,3.0,3.0,3.0,3.0,0.0
2023-09-07 04:00:00+00:00,2.86,2.86,2.86,2.86,2.86,100.0
2023-09-08 04:00:00+00:00,2.74,2.74,2.74,2.74,2.74,115.0
2023-09-11 04:00:00+00:00,2.9,2.9,2.9,2.9,2.9,1400.0
2023-09-12 04:00:00+00:00,2.43,2.6,2.43,2.6,2.6,500.0
2023-09-13 04:00:00+00:00,2.56,2.56,2.55,2.55,2.55,200.0
2023-09-14 04:00:00+00:00,2.1,2.1,2.1,2.1,2.1,1700.0
2023-09-15 04:00:00+00:00,2.09,2.11,2.03,2.1,2.1,500.0
2023-09-18 04:00:00+00:00,2.1,2.1,2.1,2.1,2.1,0.0
2023-09-19 04:00:00+00:00,2.18,2.18,2.18,2.18,2.18,500.0
2023-09-20 04:00:00+00:00,2.18,2.18,2.18,2.18,2.18,0.0
2023-09-21 04:00:00+00:00,2.18,2.18,2.18,2.18,2.18,0.0
2023-09-22 04:00:00+00:00,2.22,2.22,2.22,2.22,2.22,100.0
2023-09-25 04:00:00+00:00,2.22,2.22,2.22,2.22,2.22,0.0
2023-09-26 04:00:00+00:00,2.22,2.22,2.22,2.22,2.22,0.0
2023-09-27 04:00:00+00:00,1.9,1.9,1.75,1.75,1.75,491.0
2023-09-28 04:00:00+00:00,1.75,1.75,1.75,1.75,1.75,0.0
2023-09-29 04:00:00+00:00,1.75,1.75,1.75,1.75,1.75,0.0
2023-10-02 04:00:00+00:00,1.75,1.75,1.75,1.75,1.75,0.0
2023-10-03 04:00:00+00:00,1.75,1.75,1.75,1.75,1.75,0.0
2023-10-04 04:00:00+00:00,1.75,1.75,1.75,1.75,1.75,0.0
2023-10-05 04:00:00+00:00,1.75,1.75,1.75,1.75,1.75,0.0
2023-10-06 04:00:00+00:00,1.75,1.75,1.75,1.75,1.75,0.0
2023-10-09 04:00:00+00:00,1.75,1.75,1.75,1.75,1.75,0.0
2023-10-10 04:00:00+00:00,1.75,1.75,1.75,1.75,1.75,0.0
2023-10-11 04:00:00+00:00,1.77,1.77,1.77,1.77,1.77,100.0
2023-10-12 04:00:00+00:00,1.77,1.77,1.77,1.77,1.77,0.0
2023-10-13 04:00:00+00:00,1.77,1.77,1.77,1.77,1.77,0.0
2023-10-16 04:00:00+00:00,1.77,1.77,1.77,1.77,1.77,0.0
2023-10-17 04:00:00+00:00,1.77,1.77,1.77,1.77,1.77,0.0
2023-10-18 04:00:00+00:00,1.77,1.77,1.77,1.77,1.77,0.0
2023-10-19 04:00:00+00:00,1.77,1.77,1.77,1.77,1.77,0.0
2023-10-20 04:00:00+00:00,1.59,1.59,1.59,1.59,1.59,100.0
2023-10-23 04:00:00+00:00,1.55,1.55,1.55,1.55,1.55,100.0
2023-10-24 04:00:00+00:00,1.55,1.55,1.55,1.55,1.55,0.0
2023-10-25 04:00:00+00:00,1.55,1.55,1.55,1.55,1.55,0.0
2023-10-26 04:00:00+00:00,1.75,1.75,1.75,1.75,1.75,108.0
2023-10-27 04:00:00+00:00,1.52,1.52,1.52,1.52,1.52,100.0
2023-10-30 04:00:00+00:00,1.52,1.52,1.52,1.52,1.52,0.0
2023-10-31 04:00:00+00:00,1.52,1.52,1.52,1.52,1.52,0.0
2023-11-01 04:00:00+00:00,1.52,1.52,1.52,1.52,1.52,0.0
2023-11-02 04:00:00+00:00,1.52,1.52,1.52,1.52,1.52,0.0
2023-11-03 04:00:00+00:00,1.24,1.78,1.21,1.63,1.63,1000.0
2023-11-06 05:00:00+00:00,1.63,1.63,1.63,1.63,1.63,0.0
2023-11-07 05:00:00+00:00,1.63,1.63,1.63,1.63,1.63,0.0
2023-11-08 05:00:00+00:00,1.63,1.63,1.63,1.63,1.63,0.0
2023-11-09 05:00:00+00:00,1.63,1.63,1.63,1.63,1.63,0.0
2023-11-10 05:00:00+00:00,1.63,1.63,1.63,1.63,1.63,0.0
2023-11-13 05:00:00+00:00,1.15,1.15,1.15,1.15,1.15,100.0
2023-11-14 05:00:00+00:00,1.24,1.25,1.24,1.25,1.25,200.0
2023-11-15 05:00:00+00:00,1.36,1.4,1.35,1.35,1.35,1100.0
2023-11-16 05:00:00+00:00,1.32,1.32,1.3,1.3,1.3,200.0
2023-11-17 05:00:00+00:00,1.3,1.3,1.3,1.3,1.3,0.0
2023-11-20 05:00:00+00:00,1.3,1.3,1.3,1.3,1.3,0.0
2023-11-21 05:00:00+00:00,1.3,1.3,1.3,1.3,1.3,0.0
2023-11-22 05:00:00+00:00,1.305,1.305,1.305,1.305,1.305,300.0
2023-11-24 05:00:00+00:00,1.305,1.305,1.305,1.305,1.305,0.0
2023-11-27 05:00:00+00:00,1.305,1.305,1.305,1.305,1.305,0.0
2023-11-28 05:00:00+00:00,1.19,1.19,1.19,1.19,1.19,274.0
2023-11-29 05:00:00+00:00,1.19,1.19,1.19,1.19,1.19,0.0
2023-11-30 05:00:00+00:00,1.19,1.19,1.19,1.19,1.19,0.0
2023-12-01 05:00:00+00:00,1.31,1.52,1.31,1.52,1.52,200.0
2023-12-04 05:00:00+00:00,1.52,1.52,1.52,1.52,1.52,0.0
2023-12-05 05:00:00+00:00,1.52,1.52,1.52,1.52,1.52,0.0
2023-12-06 05:00:00+00:00,1.31,1.31,1.31,1.31,1.31,100.0
2023-12-07 05:00:00+00:00,1.35,1.51,1.35,1.51,1.51,200.0
2023-12-08 05:00:00+00:00,1.56,1.56,1.44,1.44,1.44,800.0
2023-12-11 05:00:00+00:00,1.44,1.44,1.44,1.44,1.44,0.0
2023-12-12 05:00:00+00:00,1.44,1.44,1.44,1.44,1.44,0.0
2023-12-13 05:00:00+00:00,1.44,1.44,1.44,1.44,1.44,0.0
2023-12-14 05:00:00+00:00,1.55,1.56,1.5,1.54,1.54,1800.0
2023-12-15 05:00:00+00:00,1.54,1.54,1.54,1.54,1.54,0.0
2023-12-18 05:00:00+00:00,1.08,1.08,0.8,0.8,0.8,513.0
2023-12-19 05:00:00+00:00,0.8,0.8,0.8,0.8,0.8,0.0
2023-12-20 05:00:00+00:00,0.8,0.8,0.8,0.8,0.8,0.0
2023-12-21 05:00:00+00:00,0.8,0.8,0.8,0.8,0.8,0.0
2023-12-22 05:00:00+00:00,0.8,0.8,0.8,0.8,0.8,0.0
2023-12-26 05:00:00+00:00,0.8,0.8,0.8,0.8,0.8,0.0
2023-12-27 05:00:00+00:00,0.8,0.8,0.8,0.8,0.8,0.0
2023-12-28 05:00:00+00:00,0.8,0.8,0.8,0.8,0.8,0.0
2023-12-29 05:00:00+00:00,0.9801,0.9801,0.9801,0.9801,0.9801,100.0
2024-01-02 05:00:00+00:00,0.9801,0.9801,0.9801,0.9801,0.9801,0.0
2024-01-03 05:00:00+00:00,0.9801,0.9801,0.9801,0.9801,0.9801,0.0
2024-01-04 05:00:00+00:00,1.02,1.02,1.02,1.02,1.02,100.0
2024-01-05 05:00:00+00:00,1.02,1.02,1.02,1.02,1.02,0.0
2024-01-08 05:00:00+00:00,1.02,1.02,1.02,1.02,1.02,0.0
2024-01-09 05:00:00+00:00,1.02,1.02,1.02,1.02,1.02,0.0
2024-01-10 05:00:00+00:00,0.8,0.8,0.8,0.8,0.8,100.0
2024-01-11 05:00:00+00:00,0.8,0.8,0.8,0.8,0.8,0.0
2024-01-12 05:00:00+00:00,0.8,0.8,0.8,0.8,0.8,0.0
2024-01-16 05:00:00+00:00,0.83,0.83,0.83,0.83,0.83,100.0
2024-01-17 05:00:00+00:00,0.83,0.83,0.83,0.83,0.83,0.0
2024-01-18 05:00:00+00:00,0.83,0.83,0.83,0.83,0.83,0.0
2024-01-19 05:00:00+00:00,0.83,0.83,0.83,0.83,0.83,0.0
2024-01-22 05:00:00+00:00,0.83,0.83,0.83,0.83,0.83,0.0
2024-01-23 05:00:00+00:00,1.21,1.21,1.21,1.21,1.21,100.0
2024-01-24 05:00:00+00:00,1.21,1.21,1.21,1.21,1.21,0.0
2024-01-25 05:00:00+00:00,1.21,1.21,1.21,1.21,1.21,0.0
2024-01-26 05:00:00+00:00,1.21,1.21,1.21,1.21,1.21,0.0
2024-01-29 05:00:00+00:00,1.38,1.38,1.38,1.38,1.38,100.0
2024-01-30 05:00:00+00:00,1.38,1.38,1.38,1.38,1.38,0.0
2024-01-31 05:00:00+00:00,1.38,1.38,1.38,1.38,1.38,0.0
2024-02-01 05:00:00+00:00,1.38,1.38,1.38,1.38,1.38,0.0
2024-02-02 05:00:00+00:00,1.38,1.38,1.38,1.38,1.38,0.0
2024-02-05 05:00:00+00:00,1.38,1.38,1.38,1.38,1.38,0.0
2024-02-06 05:00:00+00:00,1.38,1.38,1.38,1.38,1.38,0.0
2024-02-07 05:00:00+00:00,1.38,1.38,1.38,1.38,1.38,0.0
2024-02-08 05:00:00+00:00,1.38,1.38,1.38,1.38,1.38,0.0
2024-02-09 05:00:00+00:00,1.03,1.11,1.03,1.05,1.05,736.0
2024-02-12 05:00:00+00:00,1.05,1.05,1.05,1.05,1.05,0.0
2024-02-13 05:00:00+00:00,1.05,1.05,1.05,1.05,1.05,0.0
2024-02-14 05:00:00+00:00,1.05,1.05,1.05,1.05,1.05,0.0
2024-02-15 05:00:00+00:00,1.05,1.05,1.05,1.05,1.05,0.0
2024-02-16 05:00:00+00:00,1.05,1.05,1.05,1.05,1.05,0.0
2024-02-20 05:00:00+00:00,1.05,1.05,1.05,1.05,1.05,0.0
2024-02-21 05:00:00+00:00,1.05,1.05,1.05,1.05,1.05,0.0
2024-02-22 05:00:00+00:00,1.05,1.05,1.05,1.05,1.05,0.0
2024-02-23 05:00:00+00:00,1.05,1.05,1.05,1.05,1.05,0.0
2024-02-26 05:00:00+00:00,1.05,1.05,1.05,1.05,1.05,0.0
2024-02-27 05:00:00+00:00,1.62,1.62,1.62,1.62,1.62,100.0
2024-02-28 05:00:00+00:00,1.86,1.86,1.8,1.8,1.8,200.0
2024-02-29 05:00:00+00:00,1.86,1.86,1.86,1.86,1.86,100.0
2024-03-01 05:00:00+00:00,1.86,1.86,1.86,1.86,1.86,0.0
2024-03-04 05:00:00+00:00,1.86,1.86,1.86,1.86,1.86,0.0
2024-03-05 05:00:00+00:00,1.86,1.86,1.86,1.86,1.86,0.0
2024-03-06 05:00:00+00:00,1.86,1.86,1.86,1.86,1.86,0.0
2024-03-07 05:00:00+00:00,1.86,1.86,1.86,1.86,1.86,0.0
2024-03-08 05:00:00+00:00,1.86,1.86,1.86,1.86,1.86,0.0
2024-03-11 04:00:00+00:00,1.86,1.86,1.86,1.86,1.86,0.0
2024-03-12 04:00:00+00:00,1.86,1.86,1.86,1.86,1.86,0.0
2024-03-13 04:00:00+00:00,1.86,1.86,1.86,1.86,1.86,0.0
2024-03-14 04:00:00+00:00,1.55,1.55,1.55,1.55,1.55,100.0
2024-03-15 04:00:00+00:00,1.55,1.55,1.55,1.55,1.55,0.0
2024-03-18 04:00:00+00:00,1.55,1.55,1.55,1.55,1.55,0.0
2024-03-19 04:00:00+00:00,1.55,1.55,1.55,1.55,1.55,0.0
2024-03-20 04:00:00+00:00,1.55,1.55,1.55,1.55,1.55,0.0
2024-03-21 04:00:00+00:00,1.55,1.55,1.55,1.55,1.55,0.0
2024-03-22 04:00:00+00:00,1.55,1.55,1.55,1.55,1.55,0.0
2024-03-25 04:00:00+00:00,1.55,1.55,1.55,1.55,1.55,0.0
2024-03-26 04:00:00+00:00,1.55,1.55,1.55,1.55,1.55,0.0
2024-03-27 04:00:00+00:00,1.55,1.55,1.55,1.55,1.55,0.0
2024-03-28 04:00:00+00:00,1.55,1.55,1.55,1.55,1.55,0.0
2024-04-01 04:00:00+00:00,1.55,1.55,1.55,1.55,1.55,0.0
2024-04-02 04:00:00+00:00,1.66,1.71,1.66,1.67,1.67,625.0
2024-04-03 04:00:00+00:00,1.77,1.77,1.77,1.77,1.77,100.0
2024-04-04 04:00:00+00:00,1.77,1.77,1.77,1.77,1.77,0.0
2024-04-05 04:00:00+00:00,1.77,1.77,1.77,1.77,1.77,0.0
2024-04-08 04:00:00+00:00,1.77,1.77,1.77,1.77,1.77,0.0
2024-04-09 04:00:00+00:00,1.77,1.77,1.77,1.77,1.77,0.0
2024-04-10 04:00:00+00:00,1.77,1.77,1.77,1.77,1.77,0.0
2024-04-11 04:00:00+00:00,1.77,1.77,1.77,1.77,1.77,0.0
2024-04-12 04:00:00+00:00,1.77,1.77,1.77,1.77,1.77,0.0
2024-04-15 04:00:00+00:00,1.62,1.62,1.62,1.62,1.62,200.0
2024-04-16 04:00:00+00:00,1.62,1.62,1.62,1.62,1.62,0.0
2024-04-17 04:00:00+00:00,1.62,1.62,1.62,1.62,1.62,0.0
2024-04-18 04:00:00+00:00,1.62,1.62,1.62,1.62,1.62,0.0
2024-04-19 04:00:00+00:00,1.62,1.62,1.62,1.62,1.62,0.0
2024-04-22 04:00:00+00:00,1.49,1.49,1.49,1.49,1.49,100.0
2024-04-23 04:00:00+00:00,1.49,1.49,1.49,1.49,1.49,0.0
2024-04-24 04:00:00+00:00,1.44,1.44,1.44,1.44,1.44,100.0
2024-04-25 04:00:00+00:00,1.44,1.44,1.44,1.44,1.44,0.0
2024-04-26 04:00:00+00:00,1.44,1.44,1.44,1.44,1.44,0.0
2024-04-29 04:00:00+00:00,1.44,1.44,1.44,1.44,1.44,0.0
2024-04-30 04:00:00+00:00,1.44,1.44,1.44,1.44,1.44,0.0
2024-05-01 04:00:00+00:00,1.29,1.29,1.29,1.29,1.29,100.0
2024-05-02 04:00:00+00:00,1.29,1.29,1.29,1.29,1.29,0.0
2024-05-03 04:00:00+00:00,1.29,1.29,1.29,1.29,1.29,0.0
2024-05-06 04:00:00+00:00,1.29,1.29,1.29,1.29,1.29,0.0
2024-05-07 04:00:00+00:00,1.34,1.34,1.34,1.34,1.34,100.0
2024-05-08 04:00:00+00:00,1.34,1.34,1.34,1.34,1.34,0.0
2024-05-09 04:00:00+00:00,1.2,1.2,1.2,1.2,1.2,100.0
2024-05-10 04:00:00+00:00,1.2,1.2,1.2,1.2,1.2,100.0
2024-05-13 04:00:00+00:00,1.2,1.2,1.2,1.2,1.2,0.0
2024-05-14 04:00:00+00:00,1.2,1.2,1.2,1.2,1.2,0.0
2024-05-15 04:00:00+00:00,1.41,1.41,1.41,1.41,1.41,100.0
2024-05-16 04:00:00+00:00,1.41,1.41,1.41,1.41,1.41,0.0
2024-05-17 04:00:00+00:00,1.41,1.41,1.41,1.41,1.41,0.0
2024-05-20 04:00:00+00:00,1.41,1.41,1.41,1.41,1.41,0.0
2024-05-21 04:00:00+00:00,1.41,1.41,1.41,1.41,1.41,0.0
2024-05-22 04:00:00+00:00,1.41,1.41,1.41,1.41,1.41,0.0
2024-05-23 04:00:00+00:00,1.41,1.41,1.41,1.41,1.41,0.0
2024-05-24 04:00:00+00:00,1.4,1.45,1.4,1.45,1.45,247.0
2024-05-28 04:00:00+00:00,1.23,1.23,1.23,1.23,1.23,100.0
2024-05-29 04:00:00+00:00,1.23,1.23,1.23,1.23,1.23,0.0
2024-05-30 04:00:00+00:00,1.23,1.23,1.23,1.23,1.23,0.0
2024-05-31 04:00:00+00:00,1.23,1.23,1.23,1.23,1.23,0.0
2024-06-03 04:00:00+00:00,1.49,1.49,1.49,1.49,1.49,100.0
2024-06-04 04:00:00+00:00,1.49,1.49,1.49,1.49,1.49,0.0
2024-06-05 04:00:00+00:00,1.49,1.49,1.49,1.49,1.49,0.0
2024-06-06 04:00:00+00:00,1.49,1.49,1.49,1.49,1.49,0.0
2024-06-07 04:00:00+00:00,1.49,1.49,1.49,1.49,1.49,0.0
2024-06-10 04:00:00+00:00,1.49,1.49,1.49,1.49,1.49,0.0
2024-06-11 04:00:00+00:00,1.49,1.49,1.49,1.49,1.49,0.0
2024-06-12 04:00:00+00:00,1.5,1.5,1.45,1.45,1.45,300.0
2024-06-13 04:00:00+00:00,1.45,1.45,1.45,1.45,1.45,0.0
2024-06-14 04:00:00+00:00,1.45,1.45,1.45,1.45,1.45,0.0
2024-06-17 04:00:00+00:00,1.45,1.45,1.45,1.45,1.45,0.0
2024-06-18 04:00:00+00:00,1.45,1.45,1.45,1.45,1.45,0.0
2024-06-20 04:00:00+00:00,1.45,1.45,1.45,1.45,1.45,0.0
2024-06-21 04:00:00+00:00,1.45,1.45,1.45,1.45,1.45,0.0
2024-06-24 04:00:00+00:00,1.45,1.45,1.45,1.45,1.45,0.0
2024-06-25 04:00:00+00:00,1.45,1.45,1.45,1.45,1.45,0.0
2024-06-26 04:00:00+00:00,1.45,1.45,1.45,1.45,1.45,0.0
2024-06-27 04:00:00+00:00,1.45,1.45,1.45,1.45,1.45,0.0
2024-06-28 04:00:00+00:00,1.58,1.58,1.58,1.58,1.58,100.0
2024-07-01 04:00:00+00:00,1.58,1.58,1.58,1.58,1.58,0.0
2024-07-02 04:00:00+00:00,1.58,1.58,1.58,1.58,1.58,0.0
2024-07-03 04:00:00+00:00,1.58,1.58,1.58,1.58,1.58,0.0
2024-07-05 04:00:00+00:00,1.58,1.58,1.58,1.58,1.58,0.0
2024-07-08 04:00:00+00:00,1.58,1.58,1.58,1.58,1.58,0.0
2024-07-09 04:00:00+00:00,1.58,1.58,1.58,1.58,1.58,0.0
2024-07-10 04:00:00+00:00,1.58,1.58,1.58,1.58,1.58,0.0
2024-07-11 04:00:00+00:00,1.18,1.31,1.16,1.31,1.31,300.0
2024-07-12 04:00:00+00:00,1.39,1.39,1.39,1.39,1.39,100.0
2024-07-15 04:00:00+00:00,1.39,1.39,1.39,1.39,1.39,0.0
2024-07-16 04:00:00+00:00,1.39,1.39,1.39,1.39,1.39,0.0
2024-07-17 04:00:00+00:00,1.39,1.39,1.39,1.39,1.39,0.0
2024-07-18 04:00:00+00:00,1.39,1.39,1.39,1.39,1.39,0.0
2024-07-19 04:00:00+00:00,1.39,1.39,1.39,1.39,1.39,0.0
2024-07-22 04:00:00+00:00,1.39,1.39,1.39,1.39,1.39,0.0
2024-07-23 04:00:00+00:00,1.39,1.39,1.39,1.39,1.39,0.0
2024-07-24 04:00:00+00:00,1.89,1.89,1.89,1.89,1.89,103.0
2024-07-25 04:00:00+00:00,1.97,2.01,1.97,2.01,2.01,300.0
2024-07-26 04:00:00+00:00,1.89,1.89,1.89,1.89,1.89,100.0
2024-07-29 04:00:00+00:00,1.9,1.9,1.9,1.9,1.9,100.0
2024-07-30 04:00:00+00:00,1.91,1.91,1.91,1.91,1.91,100.0
2024-07-31 04:00:00+00:00,1.91,1.91,1.91,1.91,1.91,0.0
2024-08-01 04:00:00+00:00,1.9,1.9,1.63,1.63,1.63,300.0
2024-08-02 04:00:00+00:00,1.63,1.63,1.63,1.63,1.63,0.0
2024-08-05 04:00:00+00:00,1.63,1.63,1.63,1.63,1.63,0.0
2024-08-06 04:00:00+00:00,1.63,1.63,1.63,1.63,1.63,0.0
2024-08-07 04:00:00+00:00,1.63,1.63,1.63,1.63,1.63,0.0
2024-08-08 04:00:00+00:00,1.72,1.73,1.72,1.73,1.73,200.0
2024-08-09 04:00:00+00:00,1.56,1.56,1.43,1.46,1.46,400.0
2024-08-12 04:00:00+00:00,1.39,1.39,1.39,1.39,1.39,100.0
2024-08-13 04:00:00+00:00,1.39,1.39,1.39,1.39,1.39,0.0
2024-08-14 04:00:00+00:00,1.39,1.39,1.39,1.39,1.39,0.0
2024-08-15 04:00:00+00:00,1.39,1.39,1.39,1.39,1.39,0.0
2024-08-16 04:00:00+00:00,1.39,1.39,1.39,1.39,1.39,0.0
2024-08-19 04:00:00+00:00,1.39,1.39,1.39,1.39,1.39,0.0
2024-08-20 04:00:00+00:00,1.41,1.41,1.41,1.41,1.41,100.0
2024-08-21 04:00:00+00:00,1.41,1.41,1.41,1.41,1.41,0.0
2024-08-22 04:00:00+00:00,1.41,1.41,1.41,1.41,1.41,0.0
2024-08-23 04:00:00+00:00,1.41,1.41,1.41,1.41,1.41,0.0
2024-08-26 04:00:00+00:00,1.41,1.41,1.41,1.41,1.41,0.0
2024-08-27 04:00:00+00:00,1.41,1.41,1.41,1.41,1.41,0.0
2024-08-28 04:00:00+00:00,1.41,1.41,1.41,1.41,1.41,0.0
2024-08-29 04:00:00+00:00,1.49,1.49,1.49,1.49,1.49,100.0
2024-08-30 04:00:00+00:00,1.49,1.49,1.49,1.49,1.49,0.0
2024-09-03 04:00:00+00:00,1.49,1.49,1.49,1.49,1.49,0.0
2024-09-04 04:00:00+00:00,1.49,1.49,1.49,1.49,1.49,0.0
2024-09-05 04:00:00+00:00,1.49,1.49,1.49,1.49,1.49,0.0
2024-09-06 04:00:00+00:00,1.33,1.33,1.33,1.33,1.33,100.0
2024-09-09 04:00:00+00:00,1.21,1.21,1.21,1.21,1.21,100.0
2024-09-10 04:00:00+00:00,1.21,1.21,1.21,1.21,1.21,0.0
2024-09-11 04:00:00+00:00,1.9,1.9,1.9,1.9,1.9,100.0
2024-09-12 04:00:00+00:00,1.9,1.9,1.9,1.9,1.9,0.0
2024-09-13 04:00:00+00:00,1.9,1.9,1.9,1.9,1.9,0.0
2024-09-16 04:00:00+00:00,1.9,1.9,1.9,1.9,1.9,0.0
2024-09-17 04:00:00+00:00,2.31,2.31,2.31,2.31,2.31,155.0
2024-09-18 04:00:00+00:00,2.31,2.31,2.31,2.31,2.31,0.0
2024-09-19 04:00:00+00:00,2.62,2.62,2.62,2.62,2.62,188.0
2024-09-20 04:00:00+00:00,2.89,2.89,2.89,2.89,2.89,100.0
2024-09-23 04:00:00+00:00,2.89,2.89,2.89,2.89,2.89,0.0
2024-09-24 04:00:00+00:00,2.89,2.89,2.89,2.89,2.89,0.0
2024-09-25 04:00:00+00:00,3.07,3.07,3.07,3.07,3.07,200.0
2024-09-26 04:00:00+00:00,3.18,3.19,3.13,3.13,3.13,397.0
2024-09-27 04:00:00+00:00,3.13,3.13,3.13,3.13,3.13,0.0
2024-09-30 04:00:00+00:00,3.13,3.13,3.13,3.13,3.13,0.0
2024-10-01 04:00:00+00:00,3.13,3.13,3.13,3.13,3.13,0.0
2024-10-02 04:00:00+00:00,3.13,3.13,3.13,3.13,3.13,0.0
2024-10-03 04:00:00+00:00,3.13,3.13,3.13,3.13,3.13,0.0
2024-10-04 04:00:00+00:00,3.13,3.13,3.13,3.13,3.13,0.0
2024-10-07 04:00:00+00:00,3.13,3.13,3.13,3.13,3.13,0.0
2024-10-08 04:00:00+00:00,2.93,2.93,2.93,2.93,2.93,100.0
2024-10-09 04:00:00+00:00,2.93,2.93,2.93,2.93,2.93,0.0
2024-10-10 04:00:00+00:00,2.93,2.93,2.93,2.93,2.93,0.0
2024-10-11 04:00:00+00:00,2.93,2.93,2.93,2.93,2.93,0.0
2024-10-14 04:00:00+00:00,2.93,2.93,2.93,2.93,2.93,0.0
2024-10-15 04:00:00+00:00,2.77,2.77,2.77,2.77,2.77,104.0
2024-10-16 04:00:00+00:00,2.77,2.77,2.77,2.77,2.77,0.0
2024-10-17 04:00:00+00:00,2.77,2.77,2.77,2.77,2.77,0.0
2024-10-18 04:00:00+00:00,2.77,2.77,2.77,2.77,2.77,0.0
2024-10-21 04:00:00+00:00,2.77,2.77,2.77,2.77,2.77,0.0
2024-10-22 04:00:00+00:00,2.77,2.77,2.77,2.77,2.77,0.0
2024-10-23 04:00:00+00:00,2.77,2.77,2.77,2.77,2.77,0.0
2024-10-24 04:00:00+00:00,5.0,5.085,5.0,5.085,5.085,406.0
2024-10-25 04:00:00+00:00,5.085,5.085,5.085,5.085,5.085,0.0
2024-10-28 04:00:00+00:00,5.085,5.085,5.085,5.085,5.085,0.0
2024-10-29 04:00:00+00:00,5.085,5.085,5.085,5.085,5.085,0.0
2024-10-30 04:00:00+00:00,5.085,5.085,5.085,5.085,5.085,0.0
2024-10-31 04:00:00+00:00,5.085,5.085,5.085,5.085,5.085,0.0
2024-11-01 04:00:00+00:00,4.94,4.97,4.94,4.97,4.97,300.0
2024-11-04 05:00:00+00:00,4.97,4.97,4.97,4.97,4.97,0.0
2024-11-05 05:00:00+00:00,4.97,4.97,4.97,4.97,4.97,0.0
2024-11-06 05:00:00+00:00,4.97,4.97,4.97,4.97,4.97,0.0
2024-11-07 05:00:00+00:00,5.27,5.28,4.26,4.29,4.29,1101.0
2024-11-08 05:00:00+00:00,4.11,4.19,3.99,3.99,3.99,500.0
2024-11-11 05:00:00+00:00,4.85,4.85,4.42,4.42,4.42,201.0
2024-11-12 05:00:00+00:00,4.42,4.42,4.42,4.42,4.42,0.0
2024-11-13 05:00:00+00:00,4.42,4.42,4.42,4.42,4.42,0.0
2024-11-14 05:00:00+00:00,4.42,4.42,4.42,4.42,4.42,0.0
2024-11-15 05:00:00+00:00,4.42,4.42,4.42,4.42,4.42,0.0
2024-11-18 05:00:00+00:00,3.9,3.955,3.71,3.71,3.71,569.0
2024-11-19 05:00:00+00:00,3.84,3.955,3.81,3.85,3.85,700.0
2024-11-20 05:00:00+00:00,3.96,4.24,3.96,4.205,4.205,501.0
2024-11-21 05:00:00+00:00,4.205,4.205,4.205,4.205,4.205,0.0
2024-11-22 05:00:00+00:00,4.205,4.205,4.205,4.205,4.205,0.0
2024-11-25 05:00:00+00:00,4.205,4.205,4.205,4.205,4.205,0.0
2024-11-26 05:00:00+00:00,4.205,4.205,4.205,4.205,4.205,0.0
2024-11-27 05:00:00+00:00,4.205,4.205,4.205,4.205,4.205,0.0
2024-11-29 05:00:00+00:00,4.205,4.205,4.205,4.205,4.205,0.0
2024-12-02 05:00:00+00:00,4.205,4.205,4.205,4.205,4.205,0.0
2024-12-03 05:00:00+00:00,4.205,4.205,4.205,4.205,4.205,0.0
2024-12-04 05:00:00+00:00,4.205,4.205,4.205,4.205,4.205,0.0
2024-12-05 05:00:00+00:00,4.445,4.445,4.38,4.38,4.38,300.0
2024-12-06 05:00:00+00:00,4.38,4.38,4.38,4.38,4.38,0.0
2024-12-09 05:00:00+00:00,4.38,4.38,4.38,4.38,4.38,0.0
2024-12-10 05:00:00+00:00,4.38,4.38,4.38,4.38,4.38,0.0
2024-12-11 05:00:00+00:00,4.36,4.515,4.36,4.515,4.515,433.0
2024-12-12 05:00:00+00:00,4.13,4.13,4.02,4.02,4.02,600.0
2024-12-13 05:00:00+00:00,4.02,4.02,4.02,4.02,4.02,0.0
2024-12-16 05:00:00+00:00,4.02,4.02,4.02,4.02,4.02,0.0
2024-12-17 05:00:00+00:00,3.96,3.96,3.96,3.96,3.96,100.0
2024-12-18 05:00:00+00:00,3.96,3.96,3.96,3.96,3.96,0.0
2024-12-19 05:00:00+00:00,3.96,3.96,3.96,3.96,3.96,0.0
2024-12-20 05:00:00+00:00,3.71,3.73,3.71,3.73,3.73,200.0
2024-12-23 05:00:00+00:00,3.73,3.73,3.73,3.73,3.73,0.0
2024-12-24 05:00:00+00:00,3.73,3.73,3.73,3.73,3.73,0.0
2024-12-26 05:00:00+00:00,3.75,3.75,3.75,3.75,3.75,128.0
2024-12-27 05:00:00+00:00,3.75,3.75,3.75,3.75,3.75,0.0
2024-12-30 05:00:00+00:00,3.75,3.75,3.75,3.75,3.75,0.0
2024-12-31 05:00:00+00:00,3.75,3.75,3.75,3.75,3.75,0.0
2025-01-02 05:00:00+00:00,3.75,3.75,3.75,3.75,3.75,0.0
2025-01-03 05:00:00+00:00,3.75,3.75,3.75,3.75,3.75,0.0
2025-01-06 05:00:00+00:00,3.75,3.75,3.75,3.75,3.75,0.0
2025-01-07 05:00:00+00:00,3.75,3.75,3.75,3.75,3.75,0.0
2025-01-08 05:00:00+00:00,3.75,3.75,3.75,3.75,3.75,0.0
2025-01-10 05:00:00+00:00,3.75,3.75,3.75,3.75,3.75,0.0
2025-01-13 05:00:00+00:00,3.75,3.75,3.75,3.75,3.75,0.0
2025-01-14 05:00:00+00:00,2.7,2.94,2.7,2.94,2.94,201.0
2025-01-15 05:00:00+00:00,2.94,2.94,2.94,2.94,2.94,0.0
2025-01-16 05:00:00+00:00,2.94,2.94,2.94,2.94,2.94,0.0
2025-01-17 05:00:00+00:00,3.61,3.61,3.61,3.61,3.61,100.0
2025-01-21 05:00:00+00:00,3.61,3.61,3.61,3.61,3.61,0.0
2025-01-22 05:00:00+00:00,3.61,3.61,3.61,3.61,3.61,0.0
2025-01-23 05:00:00+00:00,3.61,3.61,3.61,3.61,3.61,0.0
2025-01-24 05:00:00+00:00,3.61,3.61,3.61,3.61,3.61,0.0
2025-01-27 05:00:00+00:00,3.61,3.61,3.61,3.61,3.61,0.0
2025-01-28 05:00:00+00:00,3.61,3.61,3.61,3.61,3.61,0.0
2025-01-29 05:00:00+00:00,3.87,3.87,3.87,3.87,3.87,350.0
2025-01-30 05:00:00+00:00,3.87,3.87,3.87,3.87,3.87,0.0
2025-01-31 05:00:00+00:00,3.28,3.45,3.28,3.45,3.45,700.0
2025-02-03 05:00:00+00:00,3.45,3.45,3.45,3.45,3.45,0.0
2025-02-04 05:00:00+00:00,3.12,3.12,2.56,2.6,2.6,1500.0
2025-02-05 05:00:00+00:00,2.91,2.91,2.91,2.91,2.91,200.0
2025-02-06 05:00:00+00:00,2.91,2.91,2.91,2.91,2.91,0.0
2025-02-07 05:00:00+00:00,2.91,2.91,2.91,2.91,2.91,0.0
2025-02-10 05:00:00+00:00,2.91,2.91,2.91,2.91,2.91,0.0
2025-02-11 05:00:00+00:00,2.91,2.91,2.91,2.91,2.91,0.0
2025-02-12 05:00:00+00:00,2.91,2.91,2.91,2.91,2.91,0.0
2025-02-13 05:00:00+00:00,2.91,2.91,2.91,2.91,2.91,0.0
2025-02-14 05:00:00+00:00,2.91,2.91,2.91,2.91,2.91,0.0
2025-02-18 05:00:00+00:00,2.91,2.91,2.91,2.91,2.91,0.0
2025-02-19 05:00:00+00:00,3.62,3.62,3.62,3.62,3.62,100.0
2025-02-20 05:00:00+00:00,3.62,3.62,3.62,3.62,3.62,0.0
2025-02-21 05:00:00+00:00,3.62,3.62,3.62,3.62,3.62,0.0
2025-02-24 05:00:00+00:00,3.62,3.62,3.62,3.62,3.62,0.0
2025-02-25 05:00:00+00:00,3.62,3.62,3.62,3.62,3.62,0.0
2025-02-26 05:00:00+00:00,3.62,3.62,3.62,3.62,3.62,0.0
2025-02-27 05:00:00+00:00,2.43,2.43,2.43,2.43,2.43,100.0
2025-02-28 05:00:00+00:00,2.43,2.43,2.43,2.43,2.43,0.0
2025-03-03 05:00:00+00:00,2.43,2.43,2.43,2.43,2.43,0.0
2025-03-04 05:00:00+00:00,2.43,2.43,2.43,2.43,2.43,0.0
2025-03-05 05:00:00+00:00,2.43,2.43,2.43,2.43,2.43,0.0
2025-03-06 05:00:00+00:00,2.43,2.43,2.43,2.43,2.43,0.0
2025-03-07 05:00:00+00:00,2.43,2.43,2.43,2.43,2.43,0.0
2025-03-10 04:00:00+00:00,2.43,2.43,2.43,2.43,2.43,0.0
2025-03-11 04:00:00+00:00,2.43,2.43,2.43,2.43,2.43,0.0
2025-03-12 04:00:00+00:00,2.43,2.43,2.43,2.43,2.43,0.0
2025-03-13 04:00:00+00:00,2.43,2.43,2.43,2.43,2.43,0.0
2025-03-14 04:00:00+00:00,2.24,2.29,2.24,2.29,2.29,360.0
2025-03-17 04:00:00+00:00,2.29,2.29,2.29,2.29,2.29,0.0
2025-03-18 04:00:00+00:00,2.29,2.29,2.29,2.29,2.29,0.0
2025-03-19 04:00:00+00:00,2.29,2.29,2.29,2.29,2.29,0.0
2025-03-20 04:00:00+00:00,2.29,2.29,2.29,2.29,2.29,0.0
2025-03-21 04:00:00+00:00,2.29,2.29,2.29,2.29,2.29,0.0
2025-03-24 04:00:00+00:00,2.29,2.29,2.29,2.29,2.29,0.0
2025-03-25 04:00:00+00:00,2.29,2.29,2.29,2.29,2.29,0.0
2025-03-26 04:00:00+00:00,2.29,2.29,2.29,2.29,2.29,0.0
2025-03-27 04:00:00+00:00,2.29,2.29,2.29,2.29,2.29,0.0
2025-03-28 04:00:00+00:00,2.29,2.29,2.29,2.29,2.29,0.0
2025-03-31 04:00:00+00:00,1.57,1.57,1.57,1.57,1.57,200.0
2025-04-01 04:00:00+00:00,1.57,1.57,1.57,1.57,1.57,0.0
2025-04-02 04:00:00+00:00,1.57,1.57,1.57,1.57,1.57,0.0
2025-04-03 04:00:00+00:00,1.57,1.57,1.57,1.57,1.57,0.0
