Date,Open,High,Low,Close,Adj Close,Volume
2022-05-06 04:00:00+00:00,10.03,10.04,10.0,10.02,10.02,586792.0
2022-05-09 04:00:00+00:00,10.03,10.035,10.005,10.01,10.01,32180.0
2022-05-10 04:00:00+00:00,9.98,9.98,9.98,9.98,9.98,1000.0
2022-05-11 04:00:00+00:00,10.0,10.01,10.0,10.01,10.01,900.0
2022-05-13 04:00:00+00:00,9.97,9.97,9.97,9.97,9.97,100.0
2022-05-24 04:00:00+00:00,9.965,9.965,9.965,9.965,9.965,284.0
2022-05-25 04:00:00+00:00,9.99,9.99,9.99,9.99,9.99,1800.0
2022-05-26 04:00:00+00:00,9.99,9.99,9.99,9.99,9.99,750.0
2022-06-02 04:00:00+00:00,10.0,10.0,10.0,10.0,10.0,100.0
2022-06-03 04:00:00+00:00,9.99,9.99,9.99,9.99,9.99,602.0
2022-06-07 04:00:00+00:00,9.97,9.97,9.97,9.97,9.97,300.0
2022-06-10 04:00:00+00:00,10.0,10.0,10.0,10.0,10.0,56100.0
2022-06-15 04:00:00+00:00,10.0,10.0,10.0,10.0,10.0,700.0
2022-06-16 04:00:00+00:00,10.02,10.05,10.02,10.05,10.05,18200.0
2022-06-21 04:00:00+00:00,10.03,10.05,10.01,10.01,10.01,86500.0
2022-07-05 04:00:00+00:00,9.94,9.94,9.93,9.93,9.93,600.0
2022-07-11 04:00:00+00:00,10.01,10.01,10.01,10.01,10.01,100.0
2022-07-12 04:00:00+00:00,10.01,10.15,10.01,10.12,10.12,1999.0
2022-07-13 04:00:00+00:00,10.12,10.12,10.12,10.12,10.12,0.0
2022-07-14 04:00:00+00:00,10.12,10.12,10.12,10.12,10.12,0.0
2022-07-15 04:00:00+00:00,10.12,10.12,10.12,10.12,10.12,0.0
2022-07-18 04:00:00+00:00,10.12,10.12,10.12,10.12,10.12,0.0
2022-07-19 04:00:00+00:00,10.12,10.12,10.12,10.12,10.12,0.0
2022-07-20 04:00:00+00:00,9.99,9.99,9.99,9.99,9.99,800.0
2022-07-21 04:00:00+00:00,9.99,9.99,9.99,9.99,9.99,0.0
2022-07-22 04:00:00+00:00,9.99,9.99,9.99,9.99,9.99,0.0
2022-07-25 04:00:00+00:00,9.99,9.99,9.99,9.99,9.99,0.0
2022-07-26 04:00:00+00:00,9.99,9.99,9.99,9.99,9.99,0.0
2022-07-27 04:00:00+00:00,9.99,9.99,9.99,9.99,9.99,0.0
2022-07-28 04:00:00+00:00,9.99,9.99,9.99,9.99,9.99,0.0
2022-07-29 04:00:00+00:00,9.99,9.99,9.99,9.99,9.99,0.0
2022-08-01 04:00:00+00:00,9.99,9.99,9.99,9.99,9.99,0.0
2022-08-02 04:00:00+00:00,9.99,9.99,9.99,9.99,9.99,0.0
2022-08-03 04:00:00+00:00,9.99,9.99,9.99,9.99,9.99,0.0
2022-08-04 04:00:00+00:00,9.99,9.99,9.99,9.99,9.99,0.0
2022-08-05 04:00:00+00:00,9.99,9.99,9.99,9.99,9.99,0.0
2022-08-08 04:00:00+00:00,9.99,9.99,9.99,9.99,9.99,0.0
2022-08-09 04:00:00+00:00,10.04,10.04,10.04,10.04,10.04,100.0
2022-08-10 04:00:00+00:00,10.04,10.04,10.04,10.04,10.04,0.0
2022-08-11 04:00:00+00:00,10.04,10.04,10.04,10.04,10.04,0.0
2022-08-12 04:00:00+00:00,10.04,10.04,10.04,10.04,10.04,0.0
2022-08-15 04:00:00+00:00,10.04,10.04,10.04,10.04,10.04,0.0
2022-08-16 04:00:00+00:00,10.04,10.04,10.04,10.04,10.04,0.0
2022-08-17 04:00:00+00:00,10.04,10.04,10.03,10.03,10.03,2800.0
2022-08-18 04:00:00+00:00,10.03,10.03,10.03,10.03,10.03,0.0
2022-08-19 04:00:00+00:00,10.03,10.03,10.03,10.03,10.03,0.0
2022-08-22 04:00:00+00:00,10.03,10.03,10.03,10.03,10.03,0.0
2022-08-23 04:00:00+00:00,10.03,10.03,10.03,10.03,10.03,0.0
2022-08-24 04:00:00+00:00,10.03,10.03,10.03,10.03,10.03,0.0
2022-08-25 04:00:00+00:00,10.03,10.03,10.03,10.03,10.03,0.0
2022-08-26 04:00:00+00:00,10.03,10.03,10.03,10.03,10.03,0.0
2022-08-29 04:00:00+00:00,10.06,10.06,10.06,10.06,10.06,100.0
2022-08-30 04:00:00+00:00,10.06,10.06,10.06,10.06,10.06,0.0
2022-08-31 04:00:00+00:00,10.06,10.06,10.06,10.06,10.06,0.0
2022-09-01 04:00:00+00:00,10.06,10.06,10.06,10.06,10.06,0.0
2022-09-02 04:00:00+00:00,10.06,10.06,10.06,10.06,10.06,0.0
2022-09-06 04:00:00+00:00,10.06,10.06,10.06,10.06,10.06,0.0
2022-09-07 04:00:00+00:00,10.04,10.04,10.03,10.03,10.03,1400.0
2022-09-08 04:00:00+00:00,10.07,10.08,10.07,10.08,10.08,586.0
2022-09-09 04:00:00+00:00,10.08,10.08,10.08,10.08,10.08,0.0
2022-09-12 04:00:00+00:00,10.06,10.06,10.06,10.06,10.06,100.0
2022-09-13 04:00:00+00:00,10.06,10.06,10.06,10.06,10.06,0.0
2022-09-14 04:00:00+00:00,10.06,10.06,10.06,10.06,10.06,0.0
2022-09-15 04:00:00+00:00,10.05,10.05,10.05,10.05,10.05,1000.0
2022-09-16 04:00:00+00:00,10.03,10.03,10.03,10.03,10.03,1300.0
2022-09-19 04:00:00+00:00,10.03,10.03,10.03,10.03,10.03,0.0
2022-09-20 04:00:00+00:00,10.03,10.03,10.03,10.03,10.03,1100.0
2022-09-21 04:00:00+00:00,10.03,10.03,10.03,10.03,10.03,0.0
2022-09-22 04:00:00+00:00,10.03,10.03,10.03,10.03,10.03,0.0
2022-09-23 04:00:00+00:00,10.03,10.03,10.03,10.03,10.03,0.0
2022-09-26 04:00:00+00:00,10.0,10.0,9.96,9.99,9.99,2200.0
2022-09-27 04:00:00+00:00,9.99,9.99,9.99,9.99,9.99,0.0
2022-09-28 04:00:00+00:00,9.99,9.99,9.99,9.99,9.99,0.0
2022-09-29 04:00:00+00:00,9.99,9.99,9.99,9.99,9.99,0.0
2022-09-30 04:00:00+00:00,9.99,9.99,9.99,9.99,9.99,0.0
2022-10-03 04:00:00+00:00,10.02,10.02,10.02,10.02,10.02,100.0
2022-10-04 04:00:00+00:00,10.02,10.02,10.02,10.02,10.02,0.0
2022-10-05 04:00:00+00:00,10.04,10.04,10.04,10.04,10.04,100.0
2022-10-06 04:00:00+00:00,10.04,10.04,10.04,10.04,10.04,0.0
2022-10-07 04:00:00+00:00,10.04,10.04,10.04,10.04,10.04,0.0
2022-10-10 04:00:00+00:00,10.13,10.13,10.13,10.13,10.13,155.0
2022-10-11 04:00:00+00:00,10.13,10.13,10.13,10.13,10.13,0.0
2022-10-12 04:00:00+00:00,10.13,10.13,10.13,10.13,10.13,0.0
2022-10-13 04:00:00+00:00,10.13,10.13,10.13,10.13,10.13,0.0
2022-10-14 04:00:00+00:00,10.13,10.13,10.13,10.13,10.13,0.0
2022-10-17 04:00:00+00:00,10.13,10.13,10.13,10.13,10.13,0.0
2022-10-18 04:00:00+00:00,10.13,10.13,10.13,10.13,10.13,0.0
2022-10-19 04:00:00+00:00,10.13,10.13,10.13,10.13,10.13,0.0
2022-10-20 04:00:00+00:00,10.13,10.13,10.13,10.13,10.13,0.0
2022-10-21 04:00:00+00:00,10.14,10.14,10.14,10.14,10.14,100.0
2022-10-24 04:00:00+00:00,10.14,10.14,10.14,10.14,10.14,0.0
2022-10-25 04:00:00+00:00,10.14,10.14,10.14,10.14,10.14,0.0
2022-10-26 04:00:00+00:00,10.14,10.14,10.14,10.14,10.14,0.0
2022-10-27 04:00:00+00:00,10.14,10.14,10.14,10.14,10.14,0.0
2022-10-28 04:00:00+00:00,10.14,10.14,10.14,10.14,10.14,0.0
2022-10-31 04:00:00+00:00,10.14,10.14,10.14,10.14,10.14,0.0
2022-11-01 04:00:00+00:00,10.08,10.08,10.07,10.07,10.07,500.0
2022-11-02 04:00:00+00:00,10.07,10.07,10.07,10.07,10.07,0.0
2022-11-03 04:00:00+00:00,10.07,10.07,10.07,10.07,10.07,0.0
2022-11-04 04:00:00+00:00,10.07,10.07,10.07,10.07,10.07,0.0
2022-11-07 05:00:00+00:00,10.07,10.07,10.07,10.07,10.07,0.0
2022-11-08 05:00:00+00:00,10.07,10.07,10.07,10.07,10.07,0.0
2022-11-09 05:00:00+00:00,10.07,10.07,10.07,10.07,10.07,0.0
2022-11-10 05:00:00+00:00,10.07,10.07,10.07,10.07,10.07,0.0
2022-11-11 05:00:00+00:00,10.19,10.19,10.19,10.19,10.19,100.0
2022-11-14 05:00:00+00:00,10.19,10.19,10.19,10.19,10.19,0.0
2022-11-15 05:00:00+00:00,10.19,10.19,10.19,10.19,10.19,0.0
2022-11-16 05:00:00+00:00,10.19,10.19,10.19,10.19,10.19,0.0
2022-11-17 05:00:00+00:00,10.19,10.19,10.19,10.19,10.19,0.0
2022-11-18 05:00:00+00:00,10.19,10.19,10.19,10.19,10.19,0.0
2022-11-21 05:00:00+00:00,10.19,10.19,10.19,10.19,10.19,0.0
2022-11-22 05:00:00+00:00,10.19,10.19,10.19,10.19,10.19,0.0
2022-11-23 05:00:00+00:00,10.19,10.19,10.19,10.19,10.19,0.0
2022-11-25 05:00:00+00:00,10.19,10.19,10.19,10.19,10.19,0.0
2022-11-28 05:00:00+00:00,10.21,10.21,10.21,10.21,10.21,100.0
2022-11-29 05:00:00+00:00,10.21,10.21,10.21,10.21,10.21,0.0
2022-11-30 05:00:00+00:00,10.21,10.21,10.21,10.21,10.21,0.0
2022-12-01 05:00:00+00:00,10.21,10.21,10.21,10.21,10.21,0.0
2022-12-02 05:00:00+00:00,10.21,10.21,10.21,10.21,10.21,0.0
2022-12-05 05:00:00+00:00,10.21,10.21,10.21,10.21,10.21,0.0
2022-12-06 05:00:00+00:00,10.21,10.21,10.21,10.21,10.21,0.0
2022-12-07 05:00:00+00:00,10.21,10.21,10.21,10.21,10.21,0.0
2022-12-08 05:00:00+00:00,10.21,10.21,10.21,10.21,10.21,0.0
2022-12-09 05:00:00+00:00,10.21,10.21,10.21,10.21,10.21,0.0
2022-12-12 05:00:00+00:00,10.21,10.21,10.21,10.21,10.21,0.0
2022-12-13 05:00:00+00:00,10.21,10.21,10.21,10.21,10.21,0.0
2022-12-14 05:00:00+00:00,10.21,10.21,10.21,10.21,10.21,0.0
2022-12-15 05:00:00+00:00,10.21,10.21,10.21,10.21,10.21,0.0
2022-12-16 05:00:00+00:00,10.21,10.21,10.21,10.21,10.21,0.0
2022-12-19 05:00:00+00:00,10.21,10.21,10.21,10.21,10.21,0.0
2022-12-20 05:00:00+00:00,10.21,10.21,10.21,10.21,10.21,0.0
2022-12-21 05:00:00+00:00,10.21,10.21,10.21,10.21,10.21,0.0
2022-12-22 05:00:00+00:00,10.21,10.21,10.21,10.21,10.21,0.0
2022-12-23 05:00:00+00:00,10.21,10.21,10.21,10.21,10.21,0.0
2022-12-27 05:00:00+00:00,10.21,10.21,10.21,10.21,10.21,0.0
2022-12-28 05:00:00+00:00,10.21,10.21,10.21,10.21,10.21,0.0
2022-12-29 05:00:00+00:00,10.21,10.21,10.21,10.21,10.21,0.0
2022-12-30 05:00:00+00:00,10.21,10.21,10.21,10.21,10.21,0.0
2023-01-03 05:00:00+00:00,10.21,10.21,10.21,10.21,10.21,0.0
2023-01-04 05:00:00+00:00,10.31,10.31,10.31,10.31,10.31,100.0
2023-01-05 05:00:00+00:00,10.21,10.21,10.21,10.21,10.21,0.0
2023-01-06 05:00:00+00:00,10.21,10.21,10.21,10.21,10.21,0.0
2023-01-09 05:00:00+00:00,10.21,10.21,10.21,10.21,10.21,0.0
2023-01-10 05:00:00+00:00,10.21,10.21,10.21,10.21,10.21,0.0
2023-01-11 05:00:00+00:00,10.21,10.21,10.21,10.21,10.21,0.0
2023-01-12 05:00:00+00:00,10.3,10.3,10.3,10.3,10.3,100.0
2023-01-13 05:00:00+00:00,10.21,10.21,10.21,10.21,10.21,0.0
2023-01-17 05:00:00+00:00,10.21,10.21,10.21,10.21,10.21,0.0
2023-01-18 05:00:00+00:00,10.21,10.21,10.21,10.21,10.21,0.0
2023-01-19 05:00:00+00:00,10.21,10.21,10.21,10.21,10.21,0.0
2023-01-20 05:00:00+00:00,10.21,10.21,10.21,10.21,10.21,0.0
2023-01-23 05:00:00+00:00,10.21,10.21,10.21,10.21,10.21,0.0
2023-01-24 05:00:00+00:00,10.21,10.21,10.21,10.21,10.21,0.0
2023-01-25 05:00:00+00:00,10.21,10.21,10.21,10.21,10.21,0.0
2023-01-26 05:00:00+00:00,10.21,10.21,10.21,10.21,10.21,0.0
2023-01-27 05:00:00+00:00,10.21,10.21,10.21,10.21,10.21,0.0
2023-01-30 05:00:00+00:00,10.21,10.21,10.21,10.21,10.21,0.0
2023-01-31 05:00:00+00:00,10.21,10.21,10.21,10.21,10.21,0.0
2023-02-01 05:00:00+00:00,10.21,10.21,10.21,10.21,10.21,0.0
2023-02-02 05:00:00+00:00,10.21,10.21,10.21,10.21,10.21,0.0
2023-02-03 05:00:00+00:00,10.21,10.21,10.21,10.21,10.21,0.0
2023-02-06 05:00:00+00:00,10.21,10.21,10.21,10.21,10.21,0.0
2023-02-07 05:00:00+00:00,10.21,10.21,10.21,10.21,10.21,0.0
2023-02-08 05:00:00+00:00,10.38,10.38,10.38,10.38,10.38,200.0
2023-02-09 05:00:00+00:00,10.21,10.21,10.21,10.21,10.21,0.0
2023-02-10 05:00:00+00:00,10.21,10.21,10.21,10.21,10.21,0.0
2023-02-13 05:00:00+00:00,10.21,10.21,10.21,10.21,10.21,0.0
2023-02-14 05:00:00+00:00,10.21,10.21,10.21,10.21,10.21,0.0
2023-02-15 05:00:00+00:00,10.21,10.21,10.21,10.21,10.21,0.0
2023-02-16 05:00:00+00:00,10.21,10.21,10.21,10.21,10.21,0.0
2023-02-17 05:00:00+00:00,10.21,10.21,10.21,10.21,10.21,0.0
2023-02-21 05:00:00+00:00,10.21,10.21,10.21,10.21,10.21,0.0
2023-02-22 05:00:00+00:00,10.21,10.21,10.21,10.21,10.21,0.0
2023-02-23 05:00:00+00:00,10.21,10.21,10.21,10.21,10.21,0.0
2023-02-24 05:00:00+00:00,10.21,10.21,10.21,10.21,10.21,0.0
2023-02-27 05:00:00+00:00,10.21,10.21,10.21,10.21,10.21,0.0
2023-02-28 05:00:00+00:00,10.21,10.21,10.21,10.21,10.21,0.0
2023-03-01 05:00:00+00:00,10.21,10.21,10.21,10.21,10.21,0.0
2023-03-02 05:00:00+00:00,10.21,10.21,10.21,10.21,10.21,0.0
2023-03-03 05:00:00+00:00,10.21,10.21,10.21,10.21,10.21,0.0
2023-03-06 05:00:00+00:00,10.21,10.21,10.21,10.21,10.21,0.0
2023-03-07 05:00:00+00:00,10.21,10.21,10.21,10.21,10.21,0.0
2023-03-08 05:00:00+00:00,10.21,10.21,10.21,10.21,10.21,0.0
2023-03-09 05:00:00+00:00,10.21,10.21,10.21,10.21,10.21,0.0
2023-03-10 05:00:00+00:00,10.21,10.21,10.21,10.21,10.21,0.0
2023-03-13 04:00:00+00:00,10.21,10.21,10.21,10.21,10.21,0.0
2023-03-14 04:00:00+00:00,10.21,10.21,10.21,10.21,10.21,0.0
2023-03-15 04:00:00+00:00,10.21,10.21,10.21,10.21,10.21,0.0
2023-03-16 04:00:00+00:00,10.21,10.21,10.21,10.21,10.21,0.0
2023-03-17 04:00:00+00:00,10.21,10.21,10.21,10.21,10.21,0.0
2023-03-20 04:00:00+00:00,10.21,10.21,10.21,10.21,10.21,0.0
2023-03-21 04:00:00+00:00,10.21,10.21,10.21,10.21,10.21,0.0
2023-03-22 04:00:00+00:00,10.21,10.21,10.21,10.21,10.21,0.0
2023-03-23 04:00:00+00:00,10.21,10.21,10.21,10.21,10.21,0.0
2023-03-24 04:00:00+00:00,10.21,10.21,10.21,10.21,10.21,0.0
2023-03-27 04:00:00+00:00,10.21,10.21,10.21,10.21,10.21,0.0
2023-03-28 04:00:00+00:00,10.21,10.21,10.21,10.21,10.21,0.0
2023-03-29 04:00:00+00:00,10.21,10.21,10.21,10.21,10.21,0.0
2023-03-30 04:00:00+00:00,10.21,10.21,10.21,10.21,10.21,0.0
2023-03-31 04:00:00+00:00,10.21,10.21,10.21,10.21,10.21,0.0
2023-04-03 04:00:00+00:00,10.21,10.21,10.21,10.21,10.21,0.0
2023-04-04 04:00:00+00:00,10.21,10.21,10.21,10.21,10.21,0.0
2023-04-05 04:00:00+00:00,10.21,10.21,10.21,10.21,10.21,0.0
2023-04-06 04:00:00+00:00,10.21,10.21,10.21,10.21,10.21,0.0
2023-04-10 04:00:00+00:00,10.21,10.21,10.21,10.21,10.21,0.0
2023-04-11 04:00:00+00:00,10.21,10.21,10.21,10.21,10.21,0.0
2023-04-12 04:00:00+00:00,10.21,10.21,10.21,10.21,10.21,0.0
2023-04-13 04:00:00+00:00,10.53,10.53,10.53,10.53,10.53,103.0
2023-04-14 04:00:00+00:00,10.21,10.21,10.21,10.21,10.21,0.0
2023-04-17 04:00:00+00:00,10.21,10.21,10.21,10.21,10.21,0.0
2023-04-18 04:00:00+00:00,10.21,10.21,10.21,10.21,10.21,0.0
2023-04-19 04:00:00+00:00,10.21,10.21,10.21,10.21,10.21,0.0
2023-04-20 04:00:00+00:00,10.21,10.21,10.21,10.21,10.21,0.0
2023-04-21 04:00:00+00:00,10.21,10.21,10.21,10.21,10.21,0.0
2023-04-24 04:00:00+00:00,10.21,10.21,10.21,10.21,10.21,0.0
2023-04-25 04:00:00+00:00,10.21,10.21,10.21,10.21,10.21,0.0
2023-04-26 04:00:00+00:00,10.21,10.21,10.21,10.21,10.21,0.0
2023-04-27 04:00:00+00:00,10.21,10.21,10.21,10.21,10.21,0.0
2023-04-28 04:00:00+00:00,10.21,10.21,10.21,10.21,10.21,0.0
2023-05-01 04:00:00+00:00,10.21,10.21,10.21,10.21,10.21,0.0
2023-05-02 04:00:00+00:00,10.21,10.21,10.21,10.21,10.21,0.0
2023-05-03 04:00:00+00:00,10.21,10.21,10.21,10.21,10.21,0.0
2023-05-04 04:00:00+00:00,10.21,10.21,10.21,10.21,10.21,0.0
2023-05-05 04:00:00+00:00,10.21,10.21,10.21,10.21,10.21,0.0
2023-05-08 04:00:00+00:00,10.21,10.21,10.21,10.21,10.21,0.0
2023-05-09 04:00:00+00:00,10.21,10.21,10.21,10.21,10.21,0.0
2023-05-10 04:00:00+00:00,10.21,10.21,10.21,10.21,10.21,0.0
2023-05-11 04:00:00+00:00,10.21,10.21,10.21,10.21,10.21,0.0
2023-05-12 04:00:00+00:00,10.21,10.21,10.21,10.21,10.21,0.0
2023-05-15 04:00:00+00:00,10.21,10.21,10.21,10.21,10.21,0.0
2023-05-16 04:00:00+00:00,10.21,10.21,10.21,10.21,10.21,0.0
2023-05-17 04:00:00+00:00,10.21,10.21,10.21,10.21,10.21,0.0
2023-05-18 04:00:00+00:00,10.6,10.6,10.6,10.6,10.6,100.0
2023-05-19 04:00:00+00:00,10.21,10.21,10.21,10.21,10.21,0.0
2023-05-22 04:00:00+00:00,10.21,10.21,10.21,10.21,10.21,0.0
2023-05-23 04:00:00+00:00,10.21,10.21,10.21,10.21,10.21,0.0
2023-05-24 04:00:00+00:00,10.21,10.21,10.21,10.21,10.21,0.0
2023-05-25 04:00:00+00:00,10.21,10.21,10.21,10.21,10.21,0.0
2023-05-26 04:00:00+00:00,10.21,10.21,10.21,10.21,10.21,0.0
2023-05-30 04:00:00+00:00,10.21,10.21,10.21,10.21,10.21,0.0
2023-05-31 04:00:00+00:00,10.21,10.21,10.21,10.21,10.21,0.0
2023-06-01 04:00:00+00:00,10.21,10.21,10.21,10.21,10.21,0.0
2023-06-02 04:00:00+00:00,10.21,10.21,10.21,10.21,10.21,0.0
2023-06-05 04:00:00+00:00,10.65,10.65,10.65,10.65,10.65,103.0
2023-06-06 04:00:00+00:00,10.65,10.65,10.65,10.65,10.65,0.0
2023-06-07 04:00:00+00:00,10.65,10.65,10.65,10.65,10.65,0.0
2023-06-08 04:00:00+00:00,10.65,10.65,10.65,10.65,10.65,0.0
2023-06-09 04:00:00+00:00,10.65,10.65,10.65,10.65,10.65,0.0
2023-06-12 04:00:00+00:00,10.65,10.65,10.65,10.65,10.65,0.0
2023-06-13 04:00:00+00:00,10.65,10.65,10.65,10.65,10.65,0.0
2023-06-14 04:00:00+00:00,10.65,10.65,10.65,10.65,10.65,1200.0
2023-06-15 04:00:00+00:00,10.65,10.65,10.65,10.65,10.65,0.0
2023-06-16 04:00:00+00:00,10.65,10.65,10.65,10.65,10.65,0.0
2023-06-20 04:00:00+00:00,10.65,10.65,10.65,10.65,10.65,0.0
2023-06-21 04:00:00+00:00,10.65,10.65,10.65,10.65,10.65,0.0
2023-06-22 04:00:00+00:00,10.65,10.65,10.65,10.65,10.65,0.0
2023-06-23 04:00:00+00:00,10.65,10.65,10.65,10.65,10.65,0.0
2023-06-26 04:00:00+00:00,10.65,10.65,10.65,10.65,10.65,0.0
2023-06-27 04:00:00+00:00,10.65,10.65,10.65,10.65,10.65,0.0
2023-06-28 04:00:00+00:00,10.65,10.65,10.65,10.65,10.65,0.0
2023-06-29 04:00:00+00:00,10.65,10.65,10.65,10.65,10.65,0.0
2023-06-30 04:00:00+00:00,10.65,10.65,10.65,10.65,10.65,0.0
2023-07-03 04:00:00+00:00,10.65,10.65,10.65,10.65,10.65,0.0
2023-07-05 04:00:00+00:00,10.65,10.65,10.65,10.65,10.65,0.0
2023-07-06 04:00:00+00:00,10.65,10.65,10.65,10.65,10.65,0.0
2023-07-07 04:00:00+00:00,10.65,10.65,10.65,10.65,10.65,0.0
2023-07-10 04:00:00+00:00,10.65,10.65,10.65,10.65,10.65,0.0
2023-07-11 04:00:00+00:00,10.65,10.65,10.65,10.65,10.65,0.0
2023-07-12 04:00:00+00:00,10.65,10.65,10.65,10.65,10.65,0.0
2023-07-13 04:00:00+00:00,10.65,10.65,10.65,10.65,10.65,0.0
2023-07-14 04:00:00+00:00,10.65,10.65,10.65,10.65,10.65,0.0
2023-07-17 04:00:00+00:00,10.65,10.65,10.65,10.65,10.65,0.0
2023-07-18 04:00:00+00:00,10.73,10.73,10.73,10.73,10.73,800.0
2023-07-19 04:00:00+00:00,10.73,10.73,10.73,10.73,10.73,0.0
2023-07-20 04:00:00+00:00,10.71,10.71,10.71,10.71,10.71,600.0
2023-07-21 04:00:00+00:00,10.71,10.71,10.71,10.71,10.71,0.0
2023-07-24 04:00:00+00:00,10.71,10.71,10.71,10.71,10.71,0.0
2023-07-25 04:00:00+00:00,10.71,10.71,10.71,10.71,10.71,0.0
2023-07-26 04:00:00+00:00,10.71,10.71,10.71,10.71,10.71,0.0
2023-07-27 04:00:00+00:00,10.71,10.71,10.71,10.71,10.71,0.0
2023-07-28 04:00:00+00:00,10.71,10.71,10.71,10.71,10.71,0.0
2023-07-31 04:00:00+00:00,10.71,10.71,10.71,10.71,10.71,0.0
2023-08-01 04:00:00+00:00,10.71,10.71,10.71,10.71,10.71,0.0
2023-08-02 04:00:00+00:00,10.71,10.71,10.71,10.71,10.71,0.0
2023-08-03 04:00:00+00:00,10.71,10.71,10.71,10.71,10.71,0.0
2023-08-04 04:00:00+00:00,10.71,10.71,10.71,10.71,10.71,0.0
2023-08-07 04:00:00+00:00,10.71,10.71,10.71,10.71,10.71,0.0
2023-08-08 04:00:00+00:00,10.71,10.71,10.71,10.71,10.71,0.0
2023-08-09 04:00:00+00:00,10.71,10.71,10.71,10.71,10.71,0.0
2023-08-10 04:00:00+00:00,10.71,10.71,10.71,10.71,10.71,0.0
2023-08-11 04:00:00+00:00,10.71,10.71,10.71,10.71,10.71,0.0
2023-08-14 04:00:00+00:00,10.71,10.71,10.71,10.71,10.71,0.0
2023-08-15 04:00:00+00:00,10.71,10.71,10.71,10.71,10.71,0.0
2023-08-16 04:00:00+00:00,10.71,10.71,10.71,10.71,10.71,0.0
2023-08-17 04:00:00+00:00,10.71,10.71,10.71,10.71,10.71,0.0
2023-08-18 04:00:00+00:00,10.71,10.71,10.71,10.71,10.71,0.0
2023-08-21 04:00:00+00:00,10.71,10.71,10.71,10.71,10.71,0.0
2023-08-22 04:00:00+00:00,10.71,10.71,10.71,10.71,10.71,0.0
2023-08-23 04:00:00+00:00,10.71,10.71,10.71,10.71,10.71,0.0
2023-08-24 04:00:00+00:00,10.71,10.71,10.71,10.71,10.71,0.0
2023-08-25 04:00:00+00:00,10.81,10.81,10.81,10.81,10.81,100.0
2023-08-28 04:00:00+00:00,10.81,10.81,10.81,10.81,10.81,0.0
2023-08-29 04:00:00+00:00,10.81,10.81,10.81,10.81,10.81,0.0
2023-08-30 04:00:00+00:00,10.81,10.81,10.81,10.81,10.81,0.0
2023-08-31 04:00:00+00:00,10.81,10.81,10.81,10.81,10.81,0.0
2023-09-01 04:00:00+00:00,10.81,10.81,10.81,10.81,10.81,0.0
2023-09-05 04:00:00+00:00,10.81,10.81,10.81,10.81,10.81,0.0
2023-09-06 04:00:00+00:00,10.81,10.81,10.81,10.81,10.81,0.0
2023-09-07 04:00:00+00:00,10.81,10.81,10.81,10.81,10.81,0.0
2023-09-08 04:00:00+00:00,10.81,10.81,10.81,10.81,10.81,0.0
2023-09-11 04:00:00+00:00,10.8,10.8,10.8,10.8,10.8,100.0
2023-09-12 04:00:00+00:00,10.8,10.8,10.8,10.8,10.8,0.0
2023-09-13 04:00:00+00:00,10.8,10.8,10.8,10.8,10.8,0.0
2023-09-14 04:00:00+00:00,10.8,10.8,10.8,10.8,10.8,0.0
2023-09-15 04:00:00+00:00,10.8,10.8,10.8,10.8,10.8,0.0
2023-09-18 04:00:00+00:00,10.8,10.8,10.8,10.8,10.8,0.0
2023-09-19 04:00:00+00:00,10.8,10.8,10.8,10.8,10.8,0.0
2023-09-20 04:00:00+00:00,10.8,10.8,10.8,10.8,10.8,0.0
2023-09-21 04:00:00+00:00,10.8,10.8,10.8,10.8,10.8,0.0
2023-09-22 04:00:00+00:00,10.8,10.8,10.8,10.8,10.8,0.0
2023-09-25 04:00:00+00:00,10.8,10.8,10.8,10.8,10.8,0.0
2023-09-26 04:00:00+00:00,10.84,10.85,10.84,10.85,10.85,250.0
2023-09-27 04:00:00+00:00,10.85,10.85,10.85,10.85,10.85,0.0
2023-09-28 04:00:00+00:00,10.85,10.85,10.85,10.85,10.85,0.0
2023-09-29 04:00:00+00:00,10.85,10.85,10.85,10.85,10.85,0.0
2023-10-02 04:00:00+00:00,10.85,10.85,10.85,10.85,10.85,0.0
2023-10-03 04:00:00+00:00,10.85,10.85,10.85,10.85,10.85,0.0
2023-10-04 04:00:00+00:00,10.85,10.85,10.85,10.85,10.85,100.0
2023-10-05 04:00:00+00:00,10.86,10.86,10.86,10.86,10.86,100.0
2023-10-06 04:00:00+00:00,10.85,10.85,10.85,10.85,10.85,100.0
2023-10-09 04:00:00+00:00,10.86,10.86,10.86,10.86,10.86,100.0
2023-10-10 04:00:00+00:00,10.86,10.86,10.86,10.86,10.86,100.0
2023-10-11 04:00:00+00:00,10.86,10.86,10.86,10.86,10.86,200.0
2023-10-12 04:00:00+00:00,10.86,10.86,10.86,10.86,10.86,0.0
2023-10-13 04:00:00+00:00,10.86,10.86,10.86,10.86,10.86,0.0
2023-10-16 04:00:00+00:00,10.86,10.86,10.86,10.86,10.86,0.0
2023-10-17 04:00:00+00:00,10.86,10.86,10.86,10.86,10.86,0.0
2023-10-18 04:00:00+00:00,10.86,10.86,10.86,10.86,10.86,0.0
2023-10-19 04:00:00+00:00,10.88,10.88,10.88,10.88,10.88,100.0
2023-10-20 04:00:00+00:00,10.89,10.89,10.89,10.89,10.89,100.0
2023-10-23 04:00:00+00:00,10.88,10.88,10.88,10.88,10.88,100.0
2023-10-24 04:00:00+00:00,10.89,10.89,10.89,10.89,10.89,100.0
2023-10-25 04:00:00+00:00,10.89,10.89,10.89,10.89,10.89,100.0
2023-10-26 04:00:00+00:00,10.9,10.9,10.9,10.9,10.9,182.0
2023-10-27 04:00:00+00:00,10.9,10.9,10.9,10.9,10.9,0.0
2023-10-30 04:00:00+00:00,10.9,10.9,10.9,10.9,10.9,0.0
2023-10-31 04:00:00+00:00,10.9,10.9,10.9,10.9,10.9,0.0
2023-11-01 04:00:00+00:00,10.9,10.9,10.9,10.9,10.9,0.0
2023-11-02 04:00:00+00:00,10.9,10.9,10.9,10.9,10.9,0.0
2023-11-03 04:00:00+00:00,10.9,10.9,10.9,10.9,10.9,0.0
2023-11-06 05:00:00+00:00,10.9,10.9,10.9,10.9,10.9,0.0
2023-11-07 05:00:00+00:00,10.9,10.9,10.9,10.9,10.9,0.0
2023-11-08 05:00:00+00:00,10.9,10.9,10.9,10.9,10.9,0.0
2023-11-09 05:00:00+00:00,10.9,10.9,10.9,10.9,10.9,0.0
2023-11-10 05:00:00+00:00,10.85,10.85,10.85,10.85,10.85,100.0
2023-11-13 05:00:00+00:00,10.9,10.9,10.9,10.9,10.9,100.0
2023-11-14 05:00:00+00:00,10.9,10.9,10.9,10.9,10.9,0.0
2023-11-15 05:00:00+00:00,10.9,10.9,10.9,10.9,10.9,0.0
2023-11-16 05:00:00+00:00,10.9,10.9,10.9,10.9,10.9,0.0
2023-11-17 05:00:00+00:00,10.9,10.9,10.9,10.9,10.9,0.0
2023-11-20 05:00:00+00:00,10.9,10.9,10.9,10.9,10.9,0.0
2023-11-21 05:00:00+00:00,10.9,10.9,10.9,10.9,10.9,0.0
2023-11-22 05:00:00+00:00,10.9,10.9,10.9,10.9,10.9,0.0
2023-11-24 05:00:00+00:00,10.9,10.9,10.9,10.9,10.9,0.0
2023-11-27 05:00:00+00:00,10.9,10.9,10.9,10.9,10.9,0.0
2023-11-28 05:00:00+00:00,10.9,10.9,10.9,10.9,10.9,0.0
2023-11-29 05:00:00+00:00,10.9,10.9,10.9,10.9,10.9,0.0
2023-11-30 05:00:00+00:00,10.9,10.9,10.9,10.9,10.9,0.0
2023-12-01 05:00:00+00:00,10.9,10.9,10.9,10.9,10.9,0.0
2023-12-04 05:00:00+00:00,10.9,10.9,10.9,10.9,10.9,0.0
2023-12-05 05:00:00+00:00,10.9,10.9,10.9,10.9,10.9,0.0
2023-12-06 05:00:00+00:00,10.9,10.9,10.9,10.9,10.9,0.0
2023-12-07 05:00:00+00:00,10.9,10.9,10.9,10.9,10.9,0.0
2023-12-08 05:00:00+00:00,10.9,10.9,10.9,10.9,10.9,0.0
2023-12-11 05:00:00+00:00,10.9,10.9,10.9,10.9,10.9,0.0
2023-12-12 05:00:00+00:00,10.97,10.97,10.97,10.97,10.97,200.0
2023-12-13 05:00:00+00:00,10.97,10.97,10.97,10.97,10.97,0.0
2023-12-14 05:00:00+00:00,10.97,10.97,10.97,10.97,10.97,0.0
2023-12-15 05:00:00+00:00,10.97,10.97,10.97,10.97,10.97,0.0
2023-12-18 05:00:00+00:00,10.97,10.97,10.97,10.97,10.97,0.0
2023-12-19 05:00:00+00:00,10.97,10.97,10.97,10.97,10.97,0.0
2023-12-20 05:00:00+00:00,10.97,10.97,10.97,10.97,10.97,0.0
2023-12-21 05:00:00+00:00,10.97,10.97,10.97,10.97,10.97,0.0
2023-12-22 05:00:00+00:00,10.97,10.97,10.97,10.97,10.97,0.0
2023-12-26 05:00:00+00:00,10.97,10.97,10.97,10.97,10.97,0.0
2023-12-27 05:00:00+00:00,10.97,10.97,10.97,10.97,10.97,0.0
2023-12-28 05:00:00+00:00,10.97,10.97,10.97,10.97,10.97,0.0
2023-12-29 05:00:00+00:00,10.97,10.97,10.97,10.97,10.97,0.0
2024-01-02 05:00:00+00:00,10.97,10.97,10.97,10.97,10.97,0.0
2024-01-03 05:00:00+00:00,10.97,10.97,10.97,10.97,10.97,0.0
2024-01-04 05:00:00+00:00,10.97,10.97,10.97,10.97,10.97,0.0
2024-01-05 05:00:00+00:00,10.97,10.97,10.97,10.97,10.97,0.0
2024-01-08 05:00:00+00:00,10.97,10.97,10.97,10.97,10.97,0.0
2024-01-09 05:00:00+00:00,10.97,10.97,10.97,10.97,10.97,0.0
2024-01-10 05:00:00+00:00,10.97,10.97,10.97,10.97,10.97,0.0
2024-01-11 05:00:00+00:00,10.97,10.97,10.97,10.97,10.97,0.0
2024-01-12 05:00:00+00:00,10.97,10.97,10.97,10.97,10.97,0.0
2024-01-16 05:00:00+00:00,10.97,10.97,10.97,10.97,10.97,0.0
2024-01-17 05:00:00+00:00,10.97,10.97,10.97,10.97,10.97,0.0
2024-01-18 05:00:00+00:00,10.97,10.97,10.97,10.97,10.97,0.0
2024-01-19 05:00:00+00:00,10.97,10.97,10.97,10.97,10.97,0.0
2024-01-22 05:00:00+00:00,10.97,10.97,10.97,10.97,10.97,0.0
2024-01-23 05:00:00+00:00,10.97,10.97,10.97,10.97,10.97,0.0
2024-01-24 05:00:00+00:00,10.97,10.97,10.97,10.97,10.97,0.0
2024-01-25 05:00:00+00:00,10.97,10.97,10.97,10.97,10.97,0.0
2024-01-26 05:00:00+00:00,10.97,10.97,10.97,10.97,10.97,0.0
2024-01-29 05:00:00+00:00,10.97,10.97,10.97,10.97,10.97,0.0
2024-01-30 05:00:00+00:00,10.97,10.97,10.97,10.97,10.97,0.0
2024-01-31 05:00:00+00:00,10.97,10.97,10.97,10.97,10.97,0.0
2024-02-01 05:00:00+00:00,10.97,10.97,10.97,10.97,10.97,0.0
2024-02-02 05:00:00+00:00,10.97,10.97,10.97,10.97,10.97,0.0
2024-02-05 05:00:00+00:00,10.97,10.97,10.97,10.97,10.97,0.0
2024-02-06 05:00:00+00:00,10.97,10.97,10.97,10.97,10.97,0.0
2024-02-07 05:00:00+00:00,10.97,10.97,10.97,10.97,10.97,0.0
2024-02-08 05:00:00+00:00,10.97,10.97,10.97,10.97,10.97,0.0
2024-02-09 05:00:00+00:00,10.97,10.97,10.97,10.97,10.97,0.0
2024-02-12 05:00:00+00:00,10.97,10.97,10.97,10.97,10.97,0.0
2024-02-13 05:00:00+00:00,10.97,10.97,10.97,10.97,10.97,0.0
2024-02-14 05:00:00+00:00,10.97,10.97,10.97,10.97,10.97,0.0
2024-02-15 05:00:00+00:00,10.97,10.97,10.97,10.97,10.97,0.0
2024-02-16 05:00:00+00:00,10.97,10.97,10.97,10.97,10.97,0.0
2024-02-20 05:00:00+00:00,10.97,10.97,10.97,10.97,10.97,0.0
2024-02-21 05:00:00+00:00,10.97,10.97,10.97,10.97,10.97,0.0
2024-02-22 05:00:00+00:00,10.97,10.97,10.97,10.97,10.97,0.0
2024-02-23 05:00:00+00:00,10.97,10.97,10.97,10.97,10.97,0.0
2024-02-26 05:00:00+00:00,10.97,10.97,10.97,10.97,10.97,0.0
2024-02-27 05:00:00+00:00,10.97,10.97,10.97,10.97,10.97,0.0
2024-02-28 05:00:00+00:00,10.97,10.97,10.97,10.97,10.97,0.0
2024-02-29 05:00:00+00:00,10.97,10.97,10.97,10.97,10.97,0.0
2024-03-01 05:00:00+00:00,10.97,10.97,10.97,10.97,10.97,0.0
2024-03-04 05:00:00+00:00,10.97,10.97,10.97,10.97,10.97,0.0
2024-03-05 05:00:00+00:00,10.97,10.97,10.97,10.97,10.97,0.0
2024-03-06 05:00:00+00:00,10.97,10.97,10.97,10.97,10.97,0.0
2024-03-07 05:00:00+00:00,10.97,10.97,10.97,10.97,10.97,0.0
2024-03-08 05:00:00+00:00,10.97,10.97,10.97,10.97,10.97,0.0
2024-03-11 04:00:00+00:00,10.97,10.97,10.97,10.97,10.97,0.0
2024-03-12 04:00:00+00:00,10.97,10.97,10.97,10.97,10.97,0.0
2024-03-13 04:00:00+00:00,10.97,10.97,10.97,10.97,10.97,0.0
2024-03-14 04:00:00+00:00,10.97,10.97,10.97,10.97,10.97,0.0
2024-03-15 04:00:00+00:00,10.97,10.97,10.97,10.97,10.97,0.0
2024-03-18 04:00:00+00:00,10.97,10.97,10.97,10.97,10.97,0.0
2024-03-19 04:00:00+00:00,10.97,10.97,10.97,10.97,10.97,0.0
2024-03-20 04:00:00+00:00,10.97,10.97,10.97,10.97,10.97,0.0
2024-03-21 04:00:00+00:00,10.97,10.97,10.97,10.97,10.97,0.0
2024-03-22 04:00:00+00:00,10.97,10.97,10.97,10.97,10.97,0.0
2024-03-25 04:00:00+00:00,10.97,10.97,10.97,10.97,10.97,0.0
2024-03-26 04:00:00+00:00,10.97,10.97,10.97,10.97,10.97,0.0
2024-03-27 04:00:00+00:00,10.97,10.97,10.97,10.97,10.97,0.0
2024-03-28 04:00:00+00:00,10.97,10.97,10.97,10.97,10.97,0.0
2024-04-01 04:00:00+00:00,10.97,10.97,10.97,10.97,10.97,0.0
2024-04-02 04:00:00+00:00,10.97,10.97,10.97,10.97,10.97,0.0
2024-04-03 04:00:00+00:00,10.97,10.97,10.97,10.97,10.97,0.0
2024-04-04 04:00:00+00:00,10.97,10.97,10.97,10.97,10.97,0.0
2024-04-05 04:00:00+00:00,10.97,10.97,10.97,10.97,10.97,0.0
2024-04-08 04:00:00+00:00,10.97,10.97,10.97,10.97,10.97,0.0
2024-04-09 04:00:00+00:00,10.97,10.97,10.97,10.97,10.97,0.0
2024-04-10 04:00:00+00:00,10.97,10.97,10.97,10.97,10.97,0.0
2024-04-11 04:00:00+00:00,10.97,10.97,10.97,10.97,10.97,0.0
2024-04-12 04:00:00+00:00,10.97,10.97,10.97,10.97,10.97,0.0
2024-04-15 04:00:00+00:00,10.97,10.97,10.97,10.97,10.97,0.0
2024-04-16 04:00:00+00:00,10.97,10.97,10.97,10.97,10.97,0.0
2024-04-17 04:00:00+00:00,10.97,10.97,10.97,10.97,10.97,0.0
2024-04-18 04:00:00+00:00,10.97,10.97,10.97,10.97,10.97,0.0
2024-04-19 04:00:00+00:00,10.97,10.97,10.97,10.97,10.97,0.0
2024-04-22 04:00:00+00:00,10.97,10.97,10.97,10.97,10.97,0.0
2024-04-23 04:00:00+00:00,10.97,10.97,10.97,10.97,10.97,0.0
2024-04-24 04:00:00+00:00,10.97,10.97,10.97,10.97,10.97,0.0
2024-04-25 04:00:00+00:00,10.97,10.97,10.97,10.97,10.97,0.0
2024-04-26 04:00:00+00:00,10.97,10.97,10.97,10.97,10.97,0.0
2024-04-29 04:00:00+00:00,10.97,10.97,10.97,10.97,10.97,0.0
2024-04-30 04:00:00+00:00,10.97,10.97,10.97,10.97,10.97,0.0
2024-05-01 04:00:00+00:00,10.97,10.97,10.97,10.97,10.97,0.0
2024-05-02 04:00:00+00:00,10.97,10.97,10.97,10.97,10.97,0.0
2024-05-03 04:00:00+00:00,10.97,10.97,10.97,10.97,10.97,0.0
2024-05-06 04:00:00+00:00,10.97,10.97,10.97,10.97,10.97,0.0
2024-05-07 04:00:00+00:00,10.97,10.97,10.97,10.97,10.97,0.0
2024-05-08 04:00:00+00:00,10.97,10.97,10.97,10.97,10.97,0.0
2024-05-09 04:00:00+00:00,10.97,10.97,10.97,10.97,10.97,0.0
2024-05-10 04:00:00+00:00,10.97,10.97,10.97,10.97,10.97,0.0
2024-05-13 04:00:00+00:00,10.97,10.97,10.97,10.97,10.97,0.0
2024-05-14 04:00:00+00:00,10.97,10.97,10.97,10.97,10.97,0.0
2024-05-15 04:00:00+00:00,10.97,10.97,10.97,10.97,10.97,0.0
2024-05-16 04:00:00+00:00,10.97,10.97,10.97,10.97,10.97,0.0
2024-05-17 04:00:00+00:00,10.97,10.97,10.97,10.97,10.97,0.0
2024-05-20 04:00:00+00:00,10.97,10.97,10.97,10.97,10.97,0.0
2024-05-21 04:00:00+00:00,10.97,10.97,10.97,10.97,10.97,0.0
2024-05-22 04:00:00+00:00,10.97,10.97,10.97,10.97,10.97,0.0
2024-05-23 04:00:00+00:00,10.97,10.97,10.97,10.97,10.97,0.0
2024-05-24 04:00:00+00:00,10.97,10.97,10.97,10.97,10.97,0.0
2024-05-28 04:00:00+00:00,10.97,10.97,10.97,10.97,10.97,0.0
2024-05-29 04:00:00+00:00,10.97,10.97,10.97,10.97,10.97,0.0
2024-05-30 04:00:00+00:00,10.97,10.97,10.97,10.97,10.97,0.0
2024-05-31 04:00:00+00:00,10.97,10.97,10.97,10.97,10.97,0.0
2024-06-03 04:00:00+00:00,10.97,10.97,10.97,10.97,10.97,0.0
2024-06-04 04:00:00+00:00,10.97,10.97,10.97,10.97,10.97,0.0
2024-06-05 04:00:00+00:00,10.97,10.97,10.97,10.97,10.97,0.0
2024-06-06 04:00:00+00:00,10.97,10.97,10.97,10.97,10.97,0.0
2024-06-07 04:00:00+00:00,10.97,10.97,10.97,10.97,10.97,0.0
2024-06-10 04:00:00+00:00,10.97,10.97,10.97,10.97,10.97,0.0
2024-06-11 04:00:00+00:00,10.97,10.97,10.97,10.97,10.97,0.0
2024-06-12 04:00:00+00:00,10.97,10.97,10.97,10.97,10.97,0.0
2024-06-13 04:00:00+00:00,10.97,10.97,10.97,10.97,10.97,0.0
2024-06-14 04:00:00+00:00,10.97,10.97,10.97,10.97,10.97,0.0
2024-06-17 04:00:00+00:00,10.97,10.97,10.97,10.97,10.97,0.0
2024-06-18 04:00:00+00:00,10.97,10.97,10.97,10.97,10.97,0.0
2024-06-20 04:00:00+00:00,10.97,10.97,10.97,10.97,10.97,0.0
2024-06-21 04:00:00+00:00,10.97,10.97,10.97,10.97,10.97,0.0
2024-06-24 04:00:00+00:00,10.97,10.97,10.97,10.97,10.97,0.0
2024-06-25 04:00:00+00:00,10.97,10.97,10.97,10.97,10.97,0.0
2024-06-26 04:00:00+00:00,10.97,10.97,10.97,10.97,10.97,0.0
2024-06-27 04:00:00+00:00,10.97,10.97,10.97,10.97,10.97,0.0
2024-06-28 04:00:00+00:00,10.97,10.97,10.97,10.97,10.97,0.0
2024-07-01 04:00:00+00:00,10.97,10.97,10.97,10.97,10.97,0.0
2024-07-02 04:00:00+00:00,10.97,10.97,10.97,10.97,10.97,0.0
2024-07-03 04:00:00+00:00,10.97,10.97,10.97,10.97,10.97,0.0
2024-07-05 04:00:00+00:00,10.97,10.97,10.97,10.97,10.97,0.0
2024-07-08 04:00:00+00:00,10.97,10.97,10.97,10.97,10.97,0.0
2024-07-09 04:00:00+00:00,10.97,10.97,10.97,10.97,10.97,0.0
2024-07-10 04:00:00+00:00,10.97,10.97,10.97,10.97,10.97,0.0
2024-07-11 04:00:00+00:00,10.97,10.97,10.97,10.97,10.97,0.0
2024-07-12 04:00:00+00:00,10.97,10.97,10.97,10.97,10.97,0.0
2024-07-15 04:00:00+00:00,10.97,10.97,10.97,10.97,10.97,0.0
2024-07-16 04:00:00+00:00,10.97,10.97,10.97,10.97,10.97,0.0
2024-07-17 04:00:00+00:00,10.97,10.97,10.97,10.97,10.97,0.0
2024-07-18 04:00:00+00:00,10.97,10.97,10.97,10.97,10.97,0.0
2024-07-19 04:00:00+00:00,10.97,10.97,10.97,10.97,10.97,0.0
2024-07-22 04:00:00+00:00,10.97,10.97,10.97,10.97,10.97,0.0
2024-07-23 04:00:00+00:00,10.97,10.97,10.97,10.97,10.97,0.0
2024-07-24 04:00:00+00:00,10.97,10.97,10.97,10.97,10.97,0.0
2024-07-25 04:00:00+00:00,10.97,10.97,10.97,10.97,10.97,0.0
2024-07-26 04:00:00+00:00,10.97,10.97,10.97,10.97,10.97,0.0
2024-07-29 04:00:00+00:00,10.97,10.97,10.97,10.97,10.97,0.0
2024-07-30 04:00:00+00:00,10.97,10.97,10.97,10.97,10.97,0.0
2024-07-31 04:00:00+00:00,10.97,10.97,10.97,10.97,10.97,0.0
2024-08-01 04:00:00+00:00,10.97,10.97,10.97,10.97,10.97,0.0
2024-08-02 04:00:00+00:00,10.97,10.97,10.97,10.97,10.97,0.0
2024-08-05 04:00:00+00:00,10.97,10.97,10.97,10.97,10.97,0.0
2024-08-06 04:00:00+00:00,10.97,10.97,10.97,10.97,10.97,0.0
2024-08-07 04:00:00+00:00,10.97,10.97,10.97,10.97,10.97,0.0
2024-08-08 04:00:00+00:00,10.97,10.97,10.97,10.97,10.97,0.0
2024-08-09 04:00:00+00:00,10.97,10.97,10.97,10.97,10.97,0.0
2024-08-12 04:00:00+00:00,10.97,10.97,10.97,10.97,10.97,0.0
2024-08-13 04:00:00+00:00,10.97,10.97,10.97,10.97,10.97,0.0
2024-08-14 04:00:00+00:00,10.97,10.97,10.97,10.97,10.97,0.0
2024-08-15 04:00:00+00:00,10.97,10.97,10.97,10.97,10.97,0.0
2024-08-16 04:00:00+00:00,10.97,10.97,10.97,10.97,10.97,0.0
2024-08-19 04:00:00+00:00,10.97,10.97,10.97,10.97,10.97,0.0
2024-08-20 04:00:00+00:00,10.97,10.97,10.97,10.97,10.97,0.0
2024-08-21 04:00:00+00:00,10.97,10.97,10.97,10.97,10.97,0.0
2024-08-22 04:00:00+00:00,10.97,10.97,10.97,10.97,10.97,0.0
2024-08-23 04:00:00+00:00,11.37,11.37,11.37,11.37,11.37,100.0
2024-08-26 04:00:00+00:00,11.37,11.37,11.37,11.37,11.37,0.0
2024-08-27 04:00:00+00:00,11.37,11.37,11.37,11.37,11.37,0.0
2024-08-28 04:00:00+00:00,11.37,11.37,11.37,11.37,11.37,0.0
2024-08-29 04:00:00+00:00,11.37,11.37,11.37,11.37,11.37,0.0
2024-08-30 04:00:00+00:00,11.37,11.37,11.37,11.37,11.37,0.0
2024-09-03 04:00:00+00:00,11.37,11.37,11.37,11.37,11.37,0.0
2024-09-04 04:00:00+00:00,11.37,11.37,11.37,11.37,11.37,0.0
2024-09-05 04:00:00+00:00,11.37,11.37,11.37,11.37,11.37,0.0
2024-09-06 04:00:00+00:00,11.37,11.37,11.37,11.37,11.37,0.0
2024-09-09 04:00:00+00:00,11.37,11.37,11.37,11.37,11.37,0.0
2024-09-10 04:00:00+00:00,11.37,11.37,11.37,11.37,11.37,0.0
2024-09-11 04:00:00+00:00,11.37,11.37,11.37,11.37,11.37,0.0
2024-09-12 04:00:00+00:00,11.37,11.37,11.37,11.37,11.37,0.0
2024-09-13 04:00:00+00:00,11.37,11.37,11.37,11.37,11.37,0.0
2024-09-16 04:00:00+00:00,11.37,11.37,11.37,11.37,11.37,0.0
2024-09-17 04:00:00+00:00,11.37,11.37,11.37,11.37,11.37,0.0
2024-09-18 04:00:00+00:00,11.37,11.37,11.37,11.37,11.37,0.0
2024-09-19 04:00:00+00:00,11.37,11.37,11.37,11.37,11.37,0.0
2024-09-20 04:00:00+00:00,11.37,11.37,11.37,11.37,11.37,0.0
2024-09-23 04:00:00+00:00,11.37,11.37,11.37,11.37,11.37,0.0
2024-09-24 04:00:00+00:00,11.37,11.37,11.37,11.37,11.37,0.0
2024-09-25 04:00:00+00:00,11.37,11.37,11.37,11.37,11.37,0.0
2024-09-26 04:00:00+00:00,11.37,11.37,11.37,11.37,11.37,0.0
2024-09-27 04:00:00+00:00,11.37,11.37,11.37,11.37,11.37,0.0
2024-09-30 04:00:00+00:00,11.37,11.37,11.37,11.37,11.37,0.0
2024-10-01 04:00:00+00:00,11.37,11.37,11.37,11.37,11.37,0.0
2024-10-02 04:00:00+00:00,11.37,11.37,11.37,11.37,11.37,0.0
2024-10-03 04:00:00+00:00,11.37,11.37,11.37,11.37,11.37,0.0
2024-10-04 04:00:00+00:00,11.37,11.37,11.37,11.37,11.37,0.0
2024-10-07 04:00:00+00:00,11.37,11.37,11.37,11.37,11.37,0.0
2024-10-08 04:00:00+00:00,11.37,11.37,11.37,11.37,11.37,0.0
2024-10-09 04:00:00+00:00,11.37,11.37,11.37,11.37,11.37,0.0
2024-10-10 04:00:00+00:00,11.37,11.37,11.37,11.37,11.37,0.0
2024-10-11 04:00:00+00:00,11.37,11.37,11.37,11.37,11.37,0.0
2024-10-14 04:00:00+00:00,11.37,11.37,11.37,11.37,11.37,0.0
2024-10-15 04:00:00+00:00,11.37,11.37,11.37,11.37,11.37,0.0
2024-10-16 04:00:00+00:00,11.37,11.37,11.37,11.37,11.37,0.0
2024-10-17 04:00:00+00:00,11.37,11.37,11.37,11.37,11.37,0.0
2024-10-18 04:00:00+00:00,11.37,11.37,11.37,11.37,11.37,0.0
2024-10-21 04:00:00+00:00,11.37,11.37,11.37,11.37,11.37,0.0
2024-10-22 04:00:00+00:00,11.37,11.37,11.37,11.37,11.37,0.0
2024-10-23 04:00:00+00:00,11.37,11.37,11.37,11.37,11.37,0.0
2024-10-24 04:00:00+00:00,11.37,11.37,11.37,11.37,11.37,0.0
2024-10-25 04:00:00+00:00,11.37,11.37,11.37,11.37,11.37,0.0
2024-10-28 04:00:00+00:00,11.37,11.37,11.37,11.37,11.37,0.0
2024-10-29 04:00:00+00:00,11.37,11.37,11.37,11.37,11.37,0.0
2024-10-30 04:00:00+00:00,11.37,11.37,11.37,11.37,11.37,0.0
2024-10-31 04:00:00+00:00,11.37,11.37,11.37,11.37,11.37,0.0
2024-11-01 04:00:00+00:00,11.37,11.37,11.37,11.37,11.37,0.0
2024-11-04 05:00:00+00:00,11.37,11.37,11.37,11.37,11.37,0.0
2024-11-05 05:00:00+00:00,11.37,11.37,11.37,11.37,11.37,0.0
2024-11-06 05:00:00+00:00,11.37,11.37,11.37,11.37,11.37,0.0
2024-11-07 05:00:00+00:00,11.37,11.37,11.37,11.37,11.37,0.0
2024-11-08 05:00:00+00:00,11.37,11.37,11.37,11.37,11.37,0.0
2024-11-11 05:00:00+00:00,11.37,11.37,11.37,11.37,11.37,0.0
2024-11-12 05:00:00+00:00,11.37,11.37,11.37,11.37,11.37,0.0
2024-11-13 05:00:00+00:00,11.37,11.37,11.37,11.37,11.37,0.0
2024-11-14 05:00:00+00:00,11.37,11.37,11.37,11.37,11.37,0.0
2024-11-15 05:00:00+00:00,11.37,11.37,11.37,11.37,11.37,0.0
2024-11-18 05:00:00+00:00,11.37,11.37,11.37,11.37,11.37,0.0
2024-11-19 05:00:00+00:00,11.37,11.37,11.37,11.37,11.37,0.0
2024-11-20 05:00:00+00:00,11.37,11.37,11.37,11.37,11.37,0.0
2024-11-21 05:00:00+00:00,11.37,11.37,11.37,11.37,11.37,0.0
2024-11-22 05:00:00+00:00,11.37,11.37,11.37,11.37,11.37,0.0
2024-11-25 05:00:00+00:00,11.37,11.37,11.37,11.37,11.37,0.0
2024-11-26 05:00:00+00:00,11.37,11.37,11.37,11.37,11.37,0.0
2024-11-27 05:00:00+00:00,11.37,11.37,11.37,11.37,11.37,0.0
2024-11-29 05:00:00+00:00,11.37,11.37,11.37,11.37,11.37,0.0
2024-12-02 05:00:00+00:00,11.37,11.37,11.37,11.37,11.37,0.0
2024-12-03 05:00:00+00:00,11.37,11.37,11.37,11.37,11.37,0.0
2024-12-04 05:00:00+00:00,11.37,11.37,11.37,11.37,11.37,0.0
2024-12-05 05:00:00+00:00,11.37,11.37,11.37,11.37,11.37,0.0
2024-12-06 05:00:00+00:00,11.37,11.37,11.37,11.37,11.37,0.0
2024-12-09 05:00:00+00:00,11.37,11.37,11.37,11.37,11.37,0.0
2024-12-10 05:00:00+00:00,11.37,11.37,11.37,11.37,11.37,0.0
2024-12-11 05:00:00+00:00,11.37,11.37,11.37,11.37,11.37,0.0
2024-12-12 05:00:00+00:00,11.37,11.37,11.37,11.37,11.37,0.0
2024-12-13 05:00:00+00:00,11.37,11.37,11.37,11.37,11.37,0.0
2024-12-16 05:00:00+00:00,11.37,11.37,11.37,11.37,11.37,0.0
2024-12-17 05:00:00+00:00,11.37,11.37,11.37,11.37,11.37,0.0
2024-12-18 05:00:00+00:00,11.37,11.37,11.37,11.37,11.37,0.0
2024-12-19 05:00:00+00:00,11.37,11.37,11.37,11.37,11.37,0.0
2024-12-20 05:00:00+00:00,11.37,11.37,11.37,11.37,11.37,0.0
2024-12-23 05:00:00+00:00,11.37,11.37,11.37,11.37,11.37,0.0
2024-12-24 05:00:00+00:00,11.37,11.37,11.37,11.37,11.37,0.0
2024-12-26 05:00:00+00:00,11.37,11.37,11.37,11.37,11.37,0.0
2024-12-27 05:00:00+00:00,11.37,11.37,11.37,11.37,11.37,0.0
2024-12-30 05:00:00+00:00,11.37,11.37,11.37,11.37,11.37,0.0
2024-12-31 05:00:00+00:00,11.37,11.37,11.37,11.37,11.37,0.0
2025-01-02 05:00:00+00:00,11.37,11.37,11.37,11.37,11.37,0.0
2025-01-03 05:00:00+00:00,11.37,11.37,11.37,11.37,11.37,0.0
2025-01-06 05:00:00+00:00,11.37,11.37,11.37,11.37,11.37,0.0
2025-01-07 05:00:00+00:00,11.37,11.37,11.37,11.37,11.37,0.0
2025-01-08 05:00:00+00:00,11.37,11.37,11.37,11.37,11.37,0.0
2025-01-10 05:00:00+00:00,11.37,11.37,11.37,11.37,11.37,0.0
2025-01-13 05:00:00+00:00,11.37,11.37,11.37,11.37,11.37,0.0
2025-01-14 05:00:00+00:00,11.37,11.37,11.37,11.37,11.37,0.0
2025-01-15 05:00:00+00:00,11.37,11.37,11.37,11.37,11.37,0.0
2025-01-16 05:00:00+00:00,11.37,11.37,11.37,11.37,11.37,0.0
2025-01-17 05:00:00+00:00,11.37,11.37,11.37,11.37,11.37,0.0
2025-01-21 05:00:00+00:00,11.37,11.37,11.37,11.37,11.37,0.0
2025-01-22 05:00:00+00:00,11.37,11.37,11.37,11.37,11.37,0.0
2025-01-23 05:00:00+00:00,11.37,11.37,11.37,11.37,11.37,0.0
2025-01-24 05:00:00+00:00,11.37,11.37,11.37,11.37,11.37,0.0
2025-01-27 05:00:00+00:00,11.37,11.37,11.37,11.37,11.37,0.0
2025-01-28 05:00:00+00:00,11.37,11.37,11.37,11.37,11.37,0.0
2025-01-29 05:00:00+00:00,11.37,11.37,11.37,11.37,11.37,0.0
2025-01-30 05:00:00+00:00,11.37,11.37,11.37,11.37,11.37,0.0
2025-01-31 05:00:00+00:00,11.37,11.37,11.37,11.37,11.37,0.0
2025-02-03 05:00:00+00:00,11.37,11.37,11.37,11.37,11.37,0.0
2025-02-04 05:00:00+00:00,11.37,11.37,11.37,11.37,11.37,0.0
2025-02-05 05:00:00+00:00,11.37,11.37,11.37,11.37,11.37,0.0
2025-02-06 05:00:00+00:00,11.37,11.37,11.37,11.37,11.37,0.0
2025-02-07 05:00:00+00:00,11.37,11.37,11.37,11.37,11.37,0.0
2025-02-10 05:00:00+00:00,11.37,11.37,11.37,11.37,11.37,0.0
2025-02-11 05:00:00+00:00,11.37,11.37,11.37,11.37,11.37,0.0
2025-02-12 05:00:00+00:00,11.37,11.37,11.37,11.37,11.37,0.0
2025-02-13 05:00:00+00:00,11.37,11.37,11.37,11.37,11.37,0.0
2025-02-14 05:00:00+00:00,11.37,11.37,11.37,11.37,11.37,0.0
2025-02-18 05:00:00+00:00,11.37,11.37,11.37,11.37,11.37,0.0
2025-02-19 05:00:00+00:00,11.37,11.37,11.37,11.37,11.37,0.0
2025-02-20 05:00:00+00:00,11.37,11.37,11.37,11.37,11.37,0.0
2025-02-21 05:00:00+00:00,11.37,11.37,11.37,11.37,11.37,0.0
2025-02-24 05:00:00+00:00,11.37,11.37,11.37,11.37,11.37,0.0
2025-02-25 05:00:00+00:00,11.37,11.37,11.37,11.37,11.37,0.0
2025-02-26 05:00:00+00:00,11.37,11.37,11.37,11.37,11.37,0.0
2025-02-27 05:00:00+00:00,11.37,11.37,11.37,11.37,11.37,0.0
2025-02-28 05:00:00+00:00,11.37,11.37,11.37,11.37,11.37,0.0
2025-03-03 05:00:00+00:00,11.37,11.37,11.37,11.37,11.37,0.0
2025-03-04 05:00:00+00:00,11.37,11.37,11.37,11.37,11.37,0.0
2025-03-05 05:00:00+00:00,11.37,11.37,11.37,11.37,11.37,0.0
2025-03-06 05:00:00+00:00,11.37,11.37,11.37,11.37,11.37,0.0
2025-03-07 05:00:00+00:00,11.37,11.37,11.37,11.37,11.37,0.0
2025-03-10 04:00:00+00:00,11.37,11.37,11.37,11.37,11.37,0.0
2025-03-11 04:00:00+00:00,11.37,11.37,11.37,11.37,11.37,0.0
2025-03-12 04:00:00+00:00,11.37,11.37,11.37,11.37,11.37,0.0
2025-03-13 04:00:00+00:00,11.37,11.37,11.37,11.37,11.37,0.0
2025-03-14 04:00:00+00:00,11.37,11.37,11.37,11.37,11.37,0.0
2025-03-17 04:00:00+00:00,11.37,11.37,11.37,11.37,11.37,0.0
2025-03-18 04:00:00+00:00,11.37,11.37,11.37,11.37,11.37,0.0
2025-03-19 04:00:00+00:00,11.37,11.37,11.37,11.37,11.37,0.0
2025-03-20 04:00:00+00:00,11.37,11.37,11.37,11.37,11.37,0.0
2025-03-21 04:00:00+00:00,11.37,11.37,11.37,11.37,11.37,0.0
2025-03-24 04:00:00+00:00,11.37,11.37,11.37,11.37,11.37,0.0
2025-03-25 04:00:00+00:00,11.37,11.37,11.37,11.37,11.37,0.0
2025-03-26 04:00:00+00:00,11.37,11.37,11.37,11.37,11.37,0.0
2025-03-27 04:00:00+00:00,11.37,11.37,11.37,11.37,11.37,0.0
2025-03-28 04:00:00+00:00,11.37,11.37,11.37,11.37,11.37,0.0
2025-03-31 04:00:00+00:00,11.37,11.37,11.37,11.37,11.37,0.0
2025-04-01 04:00:00+00:00,11.37,11.37,11.37,11.37,11.37,0.0
2025-04-02 04:00:00+00:00,11.37,11.37,11.37,11.37,11.37,0.0
2025-04-03 04:00:00+00:00,11.37,11.37,11.37,11.37,11.37,0.0
