Date,Open,High,Low,Close,Adj Close,Volume
2020-07-27 04:00:00+00:00,27.31,27.36,27.04,27.18,27.18,1427.0
2020-07-28 04:00:00+00:00,27.76,28.13,27.76,27.98,27.98,828.0
2020-07-29 04:00:00+00:00,27.57,27.61,27.36,27.52,27.52,1961.0
2020-07-30 04:00:00+00:00,28.59,28.72,28.12,28.72,28.72,907.0
2020-07-31 04:00:00+00:00,29.91,29.91,28.75,28.75,28.75,1139.0
2020-08-03 04:00:00+00:00,28.92,28.92,28.5,28.81,28.81,3498.0
2020-08-04 04:00:00+00:00,28.51,28.51,27.93,27.99,27.99,2777.0
2020-08-05 04:00:00+00:00,28.4,28.4,28.06,28.07,28.07,2322.0
2020-08-06 04:00:00+00:00,27.48,27.57,27.31,27.39,27.39,2816.0
2020-08-07 04:00:00+00:00,27.25,27.31,27.12,27.12,27.12,628.0
2020-08-10 04:00:00+00:00,27.69,28.33,27.66,28.04,28.04,3095.0
2020-08-11 04:00:00+00:00,28.45,28.45,27.97,27.97,27.97,1550.0
2020-08-13 04:00:00+00:00,28.56,28.56,28.56,28.56,28.56,391.0
2020-08-14 04:00:00+00:00,27.81,28.29,27.81,28.29,28.29,3817.0
2020-08-17 04:00:00+00:00,27.53,27.53,27.15,27.21,27.21,1379.0
2020-08-18 04:00:00+00:00,27.3,27.3,26.85,26.91,26.91,651.0
2020-08-19 04:00:00+00:00,27.55,27.55,27.32,27.35,27.35,914.0
2020-08-20 04:00:00+00:00,27.02,27.11,27.01,27.01,27.01,1208.0
2020-08-21 04:00:00+00:00,26.33,26.39,26.33,26.37,26.37,683.0
2020-08-24 04:00:00+00:00,26.99,27.39,26.99,27.31,27.31,3121.0
2020-08-25 04:00:00+00:00,28.43,28.43,28.02,28.31,28.31,3061.0
2020-08-26 04:00:00+00:00,28.8,29.04,28.8,28.97,28.97,1439.0
2020-08-27 04:00:00+00:00,28.7,28.78,28.53,28.78,28.78,763.0
2020-08-28 04:00:00+00:00,28.61,29.02,28.43,29.02,29.02,3701.0
2020-08-31 04:00:00+00:00,28.95,28.95,28.59,28.6,28.6,852.0
2020-09-01 04:00:00+00:00,28.22,28.51,28.2,28.39,28.39,1430.0
2020-09-02 04:00:00+00:00,28.01,28.08,27.93,28.08,28.08,1645.0
2020-09-03 04:00:00+00:00,28.0,28.17,27.84,27.98,27.98,720.0
2020-09-04 04:00:00+00:00,27.9,28.03,27.52,27.93,27.93,912.0
2020-09-08 04:00:00+00:00,28.63,28.9,28.48,28.48,28.48,1946.0
2020-09-09 04:00:00+00:00,31.48,31.97,31.48,31.49,31.49,2371.0
2020-09-10 04:00:00+00:00,32.31,32.31,31.1,31.15,31.15,2515.0
2020-09-11 04:00:00+00:00,31.79,31.82,31.02,31.06,31.06,2168.0
2020-09-14 04:00:00+00:00,31.47,31.47,30.3,30.82,30.82,11343.0
2020-09-15 04:00:00+00:00,31.38,31.44,30.89,30.97,30.97,7923.0
2020-09-16 04:00:00+00:00,31.37,31.42,30.92,30.96,30.96,3114.0
2020-09-17 04:00:00+00:00,30.86,31.1,30.71,31.04,31.04,4257.0
2020-09-18 04:00:00+00:00,31.56,31.69,30.6,30.81,30.81,13459.0
2020-09-21 04:00:00+00:00,29.7,29.7,29.12,29.24,29.24,7117.0
2020-09-22 04:00:00+00:00,29.35,29.35,28.39,28.69,28.69,2655.0
2020-09-23 04:00:00+00:00,29.18,29.26,28.09,28.17,28.17,6333.0
2020-09-24 04:00:00+00:00,27.61,27.77,27.37,27.41,27.41,4101.0
2020-09-25 04:00:00+00:00,27.26,27.39,26.95,27.39,27.39,3368.0
2020-09-28 04:00:00+00:00,28.35,28.4,28.04,28.16,28.16,3671.0
2020-09-29 04:00:00+00:00,29.24,29.26,28.53,28.63,28.63,2324.0
2020-09-30 04:00:00+00:00,29.13,29.71,29.07,29.23,29.23,5012.0
2020-10-01 04:00:00+00:00,29.35,29.4,28.88,28.9,28.9,8337.0
2020-10-02 04:00:00+00:00,28.37,28.87,28.37,28.7,28.7,6588.0
2020-10-05 04:00:00+00:00,29.48,29.67,29.41,29.54,29.54,4634.0
2020-10-06 04:00:00+00:00,30.34,30.44,29.84,29.9,29.9,5627.0
2020-10-07 04:00:00+00:00,30.53,30.57,29.92,30.2,30.2,4085.0
2020-10-08 04:00:00+00:00,30.2,30.82,30.2,30.65,30.65,7775.0
2020-10-09 04:00:00+00:00,30.3,30.82,30.1,30.44,30.44,4891.0
2020-10-12 04:00:00+00:00,30.49,30.65,30.39,30.49,30.49,5651.0
2020-10-13 04:00:00+00:00,30.19,30.19,29.76,29.76,29.76,2380.0
2020-10-14 04:00:00+00:00,29.97,30.08,29.64,29.68,29.68,5346.0
2020-10-15 04:00:00+00:00,29.29,29.49,29.17,29.4,29.4,3619.0
2020-10-16 04:00:00+00:00,29.65,30.04,29.65,29.71,29.71,5054.0
2020-10-19 04:00:00+00:00,31.45,31.77,31.07,31.19,31.19,4459.0
2020-10-20 04:00:00+00:00,31.04,31.44,31.02,31.3,31.3,3610.0
2020-10-21 04:00:00+00:00,30.88,31.03,30.67,30.8,30.8,3892.0
2020-10-22 04:00:00+00:00,30.95,31.67,30.92,31.67,31.67,2415.0
2020-10-23 04:00:00+00:00,31.21,31.78,31.1,31.78,31.78,3387.0
2020-10-26 04:00:00+00:00,30.72,30.75,29.45,29.57,29.57,2003.0
2020-10-27 04:00:00+00:00,29.05,29.23,28.42,28.48,28.48,3331.0
2020-10-28 04:00:00+00:00,27.6,27.86,27.21,27.63,27.63,5272.0
2020-10-29 04:00:00+00:00,27.2,27.67,27.2,27.62,27.62,2688.0
2020-10-30 04:00:00+00:00,28.55,29.18,28.19,28.76,28.76,5326.0
2020-11-02 05:00:00+00:00,28.45,28.48,27.84,28.08,28.08,3782.0
2020-11-03 05:00:00+00:00,28.56,28.87,28.42,28.85,28.85,3549.0
2020-11-04 05:00:00+00:00,28.78,29.36,28.59,29.01,29.01,4172.0
2020-11-05 05:00:00+00:00,29.94,29.94,29.52,29.85,29.85,3534.0
2020-11-06 05:00:00+00:00,29.67,29.67,29.21,29.21,29.21,2263.0
2020-11-09 05:00:00+00:00,32.38,32.67,32.0,32.23,32.23,5940.0
2020-11-10 05:00:00+00:00,33.69,34.16,33.47,34.12,34.12,11565.0
2020-11-11 05:00:00+00:00,35.25,35.44,34.7,34.89,34.89,3481.0
2020-11-12 05:00:00+00:00,34.84,34.84,34.16,34.21,34.21,2509.0
2020-11-13 05:00:00+00:00,34.99,35.26,34.8,35.25,35.25,2448.0
2020-11-16 05:00:00+00:00,36.03,36.05,35.57,35.66,35.66,4616.0
2020-11-17 05:00:00+00:00,35.29,35.5,35.21,35.38,35.38,2174.0
2020-11-18 05:00:00+00:00,35.27,35.63,34.83,34.87,34.87,5273.0
2020-11-19 05:00:00+00:00,34.29,35.6,34.29,35.6,35.6,4376.0
2020-11-20 05:00:00+00:00,35.57,35.57,35.44,35.5,35.5,1089.0
2020-11-23 05:00:00+00:00,36.14,36.24,35.78,35.8,35.8,6575.0
2020-11-24 05:00:00+00:00,37.21,37.87,37.21,37.85,37.85,3252.0
2020-11-25 05:00:00+00:00,38.44,38.66,37.91,38.64,38.64,3745.0
2020-11-27 05:00:00+00:00,38.37,38.49,38.11,38.35,38.35,1730.0
2020-11-30 05:00:00+00:00,38.78,38.86,38.01,38.23,38.23,3997.0
2020-12-01 05:00:00+00:00,37.96,38.55,37.9,38.55,38.55,2342.0
2020-12-02 05:00:00+00:00,39.13,39.55,39.05,39.52,39.52,2564.0
2020-12-03 05:00:00+00:00,39.04,39.45,38.72,38.8,38.8,3197.0
2020-12-04 05:00:00+00:00,39.27,39.33,38.72,38.85,38.85,3798.0
2020-12-07 05:00:00+00:00,38.98,38.98,38.5,38.7,38.7,1316.0
2020-12-08 05:00:00+00:00,38.38,38.38,37.98,38.21,38.21,2377.0
2020-12-09 05:00:00+00:00,38.67,38.67,37.76,37.96,37.96,4391.0
2020-12-10 05:00:00+00:00,37.8,38.26,37.8,38.17,38.17,2449.0
2020-12-11 05:00:00+00:00,37.73,37.74,37.23,37.6,37.6,1120.0
2020-12-14 05:00:00+00:00,38.41,38.41,37.58,37.76,37.76,922.0
2020-12-15 05:00:00+00:00,39.11,39.18,38.77,39.02,39.02,3792.0
2020-12-16 05:00:00+00:00,39.13,39.13,38.75,38.99,38.99,2900.0
2020-12-17 05:00:00+00:00,39.53,39.64,39.02,39.02,39.02,3097.0
2020-12-18 05:00:00+00:00,39.62,39.62,39.27,39.49,39.49,1662.0
2020-12-21 05:00:00+00:00,37.93,38.71,37.76,38.66,38.66,4085.0
2020-12-22 05:00:00+00:00,37.58,37.67,37.41,37.45,37.45,1930.0
2020-12-23 05:00:00+00:00,37.3,37.48,37.12,37.14,37.14,3028.0
2020-12-24 05:00:00+00:00,37.43,37.46,37.22,37.29,37.29,1641.0
2020-12-28 05:00:00+00:00,37.89,37.89,37.38,37.68,37.68,4265.0
2020-12-29 05:00:00+00:00,38.21,38.25,37.62,37.68,37.68,2306.0
2020-12-30 05:00:00+00:00,38.11,38.22,37.7,37.72,37.72,1325.0
2020-12-31 05:00:00+00:00,37.7,37.7,37.34,37.5,37.5,3269.0
2021-01-04 05:00:00+00:00,37.78,37.78,37.21,37.32,37.32,936.0
2021-01-05 05:00:00+00:00,37.08,37.58,36.92,37.58,37.58,1321.0
2021-01-06 05:00:00+00:00,38.18,38.75,38.18,38.45,38.45,2151.0
2021-01-07 05:00:00+00:00,37.97,38.14,37.67,38.14,38.14,4073.0
2021-01-08 05:00:00+00:00,37.51,37.63,37.32,37.63,37.63,1770.0
2021-01-11 05:00:00+00:00,36.95,37.27,36.74,37.27,37.27,3391.0
2021-01-12 05:00:00+00:00,37.24,37.55,37.15,37.55,37.55,906.0
2021-01-13 05:00:00+00:00,37.15,37.22,37.06,37.06,37.06,883.0
2021-01-14 05:00:00+00:00,36.9,37.37,36.8,37.32,37.32,1999.0
2021-01-15 05:00:00+00:00,37.11,37.23,36.76,37.23,37.23,2098.0
2021-01-19 05:00:00+00:00,37.17,37.22,36.94,37.09,37.09,5265.0
2021-01-20 05:00:00+00:00,37.29,37.58,37.18,37.58,37.58,7870.0
2021-01-21 05:00:00+00:00,37.86,39.05,37.81,38.71,38.71,3667.0
2021-01-22 05:00:00+00:00,38.55,38.81,38.45,38.72,38.72,4094.0
2021-01-25 05:00:00+00:00,37.58,37.67,37.19,37.67,37.67,2920.0
2021-01-26 05:00:00+00:00,36.89,36.89,36.31,36.37,36.37,5782.0
2021-01-27 05:00:00+00:00,36.21,36.24,35.61,35.89,35.89,2397.0
2021-01-28 05:00:00+00:00,35.45,36.32,35.24,36.17,36.17,3859.0
2021-01-29 05:00:00+00:00,36.39,36.4,35.71,36.04,36.04,2898.0
2021-02-01 05:00:00+00:00,35.99,36.52,35.9,36.25,36.25,854.0
2021-02-02 05:00:00+00:00,36.18,36.63,36.16,36.6,36.6,3015.0
2021-02-03 05:00:00+00:00,36.06,36.08,35.92,36.02,36.02,2016.0
2021-02-04 05:00:00+00:00,35.27,35.44,35.07,35.31,35.31,2353.0
2021-02-05 05:00:00+00:00,35.28,35.85,35.28,35.71,35.71,2746.0
2021-02-08 05:00:00+00:00,35.62,35.86,35.45,35.83,35.83,3352.0
2021-02-09 05:00:00+00:00,35.28,35.48,35.26,35.26,35.26,2254.0
2021-02-10 05:00:00+00:00,36.18,36.34,35.9,36.34,36.34,2199.0
2021-02-11 05:00:00+00:00,35.43,35.46,34.95,35.08,35.08,3583.0
2021-02-12 05:00:00+00:00,36.24,36.85,36.24,36.82,36.82,2628.0
2021-02-16 05:00:00+00:00,37.51,37.56,36.95,37.08,37.08,3827.0
2021-02-17 05:00:00+00:00,36.69,36.74,36.34,36.65,36.65,1395.0
2021-02-18 05:00:00+00:00,36.04,36.09,35.7,35.76,35.76,4660.0
2021-02-19 05:00:00+00:00,36.18,36.18,35.65,35.81,35.81,3297.0
2021-02-22 05:00:00+00:00,35.98,36.15,35.73,35.73,35.73,4299.0
2021-02-23 05:00:00+00:00,35.89,36.36,35.5,36.36,36.36,1926.0
2021-02-24 05:00:00+00:00,35.86,36.47,35.86,36.46,36.46,2331.0
2021-02-25 05:00:00+00:00,37.0,37.05,36.39,36.39,36.39,1729.0
2021-02-26 05:00:00+00:00,36.55,36.72,36.1,36.24,36.24,2553.0
2021-03-01 05:00:00+00:00,36.93,37.02,36.75,36.9,36.9,3291.0
2021-03-02 05:00:00+00:00,37.25,37.55,37.22,37.48,37.48,1342.0
2021-03-03 05:00:00+00:00,37.52,37.58,37.36,37.5,37.5,1815.0
2021-03-04 05:00:00+00:00,37.62,37.87,36.53,36.82,36.82,2295.0
2021-03-05 05:00:00+00:00,37.0,37.79,36.84,37.79,37.79,1829.0
2021-03-08 05:00:00+00:00,37.73,37.95,37.52,37.52,37.52,1467.0
2021-03-09 05:00:00+00:00,37.98,38.05,37.83,37.9,37.9,1320.0
2021-03-10 05:00:00+00:00,38.56,39.27,38.48,39.27,39.27,1615.0
2021-03-11 05:00:00+00:00,39.01,39.37,38.86,39.19,39.19,2184.0
2021-03-12 05:00:00+00:00,39.06,39.34,39.06,39.07,39.07,4407.0
2021-03-15 04:00:00+00:00,39.02,39.1,38.71,38.8,38.8,2747.0
2021-03-16 04:00:00+00:00,38.82,39.24,38.8,39.18,39.18,2493.0
2021-03-17 04:00:00+00:00,38.99,39.08,38.76,38.99,38.99,3208.0
2021-03-18 04:00:00+00:00,38.18,38.21,37.62,37.74,37.74,5524.0
2021-03-19 04:00:00+00:00,37.46,37.68,37.21,37.57,37.57,4280.0
2021-03-22 04:00:00+00:00,37.43,37.73,37.41,37.58,37.58,1723.0
2021-03-23 04:00:00+00:00,37.66,37.66,37.12,37.12,37.12,1294.0
2021-03-24 04:00:00+00:00,37.64,37.73,37.32,37.32,37.32,2013.0
2021-03-25 04:00:00+00:00,36.97,37.18,36.68,37.18,37.18,4220.0
2021-03-26 04:00:00+00:00,37.1,37.47,37.09,37.47,37.47,4616.0
2021-03-29 04:00:00+00:00,37.21,37.49,37.06,37.49,37.49,1902.0
2021-03-30 04:00:00+00:00,36.56,36.64,36.28,36.64,36.64,2398.0
2021-03-31 04:00:00+00:00,37.02,37.18,36.99,37.0,37.0,3166.0
2021-04-01 04:00:00+00:00,37.41,37.41,37.06,37.12,37.12,1324.0
2021-04-05 04:00:00+00:00,37.61,37.86,37.37,37.86,37.86,2255.0
2021-04-06 04:00:00+00:00,38.24,38.24,37.88,38.09,38.09,1883.0
2021-04-07 04:00:00+00:00,37.94,38.11,37.61,37.68,37.68,6260.0
2021-04-08 04:00:00+00:00,38.46,38.73,38.36,38.54,38.54,2640.0
2021-04-09 04:00:00+00:00,38.58,38.65,38.4,38.56,38.56,3134.0
2021-04-12 04:00:00+00:00,38.23,38.28,38.11,38.11,38.11,1133.0
2021-04-13 04:00:00+00:00,37.72,38.27,37.63,38.27,38.27,944.0
2021-04-14 04:00:00+00:00,38.12,38.19,37.95,37.95,37.95,831.0
2021-04-15 04:00:00+00:00,37.52,37.68,37.52,37.65,37.65,1432.0
2021-04-16 04:00:00+00:00,37.28,37.79,37.14,37.58,37.58,1732.0
2021-04-19 04:00:00+00:00,37.66,37.67,37.36,37.36,37.36,1691.0
2021-04-20 04:00:00+00:00,36.2,36.33,36.11,36.29,36.29,2486.0
2021-04-21 04:00:00+00:00,35.31,35.86,35.31,35.86,35.86,1546.0
2021-04-22 04:00:00+00:00,35.9,36.08,35.72,35.77,35.77,1990.0
2021-04-23 04:00:00+00:00,35.58,35.87,35.58,35.74,35.74,2273.0
2021-04-26 04:00:00+00:00,36.18,36.19,36.07,36.07,36.07,903.0
2021-04-27 04:00:00+00:00,35.86,36.0,35.79,35.85,35.85,3297.0
2021-04-28 04:00:00+00:00,36.26,36.97,36.26,36.92,36.92,1525.0
2021-04-29 04:00:00+00:00,38.91,39.41,38.13,38.39,38.39,3238.0
2021-04-30 04:00:00+00:00,38.27,38.64,37.87,37.97,37.97,4317.0
2021-05-03 04:00:00+00:00,39.31,39.4,39.27,39.35,39.35,1557.0
2021-05-04 04:00:00+00:00,40.2,40.5,40.2,40.4,40.4,1334.0
2021-05-05 04:00:00+00:00,40.09,40.51,40.07,40.51,40.51,2494.0
2021-05-06 04:00:00+00:00,40.41,40.86,40.33,40.83,40.83,1476.0
2021-05-07 04:00:00+00:00,42.13,42.13,41.93,42.09,42.09,1734.0
2021-05-10 04:00:00+00:00,42.93,43.59,42.93,43.22,43.22,1988.0
2021-05-11 04:00:00+00:00,43.29,43.66,43.19,43.57,43.57,3142.0
2021-05-12 04:00:00+00:00,43.52,43.52,42.69,42.69,42.69,799.0
2021-05-13 04:00:00+00:00,42.95,43.23,42.95,43.18,43.18,1809.0
2021-05-14 04:00:00+00:00,43.96,43.97,43.83,43.83,43.83,1622.0
2021-05-17 04:00:00+00:00,44.17,44.18,44.06,44.18,44.18,945.0
2021-05-18 04:00:00+00:00,44.25,44.25,43.64,43.67,43.67,2523.0
2021-05-19 04:00:00+00:00,43.59,43.59,43.2,43.25,43.25,2279.0
2021-05-20 04:00:00+00:00,43.25,43.25,42.77,43.03,43.03,4320.0
2021-05-21 04:00:00+00:00,43.55,43.55,43.12,43.31,43.31,3417.0
2021-05-24 04:00:00+00:00,44.63,44.63,44.03,44.06,44.06,26107.0
2021-05-25 04:00:00+00:00,44.56,44.56,44.09,44.2,44.2,13501.0
2021-05-26 04:00:00+00:00,43.78,43.78,43.38,43.48,43.48,3546.0
2021-05-27 04:00:00+00:00,43.72,43.8,43.36,43.5,43.5,2233.0
2021-05-28 04:00:00+00:00,43.38,43.41,43.12,43.12,43.12,2311.0
2021-06-01 04:00:00+00:00,42.81,42.83,42.49,42.64,42.64,2205.0
2021-06-02 04:00:00+00:00,42.84,43.24,42.84,42.94,42.94,5918.0
2021-06-03 04:00:00+00:00,42.25,42.52,42.15,42.49,42.49,1474.0
2021-06-04 04:00:00+00:00,42.19,42.32,41.99,42.31,42.31,1541.0
2021-06-07 04:00:00+00:00,42.05,42.21,41.9,42.14,42.14,1822.0
2021-06-09 04:00:00+00:00,41.76,41.82,41.5,41.64,41.64,1949.0
2021-06-10 04:00:00+00:00,41.07,41.62,41.02,41.62,41.62,837.0
2021-06-11 04:00:00+00:00,41.84,41.84,41.84,41.84,41.84,614.0
2021-06-14 04:00:00+00:00,41.54,41.54,41.37,41.4,41.4,1502.0
2021-06-15 04:00:00+00:00,41.26,41.26,41.17,41.17,41.17,932.0
2021-06-16 04:00:00+00:00,40.48,40.48,40.48,40.48,40.48,140.0
2021-06-17 04:00:00+00:00,39.93,39.94,39.76,39.76,39.76,457.0
2021-06-18 04:00:00+00:00,38.86,38.86,38.58,38.68,38.68,1409.0
2021-06-21 04:00:00+00:00,39.33,39.43,39.19,39.43,39.43,1335.0
2021-06-22 04:00:00+00:00,39.15,39.18,39.02,39.15,39.15,1787.0
2021-06-23 04:00:00+00:00,39.35,39.35,39.12,39.12,39.12,476.0
2021-06-24 04:00:00+00:00,39.48,39.49,39.38,39.42,39.42,1227.0
2021-06-25 04:00:00+00:00,39.19,39.22,38.75,38.75,38.75,1483.0
2021-06-28 04:00:00+00:00,39.4,39.54,39.09,39.09,39.09,907.0
2021-06-29 04:00:00+00:00,38.85,38.85,38.6,38.69,38.69,413.0
2021-06-30 04:00:00+00:00,38.24,38.42,38.2,38.3,38.3,933.0
2021-07-01 04:00:00+00:00,39.3,39.3,39.2,39.2,39.2,567.0
2021-07-02 04:00:00+00:00,39.31,39.56,39.23,39.45,39.45,1066.0
2021-07-06 04:00:00+00:00,38.32,38.42,38.32,38.42,38.42,402.0
2021-07-07 04:00:00+00:00,38.24,38.24,37.66,37.86,37.86,1880.0
2021-07-08 04:00:00+00:00,38.17,38.77,38.17,38.59,38.59,799.0
2021-07-09 04:00:00+00:00,39.19,39.27,38.84,39.0,39.0,1506.0
2021-07-12 04:00:00+00:00,39.02,39.38,39.02,39.33,39.33,536.0
2021-07-13 04:00:00+00:00,38.76,38.76,38.75,38.75,38.75,233.0
2021-07-14 04:00:00+00:00,39.34,39.39,39.25,39.25,39.25,541.0
2021-07-15 04:00:00+00:00,39.19,39.19,39.19,39.19,39.19,245.0
2021-07-16 04:00:00+00:00,39.87,40.04,39.87,40.04,40.04,422.0
2021-07-20 04:00:00+00:00,38.85,38.87,38.85,38.87,38.87,228.0
2021-07-21 04:00:00+00:00,39.46,39.47,39.33,39.47,39.47,437.0
2021-07-22 04:00:00+00:00,39.66,39.69,39.45,39.55,39.55,1114.0
2021-07-23 04:00:00+00:00,39.89,39.89,39.89,39.89,39.89,310.0
2021-07-26 04:00:00+00:00,41.04,41.04,41.04,41.04,41.04,189.0
2021-07-27 04:00:00+00:00,40.7,40.93,40.7,40.93,40.93,346.0
2021-07-28 04:00:00+00:00,40.77,40.86,40.58,40.86,40.86,1285.0
2021-07-29 04:00:00+00:00,39.02,39.02,38.63,38.69,38.69,1432.0
2021-07-30 04:00:00+00:00,38.65,38.65,38.53,38.53,38.53,1345.0
2021-08-02 04:00:00+00:00,38.68,38.74,38.2,38.29,38.29,2006.0
2021-08-03 04:00:00+00:00,38.29,38.58,38.29,38.56,38.56,1303.0
2021-08-04 04:00:00+00:00,38.7,38.7,38.7,38.7,38.7,293.0
2021-08-06 04:00:00+00:00,38.16,38.16,37.72,37.81,37.81,1493.0
2021-08-09 04:00:00+00:00,37.51,37.56,37.51,37.56,37.56,799.0
2021-08-10 04:00:00+00:00,37.18,37.29,37.18,37.29,37.29,1629.0
2021-08-11 04:00:00+00:00,37.41,37.66,37.37,37.66,37.66,1071.0
2021-08-12 04:00:00+00:00,37.62,37.71,37.62,37.71,37.71,509.0
2021-08-13 04:00:00+00:00,37.55,37.55,37.4,37.4,37.4,724.0
2021-08-17 04:00:00+00:00,36.62,36.62,36.45,36.48,36.48,635.0
2021-08-18 04:00:00+00:00,36.78,36.78,36.5,36.5,36.5,449.0
2021-08-19 04:00:00+00:00,35.73,35.73,35.73,35.73,35.73,258.0
2021-08-20 04:00:00+00:00,35.78,35.78,35.6,35.6,35.6,537.0
2021-08-23 04:00:00+00:00,35.53,36.06,35.46,36.06,36.06,688.0
2021-08-24 04:00:00+00:00,35.87,36.19,35.87,36.01,36.01,961.0
2021-08-25 04:00:00+00:00,36.11,36.22,36.11,36.17,36.17,712.0
2021-08-26 04:00:00+00:00,35.83,35.85,35.83,35.85,35.85,567.0
2021-08-27 04:00:00+00:00,36.41,36.48,36.41,36.48,36.48,763.0
2021-08-30 04:00:00+00:00,36.58,36.62,36.44,36.45,36.45,2954.0
2021-08-31 04:00:00+00:00,36.73,36.73,36.56,36.56,36.56,354.0
2021-09-01 04:00:00+00:00,36.85,36.85,36.79,36.79,36.79,829.0
2021-09-02 04:00:00+00:00,36.95,36.95,36.95,36.95,36.95,643.0
2021-09-03 04:00:00+00:00,36.98,36.98,36.97,36.97,36.97,994.0
2021-09-07 04:00:00+00:00,36.47,36.6,36.47,36.6,36.6,686.0
2021-09-08 04:00:00+00:00,36.15,36.17,36.04,36.14,36.14,1120.0
2021-09-09 04:00:00+00:00,36.55,36.7,36.53,36.6,36.6,1907.0
2021-09-10 04:00:00+00:00,35.77,35.77,35.77,35.77,35.77,412.0
2021-09-13 04:00:00+00:00,36.29,36.29,36.21,36.21,36.21,1352.0
2021-09-14 04:00:00+00:00,35.86,35.86,35.8,35.8,35.8,769.0
2021-09-16 04:00:00+00:00,35.23,35.37,35.23,35.37,35.37,567.0
2021-09-17 04:00:00+00:00,35.1,35.13,35.1,35.13,35.13,332.0
2021-09-21 04:00:00+00:00,34.42,34.42,34.42,34.42,34.42,711.0
2021-09-22 04:00:00+00:00,35.16,35.16,34.69,34.78,34.78,4689.0
2021-09-23 04:00:00+00:00,35.36,35.43,35.29,35.43,35.43,3402.0
2021-09-24 04:00:00+00:00,34.93,35.06,34.93,34.95,34.95,3565.0
2021-09-28 04:00:00+00:00,34.47,34.47,34.11,34.21,34.21,6295.0
2021-09-29 04:00:00+00:00,34.11,34.31,33.92,34.09,34.09,2367.0
2021-09-30 04:00:00+00:00,34.96,35.09,34.89,34.91,34.91,1532.0
2021-10-01 04:00:00+00:00,35.22,35.65,35.14,35.59,35.59,1529.0
2021-10-04 04:00:00+00:00,35.48,35.6,35.4,35.6,35.6,2341.0
2021-10-05 04:00:00+00:00,35.39,35.39,35.39,35.39,35.39,394.0
2021-10-06 04:00:00+00:00,33.7,33.94,33.55,33.8,33.8,1487.0
2021-10-07 04:00:00+00:00,34.01,34.01,33.84,33.89,33.89,1982.0
2021-10-08 04:00:00+00:00,34.12,34.12,33.99,33.99,33.99,1306.0
2021-10-11 04:00:00+00:00,33.81,33.82,33.81,33.82,33.82,819.0
2021-10-12 04:00:00+00:00,34.35,34.35,34.35,34.35,34.35,357.0
2021-10-13 04:00:00+00:00,35.01,35.28,35.01,35.24,35.24,1324.0
2021-10-14 04:00:00+00:00,35.2,35.2,35.2,35.2,35.2,283.0
2021-10-15 04:00:00+00:00,35.23,35.23,35.23,35.23,35.23,640.0
2021-10-19 04:00:00+00:00,35.74,35.74,35.74,35.74,35.74,143.0
2021-10-20 04:00:00+00:00,35.69,35.8,35.69,35.71,35.71,760.0
2021-10-21 04:00:00+00:00,35.68,35.68,35.5,35.57,35.57,598.0
2021-10-22 04:00:00+00:00,35.21,35.21,35.21,35.21,35.21,279.0
2021-10-25 04:00:00+00:00,35.02,35.02,34.83,34.83,34.83,957.0
2021-10-26 04:00:00+00:00,34.92,34.96,34.92,34.92,34.92,900.0
2021-10-27 04:00:00+00:00,35.25,35.26,35.1,35.1,35.1,848.0
2021-10-29 04:00:00+00:00,33.74,33.74,33.68,33.68,33.68,501.0
2021-11-01 04:00:00+00:00,34.23,34.23,34.13,34.13,34.13,722.0
2021-11-02 04:00:00+00:00,34.69,34.69,34.05,34.05,34.05,909.0
2021-11-03 04:00:00+00:00,34.38,34.38,34.38,34.38,34.38,359.0
2021-11-04 04:00:00+00:00,34.68,34.73,34.6,34.73,34.73,694.0
2021-11-05 04:00:00+00:00,35.01,35.01,35.01,35.01,35.01,401.0
2021-11-08 05:00:00+00:00,34.4,34.4,34.4,34.4,34.4,469.0
2021-11-09 05:00:00+00:00,34.8,34.8,34.59,34.64,34.64,720.0
2021-11-10 05:00:00+00:00,34.02,34.02,33.4,33.4,33.4,702.0
2021-11-11 05:00:00+00:00,33.7,34.03,33.7,33.92,33.92,2457.0
2021-11-12 05:00:00+00:00,35.46,35.54,35.42,35.42,35.42,1589.0
2021-11-15 05:00:00+00:00,35.37,35.75,35.37,35.58,35.58,632.0
2021-11-16 05:00:00+00:00,35.32,35.32,34.95,34.97,34.97,754.0
2021-11-17 05:00:00+00:00,34.27,34.27,34.03,34.09,34.09,929.0
2021-11-18 05:00:00+00:00,33.49,33.49,33.25,33.31,33.31,893.0
2021-11-19 05:00:00+00:00,33.06,33.06,32.73,32.9,32.9,1989.0
2021-11-22 05:00:00+00:00,33.34,33.34,33.01,33.04,33.04,1769.0
2021-11-23 05:00:00+00:00,33.08,33.09,33.08,33.08,33.08,359.0
2021-11-24 05:00:00+00:00,32.83,32.83,32.67,32.68,32.68,1314.0
2021-11-26 05:00:00+00:00,30.96,30.96,30.74,30.79,30.79,657.0
2021-11-29 05:00:00+00:00,30.6,30.69,30.6,30.69,30.69,1009.0
2021-11-30 05:00:00+00:00,30.51,30.51,29.97,30.25,30.25,1586.0
2021-12-01 05:00:00+00:00,30.45,30.48,29.67,29.74,29.74,1236.0
2021-12-02 05:00:00+00:00,29.53,30.0,29.48,29.78,29.78,2768.0
2021-12-03 05:00:00+00:00,28.77,28.78,28.5,28.78,28.78,1038.0
2021-12-06 05:00:00+00:00,28.84,29.5,28.84,29.41,29.41,3225.0
2021-12-07 05:00:00+00:00,29.34,29.34,29.22,29.22,29.22,1007.0
2021-12-08 05:00:00+00:00,29.21,29.53,29.09,29.36,29.36,3024.0
2021-12-09 05:00:00+00:00,28.98,29.02,28.96,28.98,28.98,2106.0
2021-12-10 05:00:00+00:00,28.69,28.77,28.69,28.72,28.72,2303.0
2021-12-13 05:00:00+00:00,27.8,27.8,27.5,27.68,27.68,1215.0
2021-12-14 05:00:00+00:00,26.94,27.03,26.93,26.93,26.93,2076.0
2021-12-15 05:00:00+00:00,26.14,26.55,26.1,26.4,26.4,3017.0
2021-12-16 05:00:00+00:00,26.1,26.4,26.03,26.11,26.11,2421.0
2021-12-17 05:00:00+00:00,26.38,26.43,26.29,26.35,26.35,1811.0
2021-12-20 05:00:00+00:00,25.6,25.6,25.34,25.41,25.41,3564.0
2021-12-21 05:00:00+00:00,25.69,26.26,25.69,26.26,26.26,2487.0
2021-12-22 05:00:00+00:00,25.71,25.84,25.59,25.77,25.77,1742.0
2021-12-23 05:00:00+00:00,26.1,26.44,26.1,26.44,26.44,915.0
2021-12-27 05:00:00+00:00,27.12,27.32,27.12,27.29,27.29,1666.0
2021-12-28 05:00:00+00:00,27.7,27.71,27.67,27.67,27.67,802.0
2021-12-29 05:00:00+00:00,27.42,27.65,27.41,27.59,27.59,3067.0
2021-12-30 05:00:00+00:00,27.5,27.56,27.49,27.49,27.49,1007.0
2021-12-31 05:00:00+00:00,27.35,27.59,27.35,27.51,27.51,1119.0
2022-01-03 05:00:00+00:00,27.97,28.13,27.96,28.03,28.03,2097.0
2022-01-04 05:00:00+00:00,28.39,28.41,28.22,28.32,28.32,1308.0
2022-01-05 05:00:00+00:00,28.3,28.46,28.27,28.32,28.32,3592.0
2022-01-06 05:00:00+00:00,28.31,28.37,28.31,28.33,28.33,2558.0
2022-01-07 05:00:00+00:00,28.14,28.18,27.97,28.07,28.07,3719.0
2022-01-10 05:00:00+00:00,27.73,27.89,27.66,27.89,27.89,2324.0
2022-01-11 05:00:00+00:00,27.52,27.83,27.52,27.79,27.79,3204.0
2022-01-13 05:00:00+00:00,28.54,28.6,28.24,28.24,28.24,1588.0
2022-01-14 05:00:00+00:00,27.53,27.66,27.41,27.56,27.56,4554.0
2022-01-18 05:00:00+00:00,26.58,26.58,26.39,26.47,26.47,1805.0
2022-01-19 05:00:00+00:00,26.68,26.79,26.41,26.41,26.41,2087.0
2022-01-20 05:00:00+00:00,26.59,26.59,26.06,26.06,26.06,2087.0
2022-01-21 05:00:00+00:00,26.13,26.13,25.75,25.77,25.77,3065.0
2022-01-24 05:00:00+00:00,24.66,25.3,24.62,25.3,25.3,2577.0
2022-01-25 05:00:00+00:00,26.08,26.34,25.95,26.25,26.25,1896.0
2022-01-26 05:00:00+00:00,25.87,25.98,25.73,25.78,25.78,2427.0
2022-01-27 05:00:00+00:00,25.64,25.77,25.24,25.39,25.39,3143.0
2022-01-28 05:00:00+00:00,24.94,26.02,24.94,26.02,26.02,2657.0
2022-01-31 05:00:00+00:00,25.76,25.93,25.58,25.93,25.93,1794.0
2022-02-01 05:00:00+00:00,25.77,25.99,25.77,25.99,25.99,1650.0
2022-02-02 05:00:00+00:00,26.51,26.64,26.47,26.55,26.55,840.0
2022-02-03 05:00:00+00:00,26.69,27.02,26.69,26.83,26.83,4218.0
2022-02-04 05:00:00+00:00,26.4,26.62,26.4,26.55,26.55,1760.0
2022-02-07 05:00:00+00:00,26.73,26.92,26.64,26.68,26.68,3142.0
2022-02-08 05:00:00+00:00,26.41,26.89,26.35,26.89,26.89,1969.0
2022-02-09 05:00:00+00:00,26.64,26.94,26.64,26.89,26.89,884.0
2022-02-10 05:00:00+00:00,26.95,26.95,26.35,26.46,26.46,2635.0
2022-02-11 05:00:00+00:00,27.26,27.55,26.43,26.57,26.57,3351.0
2022-02-14 05:00:00+00:00,25.89,26.06,25.89,26.0,26.0,1842.0
2022-02-15 05:00:00+00:00,26.76,27.16,26.76,27.16,27.16,1262.0
2022-02-16 05:00:00+00:00,26.68,26.89,26.48,26.6,26.6,2390.0
2022-02-17 05:00:00+00:00,25.78,25.78,25.2,25.31,25.31,2385.0
2022-02-18 05:00:00+00:00,25.23,25.23,24.75,24.87,24.87,3586.0
2022-02-22 05:00:00+00:00,23.56,23.76,23.19,23.66,23.66,4451.0
2022-02-23 05:00:00+00:00,23.11,23.37,22.71,22.84,22.84,7074.0
2022-02-24 05:00:00+00:00,21.42,22.49,21.42,22.49,22.49,2923.0
2022-02-25 05:00:00+00:00,22.75,23.1,22.47,23.1,23.1,2326.0
2022-02-28 05:00:00+00:00,22.43,22.57,22.03,22.38,22.38,6590.0
2022-03-01 05:00:00+00:00,21.69,21.71,20.95,21.2,21.2,5581.0
2022-03-02 05:00:00+00:00,20.9,21.61,20.9,21.54,21.54,2694.0
2022-03-03 05:00:00+00:00,21.25,21.25,20.67,20.73,20.73,3274.0
2022-03-04 05:00:00+00:00,19.96,20.01,19.73,19.82,19.82,5372.0
2022-03-07 05:00:00+00:00,19.88,19.88,19.27,19.44,19.44,11452.0
2022-03-08 05:00:00+00:00,20.51,21.59,20.48,21.12,21.12,7470.0
2022-03-09 05:00:00+00:00,22.27,22.9,22.25,22.63,22.63,6838.0
2022-03-10 05:00:00+00:00,22.71,22.71,22.12,22.34,22.34,3205.0
2022-03-11 05:00:00+00:00,23.11,23.11,22.71,22.71,22.71,3827.0
2022-03-14 04:00:00+00:00,23.31,23.55,22.88,23.03,23.03,4912.0
2022-03-15 04:00:00+00:00,22.65,22.65,22.08,22.34,22.34,3124.0
2022-03-16 04:00:00+00:00,23.51,24.28,23.5,24.28,24.28,8350.0
2022-03-17 04:00:00+00:00,23.62,23.9,23.62,23.63,23.63,4698.0
2022-03-18 04:00:00+00:00,23.18,23.75,23.18,23.65,23.65,2219.0
2022-03-21 04:00:00+00:00,23.51,23.51,23.01,23.01,23.01,1816.0
2022-03-22 04:00:00+00:00,23.16,23.16,22.98,22.98,22.98,3019.0
2022-03-23 04:00:00+00:00,22.97,23.19,22.9,22.9,22.9,2097.0
2022-03-24 04:00:00+00:00,23.13,23.23,23.13,23.23,23.23,1138.0
2022-03-25 04:00:00+00:00,23.36,23.6,23.33,23.56,23.56,2264.0
2022-03-28 04:00:00+00:00,23.4,23.67,23.4,23.67,23.67,1653.0
2022-03-29 04:00:00+00:00,24.8,24.81,24.62,24.79,24.79,1652.0
2022-03-30 04:00:00+00:00,24.92,24.92,24.52,24.52,24.52,1088.0
2022-03-31 04:00:00+00:00,24.94,25.04,24.53,24.53,24.53,1879.0
2022-04-01 04:00:00+00:00,24.81,24.89,24.78,24.87,24.87,1272.0
2022-04-04 04:00:00+00:00,24.75,25.01,24.71,24.87,24.87,1741.0
2022-04-05 04:00:00+00:00,25.36,25.47,25.14,25.25,25.25,2391.0
2022-04-06 04:00:00+00:00,24.87,25.09,24.87,24.95,24.95,3352.0
2022-04-07 04:00:00+00:00,25.53,25.83,25.45,25.83,25.83,2524.0
2022-04-08 04:00:00+00:00,25.95,25.95,25.48,25.5,25.5,1596.0
2022-04-11 04:00:00+00:00,25.45,25.65,25.01,25.01,25.01,1685.0
2022-04-12 04:00:00+00:00,25.61,25.62,25.24,25.36,25.36,1338.0
2022-04-13 04:00:00+00:00,25.63,26.17,25.63,26.11,26.11,2927.0
2022-04-14 04:00:00+00:00,26.07,26.77,26.03,26.75,26.75,8225.0
2022-04-18 04:00:00+00:00,26.71,26.81,25.96,25.96,25.96,3778.0
2022-04-19 04:00:00+00:00,25.87,26.1,25.87,26.1,26.1,1663.0
2022-04-20 04:00:00+00:00,25.54,25.54,25.12,25.22,25.22,1495.0
2022-04-21 04:00:00+00:00,25.18,25.22,24.66,24.71,24.71,2491.0
2022-04-22 04:00:00+00:00,23.98,24.01,23.66,23.66,23.66,1974.0
2022-04-25 04:00:00+00:00,23.58,23.96,23.58,23.96,23.96,1174.0
2022-04-26 04:00:00+00:00,22.62,22.64,22.62,22.64,22.64,1368.0
2022-04-27 04:00:00+00:00,22.9,23.08,22.74,22.75,22.75,4078.0
2022-04-28 04:00:00+00:00,21.79,21.81,20.72,21.29,21.29,4029.0
2022-04-29 04:00:00+00:00,21.89,21.99,21.04,21.08,21.08,2713.0
2022-05-02 04:00:00+00:00,20.63,21.1,20.63,21.1,21.1,1559.0
2022-05-03 04:00:00+00:00,21.33,22.09,21.24,22.08,22.08,2203.0
2022-05-04 04:00:00+00:00,22.18,23.11,22.05,23.11,23.11,2213.0
2022-05-05 04:00:00+00:00,22.02,22.02,21.04,21.04,21.04,1979.0
2022-05-06 04:00:00+00:00,20.62,20.69,20.33,20.67,20.67,1602.0
2022-05-09 04:00:00+00:00,20.07,20.07,19.16,19.16,19.16,4701.0
2022-05-10 04:00:00+00:00,20.29,20.97,20.29,20.61,20.61,4792.0
2022-05-11 04:00:00+00:00,21.04,21.5,20.92,20.96,20.96,2236.0
2022-05-12 04:00:00+00:00,21.57,21.7,21.28,21.58,21.58,2001.0
2022-05-13 04:00:00+00:00,22.0,22.17,21.95,22.17,22.17,1290.0
2022-05-16 04:00:00+00:00,22.68,23.02,22.23,22.9,22.9,4071.0
2022-05-17 04:00:00+00:00,23.08,23.26,22.69,22.71,22.71,4895.0
2022-05-18 04:00:00+00:00,21.6,21.6,20.21,20.33,20.33,2359.0
2022-05-19 04:00:00+00:00,20.08,21.54,20.08,21.46,21.46,3444.0
2022-05-20 04:00:00+00:00,16.62,16.89,16.11,16.43,16.43,11676.0
2022-05-23 04:00:00+00:00,16.34,16.8,16.34,16.7,16.7,2966.0
2022-05-24 04:00:00+00:00,16.33,16.45,15.86,16.45,16.45,2788.0
2022-05-25 04:00:00+00:00,16.64,17.29,16.64,17.29,17.29,3547.0
2022-05-26 04:00:00+00:00,17.57,17.64,17.3,17.53,17.53,3218.0
2022-05-27 04:00:00+00:00,16.78,17.25,16.58,17.05,17.05,8972.0
2022-05-31 04:00:00+00:00,16.38,16.43,16.3,16.42,16.42,5839.0
2022-06-01 04:00:00+00:00,16.02,16.02,15.61,15.76,15.76,11199.0
2022-06-02 04:00:00+00:00,16.13,16.13,15.71,15.89,15.89,7429.0
2022-06-03 04:00:00+00:00,15.86,15.86,15.7,15.82,15.82,2758.0
2022-06-06 04:00:00+00:00,16.23,16.65,16.22,16.65,16.65,11231.0
2022-06-07 04:00:00+00:00,16.17,16.62,16.03,16.61,16.61,4907.0
2022-06-08 04:00:00+00:00,16.91,17.19,16.56,17.12,17.12,7975.0
2022-06-09 04:00:00+00:00,16.77,16.77,16.36,16.5,16.5,18432.0
2022-06-10 04:00:00+00:00,15.83,16.13,15.66,16.08,16.08,6258.0
2022-06-13 04:00:00+00:00,15.43,15.43,14.89,15.03,15.03,16879.0
2022-06-14 04:00:00+00:00,14.89,14.89,14.63,14.75,14.75,13744.0
2022-06-15 04:00:00+00:00,14.74,15.12,14.74,14.97,14.97,19734.0
2022-06-16 04:00:00+00:00,14.48,14.64,14.02,14.24,14.24,14439.0
2022-06-17 04:00:00+00:00,14.4,14.51,14.3,14.47,14.47,8947.0
2022-06-21 04:00:00+00:00,14.65,14.85,14.65,14.72,14.72,11357.0
2022-06-22 04:00:00+00:00,14.78,15.03,14.67,14.9,14.9,16677.0
2022-06-23 04:00:00+00:00,14.7,14.74,14.2,14.35,14.35,23925.0
2022-06-24 04:00:00+00:00,14.61,14.94,14.61,14.88,14.88,15292.0
2022-06-27 04:00:00+00:00,14.73,14.93,14.72,14.83,14.83,42236.0
2022-06-28 04:00:00+00:00,15.11,15.16,14.6,14.66,14.66,22359.0
2022-06-29 04:00:00+00:00,14.3,14.39,14.09,14.14,14.14,8462.0
2022-06-30 04:00:00+00:00,13.69,13.94,13.65,13.88,13.88,9991.0
2022-07-01 04:00:00+00:00,14.0,14.27,13.99,14.26,14.26,22392.0
2022-07-05 04:00:00+00:00,13.67,13.79,13.54,13.79,13.79,3285.0
2022-07-06 04:00:00+00:00,13.59,13.79,13.59,13.69,13.69,2502.0
2022-07-07 04:00:00+00:00,13.94,13.98,13.93,13.98,13.98,2127.0
2022-07-08 04:00:00+00:00,13.96,13.96,13.93,13.93,13.93,631.0
2022-07-11 04:00:00+00:00,13.53,13.54,13.23,13.24,13.24,8095.0
2022-07-12 04:00:00+00:00,13.53,13.77,13.51,13.51,13.51,4093.0
2022-07-13 04:00:00+00:00,13.07,13.16,13.01,13.05,13.05,6948.0
2022-07-14 04:00:00+00:00,12.53,12.63,12.46,12.54,12.54,2793.0
2022-07-15 04:00:00+00:00,12.71,12.89,12.71,12.81,12.81,2015.0
2022-07-18 04:00:00+00:00,13.27,13.35,13.09,13.1,13.1,1306.0
2022-07-19 04:00:00+00:00,13.33,13.49,13.29,13.49,13.49,2621.0
2022-07-20 04:00:00+00:00,13.42,13.42,13.32,13.36,13.36,4488.0
2022-07-21 04:00:00+00:00,12.94,12.98,12.81,12.95,12.95,3476.0
2022-07-22 04:00:00+00:00,13.16,13.22,13.01,13.15,13.15,3901.0
2022-07-25 04:00:00+00:00,13.52,13.64,13.38,13.58,13.58,4708.0
2022-07-26 04:00:00+00:00,13.28,13.28,12.94,12.99,12.99,7014.0
2022-07-27 04:00:00+00:00,13.34,13.4,13.17,13.39,13.39,3385.0
2022-07-28 04:00:00+00:00,14.38,14.76,14.34,14.71,14.71,10397.0
2022-07-29 04:00:00+00:00,14.92,15.31,14.91,15.28,15.28,4757.0
2022-08-01 04:00:00+00:00,14.81,14.81,14.66,14.79,14.79,11587.0
2022-08-02 04:00:00+00:00,14.26,14.34,14.18,14.18,14.18,3978.0
2022-08-03 04:00:00+00:00,14.72,14.79,14.63,14.68,14.68,5643.0
2022-08-04 04:00:00+00:00,14.65,14.8,14.65,14.69,14.69,3602.0
2022-08-05 04:00:00+00:00,14.64,14.72,14.62,14.72,14.72,1495.0
2022-08-08 04:00:00+00:00,14.83,14.84,14.81,14.81,14.81,967.0
2022-08-09 04:00:00+00:00,14.76,14.76,14.59,14.59,14.59,1715.0
2022-08-10 04:00:00+00:00,15.07,15.11,15.04,15.1,15.1,914.0
2022-08-11 04:00:00+00:00,15.45,15.45,15.35,15.36,15.36,1576.0
2022-08-12 04:00:00+00:00,15.43,15.55,15.43,15.5,15.5,2279.0
2022-08-15 04:00:00+00:00,14.98,15.11,14.98,15.04,15.04,1404.0
2022-08-16 04:00:00+00:00,15.2,15.49,15.2,15.41,15.41,1413.0
2022-08-17 04:00:00+00:00,15.12,15.13,15.02,15.08,15.08,4160.0
2022-08-18 04:00:00+00:00,15.16,15.17,15.13,15.17,15.17,1142.0
2022-08-19 04:00:00+00:00,14.96,15.12,14.94,15.07,15.07,2994.0
2022-08-22 04:00:00+00:00,14.79,14.79,14.65,14.65,14.65,1225.0
2022-08-23 04:00:00+00:00,14.89,14.93,14.86,14.9,14.9,1833.0
2022-08-24 04:00:00+00:00,14.98,14.98,14.82,14.94,14.94,2440.0
2022-08-25 04:00:00+00:00,15.04,15.12,14.98,15.12,15.12,2414.0
2022-08-26 04:00:00+00:00,15.12,15.17,14.65,14.67,14.67,3899.0
2022-08-29 04:00:00+00:00,13.62,13.83,13.62,13.72,13.72,4790.0
2022-08-30 04:00:00+00:00,14.04,14.04,13.97,13.97,13.97,2112.0
2022-08-31 04:00:00+00:00,13.74,13.8,13.71,13.71,13.71,2452.0
2022-09-01 04:00:00+00:00,12.95,13.02,12.69,13.02,13.02,4863.0
2022-09-02 04:00:00+00:00,12.94,13.03,12.65,12.68,12.68,4531.0
2022-09-06 04:00:00+00:00,12.8,12.82,12.63,12.66,12.66,2163.0
2022-09-07 04:00:00+00:00,12.94,13.1,12.94,13.09,13.09,2773.0
2022-09-08 04:00:00+00:00,12.47,12.6,12.44,12.51,12.51,3795.0
2022-09-09 04:00:00+00:00,12.71,12.73,12.65,12.73,12.73,4159.0
2022-09-12 04:00:00+00:00,13.05,13.08,13.03,13.03,13.03,3792.0
2022-09-13 04:00:00+00:00,12.38,12.46,12.23,12.27,12.27,8279.0
2022-09-14 04:00:00+00:00,12.11,12.38,12.08,12.38,12.38,7666.0
2022-09-15 04:00:00+00:00,12.02,12.33,12.02,12.1,12.1,14199.0
2022-09-16 04:00:00+00:00,11.82,12.05,11.8,12.03,12.03,7930.0
2022-09-19 04:00:00+00:00,11.86,12.13,11.86,12.13,12.13,8280.0
2022-09-20 04:00:00+00:00,11.58,11.75,11.57,11.72,11.72,22425.0
2022-09-21 04:00:00+00:00,11.8,11.88,11.75,11.77,11.77,4376.0
2022-09-22 04:00:00+00:00,11.95,11.98,11.87,11.98,11.98,11196.0
2022-09-23 04:00:00+00:00,11.51,11.56,11.4,11.55,11.55,13947.0
2022-09-26 04:00:00+00:00,11.34,11.38,11.18,11.21,11.21,13215.0
2022-09-27 04:00:00+00:00,11.25,11.29,11.07,11.13,11.13,9417.0
2022-09-28 04:00:00+00:00,11.44,11.63,11.44,11.56,11.56,4445.0
2022-09-29 04:00:00+00:00,11.2,11.21,11.05,11.09,11.09,12623.0
2022-09-30 04:00:00+00:00,11.0,11.12,10.99,11.03,11.03,5210.0
2022-10-03 04:00:00+00:00,11.45,11.72,11.45,11.6,11.6,7052.0
2022-10-04 04:00:00+00:00,11.95,12.09,11.95,11.99,11.99,5104.0
2022-10-05 04:00:00+00:00,11.45,11.65,11.25,11.57,11.57,8228.0
2022-10-06 04:00:00+00:00,11.51,11.52,11.4,11.46,11.46,2129.0
2022-10-07 04:00:00+00:00,11.1,11.15,11.01,11.07,11.07,6858.0
2022-10-10 04:00:00+00:00,11.16,11.32,11.15,11.22,11.22,2688.0
2022-10-11 04:00:00+00:00,11.1,11.3,11.06,11.06,11.06,1932.0
2022-10-12 04:00:00+00:00,10.96,11.06,10.94,10.99,10.99,3666.0
2022-10-13 04:00:00+00:00,10.81,11.53,10.81,11.38,11.38,10690.0
2022-10-14 04:00:00+00:00,11.39,11.39,11.22,11.25,11.25,10617.0
2022-10-17 04:00:00+00:00,11.38,11.56,11.38,11.43,11.43,6551.0
2022-10-18 04:00:00+00:00,11.59,11.59,11.31,11.34,11.34,1593.0
2022-10-19 04:00:00+00:00,11.09,11.18,10.93,10.96,10.96,8368.0
2022-10-20 04:00:00+00:00,10.81,10.94,10.64,10.66,10.66,7624.0
2022-10-21 04:00:00+00:00,10.28,10.67,10.28,10.63,10.63,8791.0
2022-10-24 04:00:00+00:00,10.47,10.6,10.47,10.52,10.52,7163.0
2022-10-25 04:00:00+00:00,10.85,10.85,10.76,10.81,10.81,4090.0
2022-10-26 04:00:00+00:00,10.84,10.96,10.81,10.83,10.83,6428.0
2022-10-27 04:00:00+00:00,9.964,10.4,9.901,10.21,10.21,9789.0
2022-10-28 04:00:00+00:00,10.18,10.54,10.18,10.46,10.46,2834.0
2022-10-31 04:00:00+00:00,10.43,10.6,10.43,10.59,10.59,6355.0
2022-11-01 04:00:00+00:00,10.92,11.04,10.82,11.04,11.04,3499.0
2022-11-02 04:00:00+00:00,11.01,11.27,10.98,11.01,11.01,16289.0
2022-11-03 04:00:00+00:00,10.79,11.05,10.75,11.0,11.0,11114.0
2022-11-04 04:00:00+00:00,11.4,11.4,11.3,11.4,11.4,3760.0
2022-11-07 05:00:00+00:00,12.72,12.72,12.39,12.47,12.47,5186.0
2022-11-08 05:00:00+00:00,12.36,12.36,12.15,12.24,12.24,3344.0
2022-11-09 05:00:00+00:00,12.3,12.3,12.11,12.11,12.11,2116.0
2022-11-10 05:00:00+00:00,12.61,12.77,12.57,12.58,12.58,4145.0
2022-11-11 05:00:00+00:00,13.02,13.03,12.7,12.8,12.8,12112.0
2022-11-14 05:00:00+00:00,13.09,13.27,13.09,13.09,13.09,3197.0
2022-11-15 05:00:00+00:00,13.21,13.22,12.8,12.86,12.86,3046.0
2022-11-16 05:00:00+00:00,12.81,12.92,12.68,12.68,12.68,2020.0
2022-11-17 05:00:00+00:00,12.84,12.84,12.63,12.66,12.66,5565.0
2022-11-18 05:00:00+00:00,13.12,13.23,12.95,13.03,13.03,10934.0
2022-11-21 05:00:00+00:00,12.83,12.92,12.83,12.91,12.91,3223.0
2022-11-22 05:00:00+00:00,12.94,12.98,12.84,12.84,12.84,2854.0
2022-11-23 05:00:00+00:00,13.14,13.18,13.06,13.12,13.12,7745.0
2022-11-25 05:00:00+00:00,13.45,13.55,13.41,13.48,13.48,3837.0
2022-11-28 05:00:00+00:00,13.24,13.24,13.11,13.13,13.13,4377.0
2022-11-29 05:00:00+00:00,13.09,13.09,12.87,12.95,12.95,5106.0
2022-11-30 05:00:00+00:00,12.9,13.12,12.82,13.09,13.09,8246.0
2022-12-01 05:00:00+00:00,13.19,13.3,13.11,13.29,13.29,6893.0
2022-12-02 05:00:00+00:00,13.1,13.26,13.1,13.19,13.19,6503.0
2022-12-05 05:00:00+00:00,13.21,13.27,13.19,13.27,13.27,6659.0
2022-12-06 05:00:00+00:00,13.0,13.0,12.81,12.88,12.88,4907.0
2022-12-07 05:00:00+00:00,12.69,12.79,12.61,12.62,12.62,3933.0
2022-12-08 05:00:00+00:00,12.68,12.7,12.6,12.62,12.62,2096.0
2022-12-09 05:00:00+00:00,12.62,12.91,12.62,12.79,12.79,3788.0
2022-12-12 05:00:00+00:00,13.1,13.12,12.96,12.99,12.99,3036.0
2022-12-13 05:00:00+00:00,13.72,13.77,13.38,13.41,13.41,5275.0
2022-12-14 05:00:00+00:00,13.46,13.58,13.28,13.38,13.38,4969.0
2022-12-15 05:00:00+00:00,13.4,13.47,12.86,12.9,12.9,12664.0
2022-12-16 05:00:00+00:00,12.53,12.74,12.5,12.74,12.74,3409.0
2022-12-19 05:00:00+00:00,12.53,12.53,12.36,12.42,12.42,9123.0
2022-12-20 05:00:00+00:00,12.27,12.56,12.27,12.49,12.49,4166.0
2022-12-21 05:00:00+00:00,12.53,12.61,12.44,12.46,12.46,7863.0
2022-12-22 05:00:00+00:00,12.35,12.37,11.92,12.14,12.14,8824.0
2022-12-23 05:00:00+00:00,12.14,12.47,12.14,12.47,12.47,4155.0
2022-12-27 05:00:00+00:00,12.45,12.55,12.45,12.47,12.47,3082.0
2022-12-28 05:00:00+00:00,12.49,12.49,12.2,12.22,12.22,8870.0
2022-12-29 05:00:00+00:00,12.47,12.54,12.41,12.44,12.44,5055.0
2022-12-30 05:00:00+00:00,12.32,12.41,12.12,12.2,12.2,4171.0
2023-01-03 05:00:00+00:00,12.53,12.64,12.49,12.61,12.61,2143.0
2023-01-04 05:00:00+00:00,12.87,12.89,12.85,12.87,12.87,1810.0
2023-01-05 05:00:00+00:00,12.71,12.95,12.71,12.88,12.88,4688.0
2023-01-06 05:00:00+00:00,12.93,13.1,12.93,13.07,13.07,3853.0
2023-01-09 05:00:00+00:00,13.56,13.56,13.33,13.33,13.33,3449.0
2023-01-10 05:00:00+00:00,13.17,13.22,13.16,13.22,13.22,1537.0
2023-01-11 05:00:00+00:00,13.39,13.49,13.36,13.49,13.49,2126.0
2023-01-12 05:00:00+00:00,13.76,14.06,13.76,13.99,13.99,9471.0
2023-01-13 05:00:00+00:00,13.97,13.98,13.87,13.89,13.89,2605.0
2023-01-17 05:00:00+00:00,14.44,14.62,14.39,14.4,14.4,6389.0
2023-01-18 05:00:00+00:00,14.33,14.37,14.18,14.19,14.19,1630.0
2023-01-19 05:00:00+00:00,13.98,14.01,13.79,13.96,13.96,5646.0
2023-01-20 05:00:00+00:00,13.97,14.07,13.94,14.07,14.07,1801.0
2023-01-23 05:00:00+00:00,14.2,14.33,14.2,14.33,14.33,1539.0
2023-01-24 05:00:00+00:00,14.27,14.47,14.27,14.35,14.35,2711.0
2023-01-25 05:00:00+00:00,16.86,17.7,16.3,17.69,17.69,56700.0
2023-01-26 05:00:00+00:00,16.78,16.88,16.46,16.82,16.82,19868.0
2023-01-27 05:00:00+00:00,16.75,16.91,16.63,16.8,16.8,13307.0
2023-01-30 05:00:00+00:00,16.61,16.76,16.57,16.76,16.76,13698.0
2023-01-31 05:00:00+00:00,16.33,16.56,16.33,16.42,16.42,2035.0
2023-02-01 05:00:00+00:00,16.45,16.84,16.33,16.78,16.78,6920.0
2023-02-02 05:00:00+00:00,16.51,16.66,16.38,16.52,16.52,4745.0
2023-02-03 05:00:00+00:00,16.23,16.3,15.9,15.91,15.91,3481.0
2023-02-06 05:00:00+00:00,16.08,16.08,15.92,16.02,16.02,3759.0
2023-02-07 05:00:00+00:00,16.37,16.37,16.06,16.31,16.31,2364.0
2023-02-08 05:00:00+00:00,18.2,18.4,17.51,18.08,18.08,18133.0
2023-02-09 05:00:00+00:00,18.51,18.62,17.88,17.97,17.97,6322.0
2023-02-10 05:00:00+00:00,18.28,18.37,17.92,17.99,17.99,4289.0
2023-02-13 05:00:00+00:00,20.02,20.02,18.93,19.88,19.88,8684.0
2023-02-14 05:00:00+00:00,19.67,20.3,19.49,19.93,19.93,13829.0
2023-02-15 05:00:00+00:00,18.7,19.14,18.65,19.12,19.12,6623.0
2023-02-16 05:00:00+00:00,18.48,18.55,17.96,18.2,18.2,2715.0
2023-02-17 05:00:00+00:00,18.41,19.04,18.36,18.95,18.95,4740.0
2023-02-21 05:00:00+00:00,18.72,18.87,18.72,18.79,18.79,2001.0
2023-02-22 05:00:00+00:00,18.37,18.37,18.18,18.29,18.29,2313.0
2023-02-23 05:00:00+00:00,18.26,18.27,18.1,18.15,18.15,3781.0
2023-02-24 05:00:00+00:00,18.76,18.86,18.08,18.48,18.48,8397.0
2023-02-27 05:00:00+00:00,18.76,18.92,18.73,18.84,18.84,4326.0
2023-02-28 05:00:00+00:00,19.18,19.18,19.01,19.11,19.11,2032.0
2023-03-01 05:00:00+00:00,18.86,18.87,18.7,18.7,18.7,2011.0
2023-03-02 05:00:00+00:00,18.58,18.6,18.46,18.46,18.46,3084.0
2023-03-03 05:00:00+00:00,18.62,18.68,18.55,18.65,18.65,4111.0
2023-03-06 05:00:00+00:00,18.71,18.74,18.57,18.58,18.58,1837.0
2023-03-07 05:00:00+00:00,18.67,18.67,18.16,18.2,18.2,3757.0
2023-03-08 05:00:00+00:00,18.41,18.43,18.3,18.36,18.36,1946.0
2023-03-09 05:00:00+00:00,18.44,18.49,18.29,18.29,18.29,921.0
2023-03-10 05:00:00+00:00,17.79,17.79,17.75,17.75,17.75,1904.0
2023-03-13 04:00:00+00:00,17.66,17.86,17.56,17.65,17.65,2959.0
2023-03-14 04:00:00+00:00,18.36,18.52,18.29,18.29,18.29,1445.0
2023-03-15 04:00:00+00:00,17.43,17.56,17.38,17.56,17.56,1443.0
2023-03-16 04:00:00+00:00,16.72,16.91,16.6,16.73,16.73,1546.0
2023-03-17 04:00:00+00:00,17.34,17.62,17.34,17.62,17.62,1414.0
2023-03-20 04:00:00+00:00,17.75,17.75,17.75,17.75,17.75,0.0
2023-03-21 04:00:00+00:00,17.79,17.8,17.71,17.8,17.8,723.0
2023-03-22 04:00:00+00:00,17.95,17.95,17.73,17.73,17.73,203.0
2023-03-23 04:00:00+00:00,17.54,17.54,17.54,17.54,17.54,347.0
2023-03-24 04:00:00+00:00,16.85,16.87,16.79,16.84,16.84,3198.0
2023-03-27 04:00:00+00:00,17.37,17.42,17.32,17.42,17.42,2007.0
2023-03-28 04:00:00+00:00,17.54,17.54,17.44,17.45,17.45,2146.0
2023-03-29 04:00:00+00:00,17.56,17.78,17.56,17.76,17.76,2161.0
2023-03-30 04:00:00+00:00,18.06,18.06,18.02,18.03,18.03,587.0
2023-03-31 04:00:00+00:00,18.3,18.3,18.2,18.23,18.23,915.0
2023-04-03 04:00:00+00:00,18.09,18.11,18.06,18.07,18.07,2355.0
2023-04-04 04:00:00+00:00,18.0,18.0,17.76,17.79,17.79,1444.0
2023-04-05 04:00:00+00:00,17.65,17.73,17.65,17.72,17.72,799.0
2023-04-06 04:00:00+00:00,17.88,17.88,17.81,17.81,17.81,816.0
2023-04-10 04:00:00+00:00,17.59,17.61,17.59,17.61,17.61,336.0
2023-04-11 04:00:00+00:00,17.9,18.15,17.9,18.09,18.09,492.0
2023-04-12 04:00:00+00:00,18.72,18.76,18.72,18.76,18.76,903.0
2023-04-13 04:00:00+00:00,18.75,18.79,18.73,18.75,18.75,1751.0
2023-04-14 04:00:00+00:00,18.89,18.89,18.79,18.85,18.85,678.0
2023-04-17 04:00:00+00:00,19.01,19.07,19.01,19.07,19.07,264.0
2023-04-18 04:00:00+00:00,19.03,19.03,18.91,18.91,18.91,405.0
2023-04-19 04:00:00+00:00,18.95,18.97,18.95,18.97,18.97,475.0
2023-04-20 04:00:00+00:00,19.12,19.16,19.11,19.16,19.16,845.0
2023-04-21 04:00:00+00:00,19.23,19.36,19.23,19.33,19.33,1077.0
2023-04-24 04:00:00+00:00,17.75,17.75,17.75,17.75,17.75,0.0
2023-04-25 04:00:00+00:00,18.93,18.93,18.93,18.93,18.93,333.0
2023-04-26 04:00:00+00:00,18.75,18.75,18.49,18.49,18.49,1227.0
2023-04-27 04:00:00+00:00,17.04,17.37,16.8,17.37,17.37,4160.0
2023-04-28 04:00:00+00:00,17.37,17.41,17.2,17.3,17.3,2919.0
2023-05-01 04:00:00+00:00,17.15,17.15,17.11,17.15,17.15,1016.0
2023-05-02 04:00:00+00:00,16.99,16.99,16.7,16.81,16.81,3570.0
2023-05-03 04:00:00+00:00,16.53,16.71,16.49,16.49,16.49,2507.0
2023-05-04 04:00:00+00:00,16.66,17.0,16.66,16.88,16.88,2100.0
2023-05-05 04:00:00+00:00,17.45,17.49,17.45,17.46,17.46,431.0
2023-05-08 04:00:00+00:00,17.33,17.41,17.32,17.38,17.38,418.0
2023-05-09 04:00:00+00:00,17.46,17.46,17.15,17.24,17.24,814.0
2023-05-10 04:00:00+00:00,17.99,17.99,17.81,17.95,17.95,1065.0
2023-05-11 04:00:00+00:00,17.65,17.65,17.59,17.59,17.59,1421.0
2023-05-12 04:00:00+00:00,17.18,17.39,17.14,17.25,17.25,10232.0
2023-05-15 04:00:00+00:00,17.48,17.81,17.48,17.8,17.8,761.0
2023-05-16 04:00:00+00:00,17.75,17.75,17.75,17.75,17.75,0.0
2023-05-17 04:00:00+00:00,17.07,17.08,16.88,17.07,17.07,1798.0
2023-05-18 04:00:00+00:00,16.99,17.08,16.98,17.08,17.08,975.0
2023-05-19 04:00:00+00:00,17.75,17.75,17.75,17.75,17.75,0.0
2023-05-22 04:00:00+00:00,17.51,17.51,17.51,17.51,17.51,355.0
2023-05-23 04:00:00+00:00,17.95,18.14,17.95,17.99,17.99,591.0
2023-05-24 04:00:00+00:00,17.75,17.75,17.75,17.75,17.75,0.0
2023-05-25 04:00:00+00:00,17.31,17.31,17.3,17.3,17.3,317.0
2023-05-26 04:00:00+00:00,17.75,17.75,17.75,17.75,17.75,0.0
2023-05-30 04:00:00+00:00,16.67,16.67,16.2,16.3,16.3,3501.0
2023-05-31 04:00:00+00:00,16.15,16.25,16.15,16.18,16.18,783.0
2023-06-01 04:00:00+00:00,15.8,16.06,15.67,16.01,16.01,2930.0
2023-06-02 04:00:00+00:00,16.5,16.92,16.46,16.67,16.67,1645.0
2023-06-05 04:00:00+00:00,16.29,16.41,16.2,16.35,16.35,1251.0
2023-06-06 04:00:00+00:00,16.35,16.35,16.35,16.35,16.35,0.0
2023-06-07 04:00:00+00:00,16.35,16.42,16.35,16.35,16.35,406.0
2023-06-08 04:00:00+00:00,15.99,16.16,15.99,16.16,16.16,572.0
2023-06-09 04:00:00+00:00,16.15,16.15,16.15,16.15,16.15,237.0
2023-06-12 04:00:00+00:00,16.15,16.15,16.15,16.15,16.15,0.0
2023-06-13 04:00:00+00:00,16.15,16.15,16.15,16.15,16.15,0.0
2023-06-14 04:00:00+00:00,16.15,16.15,16.15,16.15,16.15,0.0
2023-06-15 04:00:00+00:00,16.61,16.61,16.61,16.61,16.61,248.0
2023-06-16 04:00:00+00:00,16.06,16.34,16.06,16.28,16.28,3194.0
2023-06-20 04:00:00+00:00,15.85,16.04,15.56,16.04,16.04,4775.0
2023-06-21 04:00:00+00:00,15.67,15.75,15.66,15.66,15.66,2786.0
2023-06-22 04:00:00+00:00,15.63,15.75,15.6,15.75,15.75,1997.0
2023-06-23 04:00:00+00:00,15.72,15.75,15.65,15.75,15.75,2520.0
2023-06-26 04:00:00+00:00,15.73,15.89,15.66,15.83,15.83,2858.0
2023-06-27 04:00:00+00:00,15.68,16.0,15.68,15.97,15.97,3410.0
2023-06-28 04:00:00+00:00,15.9,16.01,14.47,14.89,14.89,36043.0
2023-06-29 04:00:00+00:00,14.29,14.66,14.29,14.51,14.51,1871.0
2023-06-30 04:00:00+00:00,14.71,14.85,14.7,14.72,14.72,1662.0
2023-07-03 04:00:00+00:00,15.15,15.15,15.15,15.15,15.15,561.0
2023-07-05 04:00:00+00:00,15.18,15.28,15.18,15.26,15.26,2719.0
2023-07-06 04:00:00+00:00,15.11,15.11,14.89,15.05,15.05,5856.0
2023-07-07 04:00:00+00:00,15.05,15.37,15.05,15.34,15.34,631.0
2023-07-10 04:00:00+00:00,15.32,15.32,15.22,15.22,15.22,1916.0
2023-07-11 04:00:00+00:00,15.46,15.56,15.46,15.49,15.49,2532.0
2023-07-12 04:00:00+00:00,16.03,16.15,16.03,16.15,16.15,1662.0
2023-07-13 04:00:00+00:00,16.46,16.6,16.46,16.57,16.57,1054.0
2023-07-14 04:00:00+00:00,16.57,16.57,16.57,16.57,16.57,0.0
2023-07-17 04:00:00+00:00,16.14,16.15,16.07,16.15,16.15,1279.0
2023-07-18 04:00:00+00:00,16.34,16.52,16.34,16.48,16.48,2202.0
2023-07-19 04:00:00+00:00,16.33,16.38,16.33,16.38,16.38,314.0
2023-07-20 04:00:00+00:00,16.21,16.21,16.1,16.13,16.13,2504.0
2023-07-21 04:00:00+00:00,15.97,16.07,15.97,16.07,16.07,1508.0
2023-07-24 04:00:00+00:00,16.28,16.33,16.27,16.33,16.33,1286.0
2023-07-25 04:00:00+00:00,16.3,16.3,16.3,16.3,16.3,606.0
2023-07-26 04:00:00+00:00,16.12,16.24,16.12,16.22,16.22,1448.0
2023-07-27 04:00:00+00:00,15.03,15.2,14.99,14.99,14.99,6972.0
2023-07-28 04:00:00+00:00,15.01,15.33,15.01,15.18,15.18,1836.0
2023-07-31 04:00:00+00:00,14.94,15.13,14.88,15.12,15.12,2623.0
2023-08-01 04:00:00+00:00,14.96,14.96,14.88,14.93,14.93,901.0
2023-08-02 04:00:00+00:00,14.9,15.15,14.9,15.15,15.15,2085.0
2023-08-03 04:00:00+00:00,15.46,15.46,15.42,15.45,15.45,2176.0
2023-08-04 04:00:00+00:00,15.87,16.04,15.84,15.84,15.84,3759.0
2023-08-07 04:00:00+00:00,15.68,15.87,15.68,15.87,15.87,1559.0
2023-08-08 04:00:00+00:00,15.45,15.68,15.45,15.66,15.66,1696.0
2023-08-09 04:00:00+00:00,15.66,15.92,15.66,15.91,15.91,18593.0
2023-08-10 04:00:00+00:00,15.87,15.88,15.65,15.7,15.7,13317.0
2023-08-11 04:00:00+00:00,15.61,15.68,15.57,15.67,15.67,3547.0
2023-08-14 04:00:00+00:00,15.79,15.85,15.79,15.84,15.84,2435.0
2023-08-15 04:00:00+00:00,15.12,15.15,15.12,15.13,15.13,872.0
2023-08-16 04:00:00+00:00,15.35,15.43,15.32,15.32,15.32,3696.0
2023-08-17 04:00:00+00:00,15.2,15.2,15.05,15.05,15.05,1017.0
2023-08-18 04:00:00+00:00,14.81,14.97,14.81,14.97,14.97,663.0
2023-08-21 04:00:00+00:00,14.82,14.83,14.78,14.83,14.83,1208.0
2023-08-22 04:00:00+00:00,14.57,14.62,14.53,14.62,14.62,507.0
2023-08-23 04:00:00+00:00,14.72,14.72,14.64,14.64,14.64,3119.0
2023-08-24 04:00:00+00:00,14.65,14.68,14.65,14.68,14.68,548.0
2023-08-25 04:00:00+00:00,14.77,14.77,14.68,14.73,14.73,1291.0
2023-08-28 04:00:00+00:00,15.16,15.19,15.16,15.17,15.17,1043.0
2023-08-29 04:00:00+00:00,15.26,15.41,15.25,15.39,15.39,1321.0
2023-08-30 04:00:00+00:00,15.57,15.61,15.57,15.59,15.59,696.0
2023-08-31 04:00:00+00:00,15.36,15.37,15.36,15.37,15.37,1286.0
2023-09-01 04:00:00+00:00,15.14,15.14,15.14,15.14,15.14,544.0
2023-09-05 04:00:00+00:00,15.2,15.2,15.17,15.18,15.18,666.0
2023-09-06 04:00:00+00:00,15.19,15.19,15.02,15.02,15.02,771.0
2023-09-07 04:00:00+00:00,14.99,14.99,14.89,14.91,14.91,1309.0
2023-09-08 04:00:00+00:00,15.11,15.11,14.94,14.97,14.97,977.0
2023-09-11 04:00:00+00:00,14.97,14.97,14.97,14.97,14.97,0.0
2023-09-12 04:00:00+00:00,15.41,15.41,15.34,15.37,15.37,1417.0
2023-09-13 04:00:00+00:00,15.54,15.54,15.5,15.53,15.53,1628.0
2023-09-14 04:00:00+00:00,15.6,15.72,15.5,15.55,15.55,1444.0
2023-09-15 04:00:00+00:00,15.4,15.4,15.21,15.23,15.23,3997.0
2023-09-18 04:00:00+00:00,15.05,15.12,15.05,15.09,15.09,1631.0
2023-09-19 04:00:00+00:00,15.14,15.14,15.01,15.09,15.09,2493.0
2023-09-20 04:00:00+00:00,15.64,15.86,15.64,15.73,15.73,2449.0
2023-09-21 04:00:00+00:00,15.5,15.5,15.39,15.4,15.4,1210.0
2023-09-22 04:00:00+00:00,15.41,15.48,15.35,15.35,15.35,1002.0
2023-09-25 04:00:00+00:00,15.29,15.3,15.29,15.3,15.3,509.0
2023-09-26 04:00:00+00:00,14.97,15.02,14.97,15.02,15.02,642.0
2023-09-27 04:00:00+00:00,14.9,14.9,14.84,14.85,14.85,1221.0
2023-09-28 04:00:00+00:00,14.94,14.94,14.9,14.9,14.9,491.0
2023-09-29 04:00:00+00:00,14.98,14.98,14.93,14.94,14.94,1257.0
2023-10-02 04:00:00+00:00,14.95,14.95,14.87,14.87,14.87,1636.0
2023-10-03 04:00:00+00:00,14.46,14.47,14.27,14.27,14.27,1747.0
2023-10-04 04:00:00+00:00,14.55,14.55,14.3,14.42,14.42,3349.0
2023-10-05 04:00:00+00:00,14.74,14.9,14.73,14.89,14.89,3538.0
2023-10-06 04:00:00+00:00,14.77,15.02,14.77,15.01,15.01,665.0
2023-10-09 04:00:00+00:00,14.76,14.76,14.76,14.76,14.76,336.0
2023-10-10 04:00:00+00:00,15.21,15.26,15.17,15.26,15.26,1828.0
2023-10-11 04:00:00+00:00,15.38,15.38,15.29,15.31,15.31,794.0
2023-10-12 04:00:00+00:00,15.06,15.06,14.73,14.78,14.78,8008.0
2023-10-13 04:00:00+00:00,14.69,14.69,14.69,14.69,14.69,325.0
2023-10-16 04:00:00+00:00,15.17,15.32,15.17,15.31,15.31,943.0
2023-10-17 04:00:00+00:00,15.02,15.05,15.02,15.05,15.05,984.0
2023-10-18 04:00:00+00:00,14.95,14.97,14.89,14.9,14.9,842.0
2023-10-19 04:00:00+00:00,14.76,14.76,14.76,14.76,14.76,549.0
2023-10-20 04:00:00+00:00,14.63,14.63,14.47,14.5,14.5,899.0
2023-10-23 04:00:00+00:00,14.26,14.42,14.26,14.4,14.4,520.0
2023-10-24 04:00:00+00:00,14.39,14.39,14.34,14.35,14.35,671.0
2023-10-25 04:00:00+00:00,14.13,14.15,14.13,14.15,14.15,943.0
2023-10-26 04:00:00+00:00,14.49,14.59,14.49,14.55,14.55,2275.0
2023-10-27 04:00:00+00:00,14.85,14.85,14.81,14.81,14.81,1379.0
2023-10-30 04:00:00+00:00,14.85,15.02,14.74,14.97,14.97,2291.0
2023-10-31 04:00:00+00:00,15.12,15.24,15.12,15.2,15.2,1853.0
2023-11-01 04:00:00+00:00,15.25,15.26,15.13,15.14,15.14,4098.0
2023-11-02 04:00:00+00:00,15.49,15.7,15.49,15.7,15.7,2453.0
2023-11-03 04:00:00+00:00,16.21,16.26,16.12,16.16,16.16,2843.0
2023-11-06 05:00:00+00:00,16.09,16.09,15.88,15.88,15.88,2195.0
2023-11-07 05:00:00+00:00,15.6,15.6,15.53,15.53,15.53,335.0
2023-11-08 05:00:00+00:00,15.61,15.61,15.61,15.61,15.61,232.0
2023-11-09 05:00:00+00:00,15.7,15.76,15.48,15.48,15.48,518.0
2023-11-10 05:00:00+00:00,15.49,15.7,15.49,15.69,15.69,1648.0
2023-11-13 05:00:00+00:00,15.52,15.52,15.52,15.52,15.52,214.0
2023-11-14 05:00:00+00:00,16.04,16.14,16.04,16.11,16.11,562.0
2023-11-15 05:00:00+00:00,16.11,16.11,16.11,16.11,16.11,0.0
2023-11-16 05:00:00+00:00,16.11,16.11,16.11,16.11,16.11,0.0
2023-11-17 05:00:00+00:00,16.0,16.14,16.0,16.14,16.14,901.0
2023-11-20 05:00:00+00:00,16.36,16.37,16.33,16.33,16.33,2163.0
2023-11-21 05:00:00+00:00,15.96,15.97,15.51,15.76,15.76,3878.0
2023-11-22 05:00:00+00:00,15.88,15.95,15.86,15.88,15.88,2930.0
2023-11-24 05:00:00+00:00,16.51,16.74,16.48,16.71,16.71,4577.0
2023-11-27 05:00:00+00:00,16.71,16.71,16.71,16.71,16.71,0.0
2023-11-28 05:00:00+00:00,16.45,16.47,16.44,16.47,16.47,699.0
2023-11-29 05:00:00+00:00,16.63,16.63,16.62,16.62,16.62,537.0
2023-11-30 05:00:00+00:00,16.36,16.38,16.29,16.29,16.29,802.0
2023-12-01 05:00:00+00:00,16.25,16.63,16.25,16.62,16.62,2441.0
2023-12-04 05:00:00+00:00,16.65,16.66,16.51,16.55,16.55,1655.0
2023-12-05 05:00:00+00:00,15.75,15.75,15.55,15.55,15.55,1556.0
2023-12-06 05:00:00+00:00,15.98,16.0,15.98,16.0,16.0,928.0
2023-12-07 05:00:00+00:00,16.0,16.0,16.0,16.0,16.0,0.0
2023-12-08 05:00:00+00:00,15.94,15.94,15.94,15.94,15.94,208.0
2023-12-11 05:00:00+00:00,15.94,15.95,15.94,15.95,15.95,571.0
2023-12-12 05:00:00+00:00,15.7,15.73,15.63,15.73,15.73,973.0
2023-12-13 05:00:00+00:00,15.56,16.02,15.54,15.94,15.94,1779.0
2023-12-14 05:00:00+00:00,16.16,16.22,16.06,16.12,16.12,6236.0
2023-12-15 05:00:00+00:00,16.42,16.42,16.34,16.34,16.34,890.0
2023-12-18 05:00:00+00:00,16.35,16.37,16.35,16.37,16.37,251.0
2023-12-19 05:00:00+00:00,17.18,17.3,17.14,17.22,17.22,1869.0
2023-12-20 05:00:00+00:00,17.75,17.75,17.23,17.23,17.23,8634.0
2023-12-21 05:00:00+00:00,17.3,17.31,17.3,17.31,17.31,533.0
2023-12-22 05:00:00+00:00,17.4,17.4,17.38,17.38,17.38,355.0
2023-12-26 05:00:00+00:00,17.18,17.18,17.18,17.18,17.18,200.0
2023-12-27 05:00:00+00:00,17.65,17.65,17.65,17.65,17.65,195.0
2023-12-28 05:00:00+00:00,17.65,17.65,17.65,17.65,17.65,0.0
2023-12-29 05:00:00+00:00,17.36,17.39,17.36,17.38,17.38,709.0
2024-01-02 05:00:00+00:00,17.48,17.48,17.45,17.48,17.48,715.0
2024-01-03 05:00:00+00:00,17.27,17.27,17.17,17.17,17.17,441.0
2024-01-04 05:00:00+00:00,17.64,17.64,17.46,17.5,17.5,697.0
2024-01-05 05:00:00+00:00,17.93,18.26,17.78,18.22,18.22,9706.0
2024-01-08 05:00:00+00:00,18.22,18.22,18.22,18.22,18.22,0.0
2024-01-09 05:00:00+00:00,18.04,18.04,17.91,17.99,17.99,1204.0
2024-01-10 05:00:00+00:00,18.02,18.08,18.02,18.06,18.06,726.0
2024-01-11 05:00:00+00:00,18.06,18.06,18.01,18.01,18.01,510.0
2024-01-12 05:00:00+00:00,18.21,18.21,18.15,18.15,18.15,429.0
2024-01-16 05:00:00+00:00,17.35,17.35,17.35,17.35,17.35,272.0
2024-01-17 05:00:00+00:00,16.97,17.13,16.97,17.11,17.11,1766.0
2024-01-18 05:00:00+00:00,17.35,17.42,17.35,17.42,17.42,639.0
2024-01-19 05:00:00+00:00,17.24,17.24,17.23,17.23,17.23,628.0
2024-01-22 05:00:00+00:00,17.23,17.23,17.23,17.23,17.23,0.0
2024-01-23 05:00:00+00:00,17.02,17.07,17.02,17.06,17.06,420.0
2024-01-24 05:00:00+00:00,16.77,16.77,16.74,16.74,16.74,603.0
2024-01-25 05:00:00+00:00,16.86,16.91,16.86,16.9,16.9,833.0
2024-01-26 05:00:00+00:00,16.94,17.15,16.94,17.11,17.11,701.0
2024-01-29 05:00:00+00:00,16.57,16.58,16.57,16.58,16.58,314.0
2024-01-30 05:00:00+00:00,16.64,16.72,16.63,16.71,16.71,1226.0
2024-01-31 05:00:00+00:00,16.59,16.62,16.48,16.48,16.48,638.0
2024-02-01 05:00:00+00:00,16.54,16.54,16.53,16.53,16.53,619.0
2024-02-02 05:00:00+00:00,16.23,16.23,16.23,16.23,16.23,397.0
2024-02-05 05:00:00+00:00,15.8,15.84,15.73,15.74,15.74,1145.0
2024-02-06 05:00:00+00:00,15.88,15.91,15.87,15.91,15.91,1396.0
2024-02-07 05:00:00+00:00,15.74,15.81,15.64,15.75,15.75,10700.0
2024-02-08 05:00:00+00:00,15.79,15.91,15.79,15.9,15.9,688.0
2024-02-09 05:00:00+00:00,15.88,15.95,15.88,15.95,15.95,875.0
2024-02-12 05:00:00+00:00,15.84,15.84,15.81,15.82,15.82,629.0
2024-02-13 05:00:00+00:00,15.12,15.12,15.12,15.12,15.12,250.0
2024-02-14 05:00:00+00:00,15.12,15.14,15.06,15.06,15.06,541.0
2024-02-15 05:00:00+00:00,15.33,15.39,15.33,15.39,15.39,687.0
2024-02-16 05:00:00+00:00,15.29,15.36,15.29,15.34,15.34,3128.0
2024-02-20 05:00:00+00:00,15.4,15.51,15.4,15.5,15.5,3415.0
2024-02-21 05:00:00+00:00,15.29,15.29,15.24,15.26,15.26,1148.0
2024-02-22 05:00:00+00:00,15.36,15.47,15.36,15.47,15.47,848.0
2024-02-23 05:00:00+00:00,15.25,15.27,15.25,15.27,15.27,498.0
2024-02-26 05:00:00+00:00,15.07,15.23,15.07,15.19,15.19,1601.0
2024-02-27 05:00:00+00:00,16.59,16.83,16.57,16.81,16.81,11366.0
2024-02-28 05:00:00+00:00,17.55,17.65,17.48,17.51,17.51,3161.0
2024-02-29 05:00:00+00:00,17.98,17.98,17.98,17.98,17.98,533.0
2024-03-01 05:00:00+00:00,17.71,17.78,17.67,17.72,17.72,3505.0
2024-03-04 05:00:00+00:00,17.5,17.55,17.32,17.32,17.32,1908.0
2024-03-05 05:00:00+00:00,17.08,17.08,17.08,17.08,17.08,257.0
2024-03-06 05:00:00+00:00,17.46,17.52,17.42,17.5,17.5,4384.0
2024-03-07 05:00:00+00:00,17.72,17.74,17.71,17.73,17.73,3524.0
2024-03-08 05:00:00+00:00,17.78,17.78,17.67,17.67,17.67,1782.0
2024-03-11 04:00:00+00:00,17.56,17.63,17.56,17.63,17.63,933.0
2024-03-12 04:00:00+00:00,17.64,17.64,17.63,17.63,17.63,765.0
2024-03-13 04:00:00+00:00,17.94,17.94,17.89,17.92,17.92,928.0
2024-03-14 04:00:00+00:00,17.97,18.12,17.97,18.11,18.11,2240.0
2024-03-15 04:00:00+00:00,18.55,18.6,18.55,18.57,18.57,843.0
2024-03-18 04:00:00+00:00,18.46,18.46,18.39,18.39,18.39,765.0
2024-03-19 04:00:00+00:00,18.69,18.69,18.56,18.56,18.56,1394.0
2024-03-20 04:00:00+00:00,18.46,18.46,18.46,18.46,18.46,1134.0
2024-03-21 04:00:00+00:00,18.84,18.87,18.71,18.71,18.71,1449.0
2024-03-22 04:00:00+00:00,18.58,18.58,18.57,18.57,18.57,1300.0
2024-03-25 04:00:00+00:00,19.11,19.11,19.08,19.08,19.08,2343.0
2024-03-26 04:00:00+00:00,19.1,19.1,18.9,18.9,18.9,583.0
2024-03-27 04:00:00+00:00,19.15,19.15,19.15,19.15,19.15,1645.0
2024-03-28 04:00:00+00:00,19.81,19.81,19.52,19.54,19.54,4521.0
2024-04-01 04:00:00+00:00,19.52,19.52,19.34,19.4,19.4,1873.0
2024-04-02 04:00:00+00:00,19.7,19.7,19.55,19.56,19.56,1088.0
2024-04-03 04:00:00+00:00,19.81,19.86,19.8,19.83,19.83,9784.0
2024-04-04 04:00:00+00:00,20.02,20.02,19.67,19.67,19.67,654.0
2024-04-05 04:00:00+00:00,19.55,19.55,19.45,19.53,19.53,910.0
2024-04-08 04:00:00+00:00,19.78,19.91,19.78,19.8,19.8,1938.0
2024-04-09 04:00:00+00:00,19.87,19.96,19.87,19.96,19.96,2225.0
2024-04-10 04:00:00+00:00,19.62,19.8,19.62,19.68,19.68,2014.0
2024-04-11 04:00:00+00:00,19.74,19.87,19.68,19.86,19.86,705.0
2024-04-12 04:00:00+00:00,19.42,19.43,19.42,19.43,19.43,688.0
2024-04-15 04:00:00+00:00,19.24,19.24,19.11,19.11,19.11,584.0
2024-04-16 04:00:00+00:00,19.01,19.02,18.88,18.88,18.88,1685.0
2024-04-17 04:00:00+00:00,18.9,18.96,18.9,18.93,18.93,1392.0
2024-04-18 04:00:00+00:00,19.36,19.36,19.25,19.32,19.32,2744.0
2024-04-19 04:00:00+00:00,19.39,19.41,19.39,19.39,19.39,1018.0
2024-04-22 04:00:00+00:00,19.49,19.49,19.49,19.49,19.49,672.0
2024-04-23 04:00:00+00:00,19.65,19.68,19.65,19.65,19.65,1981.0
2024-04-24 04:00:00+00:00,19.65,19.65,19.65,19.65,19.65,0.0
2024-04-25 04:00:00+00:00,19.31,19.58,19.31,19.58,19.58,1595.0
2024-04-26 04:00:00+00:00,19.45,19.51,19.35,19.51,19.51,1292.0
2024-04-29 04:00:00+00:00,19.65,19.9,19.65,19.9,19.9,1181.0
2024-04-30 04:00:00+00:00,19.82,19.82,19.82,19.82,19.82,517.0
2024-05-01 04:00:00+00:00,19.82,19.92,19.82,19.92,19.92,846.0
2024-05-02 04:00:00+00:00,20.16,20.38,20.16,20.37,20.37,1476.0
2024-05-03 04:00:00+00:00,20.56,20.59,20.56,20.59,20.59,508.0
2024-05-06 04:00:00+00:00,20.63,20.66,20.63,20.66,20.66,683.0
2024-05-07 04:00:00+00:00,20.64,20.74,20.63,20.63,20.63,1644.0
2024-05-08 04:00:00+00:00,22.11,22.57,22.05,22.15,22.15,2297.0
2024-05-09 04:00:00+00:00,22.28,22.28,21.98,21.98,21.98,2558.0
2024-05-10 04:00:00+00:00,21.89,21.89,21.79,21.86,21.86,4371.0
2024-05-13 04:00:00+00:00,21.97,22.09,21.97,22.08,22.08,2402.0
2024-05-14 04:00:00+00:00,22.6,22.64,22.57,22.57,22.57,1596.0
2024-05-15 04:00:00+00:00,22.9,23.25,22.89,23.21,23.21,1765.0
2024-05-16 04:00:00+00:00,23.0,23.0,23.0,23.0,23.0,376.0
2024-05-17 04:00:00+00:00,22.9,23.15,22.9,23.15,23.15,2499.0
2024-05-20 04:00:00+00:00,23.25,23.26,23.23,23.26,23.26,1940.0
2024-05-21 04:00:00+00:00,23.08,23.22,23.08,23.17,23.17,555.0
2024-05-22 04:00:00+00:00,22.74,22.81,22.74,22.75,22.75,1596.0
2024-05-23 04:00:00+00:00,22.98,23.24,22.9,22.95,22.95,3316.0
2024-05-24 04:00:00+00:00,23.22,23.31,23.11,23.28,23.28,1862.0
2024-05-28 04:00:00+00:00,23.67,23.8,23.61,23.74,23.74,1486.0
2024-05-29 04:00:00+00:00,23.36,23.37,23.06,23.12,23.12,5837.0
2024-05-30 04:00:00+00:00,23.86,23.96,23.86,23.96,23.96,1347.0
2024-05-31 04:00:00+00:00,23.83,24.08,23.72,24.06,24.06,3758.0
2024-06-03 04:00:00+00:00,24.44,24.7,24.44,24.63,24.63,2715.0
2024-06-04 04:00:00+00:00,24.18,24.41,24.18,24.41,24.41,1898.0
2024-06-05 04:00:00+00:00,24.34,24.4,24.12,24.13,24.13,1527.0
2024-06-06 04:00:00+00:00,24.19,24.21,23.85,23.99,23.99,3213.0
2024-06-07 04:00:00+00:00,23.75,23.75,23.55,23.71,23.71,3405.0
2024-06-10 04:00:00+00:00,23.69,23.76,23.62,23.64,23.64,923.0
2024-06-11 04:00:00+00:00,23.55,23.73,23.55,23.71,23.71,610.0
2024-06-12 04:00:00+00:00,24.18,24.18,23.68,23.68,23.68,1204.0
2024-06-13 04:00:00+00:00,23.51,23.51,23.23,23.3,23.3,2153.0
2024-06-14 04:00:00+00:00,22.82,22.82,22.82,22.82,22.82,225.0
2024-06-17 04:00:00+00:00,22.23,22.29,21.96,22.26,22.26,1914.0
2024-06-18 04:00:00+00:00,22.5,22.5,22.5,22.5,22.5,564.0
2024-06-20 04:00:00+00:00,22.5,22.5,22.16,22.18,22.18,2214.0
2024-06-21 04:00:00+00:00,22.16,22.25,21.86,22.09,22.09,4057.0
2024-06-24 04:00:00+00:00,22.76,22.81,22.61,22.81,22.81,8729.0
2024-06-25 04:00:00+00:00,22.52,22.62,22.45,22.62,22.62,3971.0
2024-06-26 04:00:00+00:00,22.29,22.31,22.29,22.31,22.31,1341.0
2024-06-27 04:00:00+00:00,22.3,22.45,22.28,22.37,22.37,3314.0
2024-06-28 04:00:00+00:00,23.56,23.79,23.5,23.74,23.74,4262.0
2024-07-01 04:00:00+00:00,23.73,23.76,23.44,23.47,23.47,8236.0
2024-07-02 04:00:00+00:00,23.24,23.98,23.24,23.86,23.86,10539.0
2024-07-03 04:00:00+00:00,23.8,24.11,23.8,24.04,24.04,6629.0
2024-07-05 04:00:00+00:00,23.62,23.7,23.5,23.59,23.59,3238.0
2024-07-08 04:00:00+00:00,23.68,24.0,23.55,23.77,23.77,11626.0
2024-07-09 04:00:00+00:00,23.69,23.92,23.62,23.84,23.84,12593.0
2024-07-10 04:00:00+00:00,23.7,23.7,23.41,23.45,23.45,5192.0
2024-07-11 04:00:00+00:00,23.67,23.77,23.64,23.74,23.74,4771.0
2024-07-12 04:00:00+00:00,23.64,24.03,23.64,23.96,23.96,10450.0
2024-07-15 04:00:00+00:00,24.22,24.48,24.21,24.31,24.31,2399.0
2024-07-16 04:00:00+00:00,24.98,25.0,24.93,24.95,24.95,2950.0
2024-07-17 04:00:00+00:00,24.67,24.78,24.3,24.34,24.34,2592.0
2024-07-18 04:00:00+00:00,24.32,24.35,24.07,24.1,24.1,3711.0
2024-07-19 04:00:00+00:00,23.94,24.04,23.75,23.8,23.8,3272.0
2024-07-22 04:00:00+00:00,23.87,23.92,23.69,23.69,23.69,1224.0
2024-07-23 04:00:00+00:00,23.73,23.73,23.72,23.73,23.73,1355.0
2024-07-24 04:00:00+00:00,23.95,23.95,23.95,23.95,23.95,285.0
2024-07-25 04:00:00+00:00,23.73,23.89,23.73,23.73,23.73,2269.0
2024-07-26 04:00:00+00:00,23.75,23.9,23.73,23.73,23.73,2519.0
2024-07-29 04:00:00+00:00,23.6,23.62,23.39,23.39,23.39,1704.0
2024-07-30 04:00:00+00:00,23.74,23.84,23.74,23.84,23.84,642.0
2024-07-31 04:00:00+00:00,24.1,24.1,23.82,23.92,23.92,1700.0
2024-08-01 04:00:00+00:00,23.98,23.98,23.58,23.81,23.81,2795.0
2024-08-02 04:00:00+00:00,25.12,25.3,24.96,25.04,25.04,7724.0
2024-08-05 04:00:00+00:00,24.59,24.67,24.34,24.36,24.36,7286.0
2024-08-06 04:00:00+00:00,24.41,24.83,24.41,24.56,24.56,6920.0
2024-08-07 04:00:00+00:00,24.66,24.77,24.33,24.41,24.41,4442.0
2024-08-08 04:00:00+00:00,24.65,24.73,24.64,24.73,24.73,2254.0
2024-08-09 04:00:00+00:00,24.73,24.9,24.73,24.78,24.78,2289.0
2024-08-12 04:00:00+00:00,24.71,24.79,24.71,24.78,24.78,4099.0
2024-08-13 04:00:00+00:00,24.75,24.77,24.62,24.63,24.63,3606.0
2024-08-14 04:00:00+00:00,24.73,24.74,24.39,24.45,24.45,6332.0
2024-08-15 04:00:00+00:00,25.13,25.13,24.78,24.83,24.83,11335.0
2024-08-16 04:00:00+00:00,24.84,24.87,24.84,24.86,24.86,1372.0
2024-08-19 04:00:00+00:00,24.84,24.88,24.84,24.88,24.88,1283.0
2024-08-20 04:00:00+00:00,24.88,24.88,24.88,24.88,24.88,0.0
2024-08-21 04:00:00+00:00,24.67,24.67,24.67,24.67,24.67,348.0
2024-08-22 04:00:00+00:00,24.58,25.12,24.51,25.12,25.12,1577.0
2024-08-23 04:00:00+00:00,25.21,25.79,25.21,25.79,25.79,1021.0
2024-08-26 04:00:00+00:00,25.68,25.78,25.44,25.72,25.72,2221.0
2024-08-27 04:00:00+00:00,25.58,25.91,25.56,25.78,25.78,7204.0
2024-08-28 04:00:00+00:00,25.53,25.72,25.4,25.5,25.5,3602.0
2024-08-29 04:00:00+00:00,25.36,25.36,25.04,25.14,25.14,8035.0
2024-08-30 04:00:00+00:00,24.92,25.02,24.9,24.9,24.9,1627.0
2024-09-03 04:00:00+00:00,25.38,25.38,25.25,25.28,25.28,3304.0
2024-09-04 04:00:00+00:00,25.43,25.75,25.43,25.61,25.61,4392.0
2024-09-05 04:00:00+00:00,25.91,25.94,25.65,25.74,25.74,5380.0
2024-09-06 04:00:00+00:00,25.59,25.67,25.49,25.49,25.49,4280.0
2024-09-09 04:00:00+00:00,25.57,25.67,25.57,25.66,25.66,1352.0
2024-09-10 04:00:00+00:00,25.49,25.96,25.49,25.96,25.96,3269.0
2024-09-11 04:00:00+00:00,25.51,25.66,25.51,25.58,25.58,2417.0
2024-09-12 04:00:00+00:00,25.57,25.91,25.57,25.82,25.82,1608.0
2024-09-13 04:00:00+00:00,26.18,26.49,26.18,26.35,26.35,3021.0
2024-09-16 04:00:00+00:00,26.34,26.45,26.34,26.4,26.4,1743.0
2024-09-17 04:00:00+00:00,26.17,26.17,25.87,25.9,25.9,2032.0
2024-09-18 04:00:00+00:00,26.14,26.24,26.09,26.09,26.09,2921.0
2024-09-19 04:00:00+00:00,26.36,26.61,26.29,26.5,26.5,2178.0
2024-09-20 04:00:00+00:00,26.71,26.9,26.58,26.88,26.88,2224.0
2024-09-23 04:00:00+00:00,27.24,27.24,27.1,27.14,27.14,1312.0
2024-09-24 04:00:00+00:00,27.48,27.77,27.48,27.7,27.7,2241.0
2024-09-25 04:00:00+00:00,27.25,27.36,27.16,27.17,27.17,1806.0
2024-09-26 04:00:00+00:00,27.16,27.34,27.06,27.23,27.23,3011.0
2024-09-27 04:00:00+00:00,26.87,26.87,26.74,26.86,26.86,1666.0
2024-09-30 04:00:00+00:00,26.25,26.31,26.17,26.23,26.23,5111.0
2024-10-01 04:00:00+00:00,26.2,26.2,25.91,25.95,25.95,2896.0
2024-10-02 04:00:00+00:00,25.71,25.91,25.71,25.82,25.82,2086.0
2024-10-03 04:00:00+00:00,25.65,25.65,25.65,25.65,25.65,1223.0
2024-10-04 04:00:00+00:00,25.63,25.8,25.63,25.78,25.78,2398.0
2024-10-07 04:00:00+00:00,25.8,25.8,25.59,25.62,25.62,1867.0
2024-10-08 04:00:00+00:00,25.75,26.01,25.75,25.99,25.99,1770.0
2024-10-09 04:00:00+00:00,25.87,25.92,25.87,25.92,25.92,1407.0
2024-10-10 04:00:00+00:00,25.78,25.78,25.5,25.67,25.67,2200.0
2024-10-11 04:00:00+00:00,25.7,25.94,25.7,25.92,25.92,2919.0
2024-10-14 04:00:00+00:00,25.69,26.23,25.69,26.23,26.23,3971.0
2024-10-15 04:00:00+00:00,26.36,26.45,26.36,26.44,26.44,2991.0
2024-10-16 04:00:00+00:00,26.01,26.21,25.96,26.16,26.16,3267.0
2024-10-17 04:00:00+00:00,26.19,26.55,26.19,26.54,26.54,7821.0
2024-10-18 04:00:00+00:00,26.16,26.58,26.07,26.54,26.54,6662.0
2024-10-21 04:00:00+00:00,26.53,26.53,26.37,26.48,26.48,5230.0
2024-10-22 04:00:00+00:00,26.37,26.52,26.32,26.49,26.49,9483.0
2024-10-23 04:00:00+00:00,26.28,26.66,26.28,26.65,26.65,6791.0
2024-10-24 04:00:00+00:00,26.93,27.3,26.86,27.25,27.25,11090.0
2024-10-25 04:00:00+00:00,27.27,27.27,26.77,26.81,26.81,6422.0
2024-10-28 04:00:00+00:00,26.83,27.03,26.76,26.9,26.9,4473.0
2024-10-29 04:00:00+00:00,27.34,27.39,26.94,26.95,26.95,6244.0
2024-10-30 04:00:00+00:00,27.18,27.18,26.83,26.87,26.87,2626.0
2024-10-31 04:00:00+00:00,26.66,26.72,26.47,26.64,26.64,3486.0
2024-11-01 04:00:00+00:00,26.63,26.63,25.88,25.92,25.92,7075.0
2024-11-04 05:00:00+00:00,26.14,26.2,25.9,25.96,25.96,5695.0
2024-11-05 05:00:00+00:00,26.19,26.4,26.19,26.38,26.38,2086.0
2024-11-06 05:00:00+00:00,25.86,25.98,25.75,25.96,25.96,3513.0
2024-11-07 05:00:00+00:00,25.87,26.16,25.52,25.57,25.57,5993.0
2024-11-08 05:00:00+00:00,25.79,26.18,25.66,26.18,26.18,15875.0
2024-11-11 05:00:00+00:00,26.51,26.63,26.4,26.59,26.59,5960.0
2024-11-12 05:00:00+00:00,25.74,25.85,25.34,25.47,25.47,9612.0
2024-11-13 05:00:00+00:00,25.44,25.44,25.12,25.22,25.22,10784.0
2024-11-14 05:00:00+00:00,26.0,26.0,25.73,25.75,25.75,4907.0
2024-11-15 05:00:00+00:00,25.54,25.68,25.47,25.67,25.67,1970.0
2024-11-18 05:00:00+00:00,25.47,25.47,25.34,25.34,25.34,1847.0
2024-11-19 05:00:00+00:00,24.91,25.07,24.91,25.05,25.05,2277.0
2024-11-20 05:00:00+00:00,24.97,25.22,24.97,25.22,25.22,5047.0
2024-11-21 05:00:00+00:00,25.27,25.49,25.25,25.46,25.46,8296.0
2024-11-22 05:00:00+00:00,25.49,25.51,25.28,25.51,25.51,7009.0
2024-11-25 05:00:00+00:00,25.52,25.71,25.52,25.71,25.71,5781.0
2024-11-26 05:00:00+00:00,25.08,25.12,24.75,24.76,24.76,4538.0
2024-11-27 05:00:00+00:00,24.76,24.85,24.63,24.68,24.68,2622.0
2024-11-29 05:00:00+00:00,24.56,24.56,23.75,24.0,24.0,22867.0
2024-12-02 05:00:00+00:00,23.88,24.32,23.84,24.26,24.26,16904.0
2024-12-03 05:00:00+00:00,24.45,24.92,24.45,24.76,24.76,21024.0
2024-12-04 05:00:00+00:00,24.69,25.15,24.67,24.92,24.92,11568.0
2024-12-05 05:00:00+00:00,25.41,25.67,25.38,25.59,25.59,8653.0
2024-12-06 05:00:00+00:00,25.22,25.3,25.11,25.18,25.18,10133.0
2024-12-09 05:00:00+00:00,24.85,24.85,24.4,24.43,24.43,6139.0
2024-12-10 05:00:00+00:00,24.48,24.48,24.3,24.31,24.31,2998.0
2024-12-11 05:00:00+00:00,24.16,24.16,24.03,24.04,24.04,4418.0
2024-12-12 05:00:00+00:00,23.81,23.88,23.64,23.64,23.64,3778.0
2024-12-13 05:00:00+00:00,23.64,23.64,23.56,23.58,23.58,6691.0
2024-12-16 05:00:00+00:00,23.96,24.18,23.93,24.07,24.07,17097.0
2024-12-17 05:00:00+00:00,24.21,24.21,24.0,24.01,24.01,31980.0
2024-12-18 05:00:00+00:00,24.1,24.1,23.47,23.47,23.47,15453.0
2024-12-19 05:00:00+00:00,23.8,23.8,23.55,23.64,23.64,7537.0
2024-12-20 05:00:00+00:00,23.62,23.72,23.58,23.7,23.7,8452.0
2024-12-23 05:00:00+00:00,23.68,23.7,23.46,23.58,23.58,3073.0
2024-12-24 05:00:00+00:00,23.33,23.41,23.29,23.41,23.41,3792.0
2024-12-26 05:00:00+00:00,23.4,23.53,23.37,23.52,23.52,9205.0
2024-12-27 05:00:00+00:00,23.81,24.05,23.8,24.05,24.05,14904.0
2024-12-30 05:00:00+00:00,23.95,24.07,23.82,24.04,24.04,8680.0
2024-12-31 05:00:00+00:00,24.16,24.35,24.12,24.2,24.2,12123.0
2025-01-02 05:00:00+00:00,24.4,24.47,24.19,24.3,24.3,6854.0
2025-01-03 05:00:00+00:00,24.035,24.51,23.98,24.5,24.5,17946.0
2025-01-06 05:00:00+00:00,24.56,25.18,24.56,24.9,24.9,15636.0
2025-01-07 05:00:00+00:00,24.92,25.165,24.88,24.97,24.97,12670.0
2025-01-08 05:00:00+00:00,24.65,24.85,24.51,24.79,24.79,9195.0
2025-01-10 05:00:00+00:00,23.92,24.11,23.84,23.85,23.85,17094.0
2025-01-13 05:00:00+00:00,23.68,24.215,23.68,24.14,24.14,10644.0
2025-01-14 05:00:00+00:00,24.39,24.63,24.385,24.6,24.6,13796.0
2025-01-15 05:00:00+00:00,26.95,27.905,26.9,26.91,26.91,47149.0
2025-01-16 05:00:00+00:00,27.0,27.43,26.93,26.995,26.995,24867.0
2025-01-17 05:00:00+00:00,26.64,27.05,26.58,27.0,27.0,13733.0
2025-01-21 05:00:00+00:00,26.94,27.665,26.94,27.43,27.43,42875.0
2025-01-22 05:00:00+00:00,27.53,28.01,27.53,27.78,27.78,23092.0
2025-01-23 05:00:00+00:00,27.63,27.73,27.46,27.655,27.655,24421.0
2025-01-24 05:00:00+00:00,27.605,27.69,27.46,27.46,27.46,13684.0
2025-01-27 05:00:00+00:00,27.48,27.67,27.32,27.58,27.58,18238.0
2025-01-28 05:00:00+00:00,27.57,27.74,27.49,27.6,27.6,14086.0
2025-01-29 05:00:00+00:00,27.56,27.59,27.33,27.44,27.44,10615.0
2025-01-30 05:00:00+00:00,27.48,27.53,27.17,27.22,27.22,17198.0
2025-01-31 05:00:00+00:00,27.02,27.05,26.71,26.71,26.71,6900.0
2025-02-03 05:00:00+00:00,26.21,26.6,26.21,26.45,26.45,10874.0
2025-02-04 05:00:00+00:00,26.36,26.67,26.34,26.62,26.62,19474.0
2025-02-05 05:00:00+00:00,26.67,26.95,26.5,26.855,26.855,22543.0
2025-02-06 05:00:00+00:00,26.72,26.72,26.525,26.71,26.71,10436.0
2025-02-07 05:00:00+00:00,26.79,27.18,26.79,26.96,26.96,22655.0
2025-02-10 05:00:00+00:00,27.11,27.2,26.85,27.04,27.04,14751.0
2025-02-11 05:00:00+00:00,27.03,27.03,26.695,26.76,26.76,41603.0
2025-02-12 05:00:00+00:00,26.76,27.305,26.76,27.13,27.13,18849.0
2025-02-13 05:00:00+00:00,27.2,27.42,27.06,27.2,27.2,19971.0
2025-02-14 05:00:00+00:00,27.18,27.23,26.98,27.0,27.0,16198.0
2025-02-18 05:00:00+00:00,26.775,26.775,26.51,26.54,26.54,18065.0
2025-02-19 05:00:00+00:00,26.27,26.28,26.03,26.16,26.16,13073.0
2025-02-20 05:00:00+00:00,26.36,26.69,26.24,26.64,26.64,18517.0
2025-02-21 05:00:00+00:00,26.845,27.05,26.66,26.92,26.92,27830.0
2025-02-24 05:00:00+00:00,27.04,27.5,26.95,27.39,27.39,14112.0
2025-02-25 05:00:00+00:00,27.855,27.94,27.45,27.67,27.67,13231.0
2025-02-26 05:00:00+00:00,27.65,27.97,27.42,27.85,27.85,17213.0
2025-02-27 05:00:00+00:00,27.98,28.94,27.13,27.13,27.13,34813.0
2025-02-28 05:00:00+00:00,26.19,26.29,25.685,26.28,26.28,53062.0
2025-03-03 05:00:00+00:00,26.11,26.32,25.78,25.885,25.885,53805.0
2025-03-04 05:00:00+00:00,25.64,26.2,25.64,26.07,26.07,33566.0
2025-03-05 05:00:00+00:00,26.24,27.13,26.24,27.06,27.06,43974.0
2025-03-06 05:00:00+00:00,27.39,28.29,27.39,28.2,28.2,63123.0
2025-03-07 05:00:00+00:00,28.57,29.19,28.38,28.55,28.55,83334.0
2025-03-10 04:00:00+00:00,28.78,29.635,28.56,28.72,28.72,54050.0
2025-03-11 04:00:00+00:00,29.83,30.31,28.75,29.34,29.34,101765.0
2025-03-12 04:00:00+00:00,29.53,30.19,29.49,29.96,29.96,81464.0
2025-03-13 04:00:00+00:00,29.66,29.835,29.28,29.5,29.5,109305.0
2025-03-14 04:00:00+00:00,29.715,30.585,29.71,30.37,30.37,96861.0
2025-03-17 04:00:00+00:00,30.235,31.04,30.15,30.23,30.23,74694.0
2025-03-18 04:00:00+00:00,30.24,31.42,30.24,31.13,31.13,54140.0
2025-03-19 04:00:00+00:00,31.055,31.615,31.055,31.2,31.2,76830.0
2025-03-20 04:00:00+00:00,31.07,31.59,31.025,31.11,31.11,152644.0
2025-03-21 04:00:00+00:00,30.99,31.035,29.89,29.96,29.96,94885.0
2025-03-24 04:00:00+00:00,29.76,30.04,29.38,29.57,29.57,54468.0
2025-03-25 04:00:00+00:00,29.38,29.965,29.22,29.74,29.74,123539.0
2025-03-26 04:00:00+00:00,29.65,29.915,29.46,29.65,29.65,47746.0
2025-03-27 04:00:00+00:00,29.85,30.48,29.72,30.37,30.37,69272.0
2025-03-28 04:00:00+00:00,30.42,30.975,30.08,30.18,30.18,60982.0
2025-03-31 04:00:00+00:00,29.99,30.33,29.66,30.24,30.24,78374.0
2025-04-01 04:00:00+00:00,30.34,30.74,30.025,30.05,30.05,43144.0
2025-04-02 04:00:00+00:00,29.58,29.81,29.34,29.525,29.525,45396.0
2025-04-03 04:00:00+00:00,29.61,30.595,29.4,30.47,30.47,123422.0
2025-04-04 04:00:00+00:00,29.78,29.78,28.29,28.47,28.47,63069.0
