Date,Open,High,Low,Close,Adj Close,Volume
2020-07-27 04:00:00+00:00,6.2,6.4,6.2,6.36,6.36,1652.0
2020-07-28 04:00:00+00:00,6.18,6.27,6.18,6.22,6.22,570.0
2020-07-29 04:00:00+00:00,6.09,6.1,6.04,6.06,6.06,747.0
2020-07-30 04:00:00+00:00,6.12,6.46,6.12,6.45,6.45,2492.0
2020-07-31 04:00:00+00:00,6.42,6.42,6.195,6.21,6.21,992.0
2020-08-03 04:00:00+00:00,6.28,6.385,5.97,6.33,6.33,2905.0
2020-08-04 04:00:00+00:00,6.17,6.19,6.035,6.16,6.16,2010.0
2020-08-05 04:00:00+00:00,6.115,6.33,6.07,6.33,6.33,4516.0
2020-08-06 04:00:00+00:00,6.4,6.4,5.8,5.81,5.81,7006.0
2020-08-07 04:00:00+00:00,5.86,5.86,5.16,5.35,5.35,5741.0
2020-08-10 04:00:00+00:00,5.41,5.46,5.295,5.44,5.44,1799.0
2020-08-11 04:00:00+00:00,5.4,5.7,5.4,5.57,5.57,2902.0
2020-08-12 04:00:00+00:00,5.525,5.525,5.23,5.29,5.29,4716.0
2020-08-13 04:00:00+00:00,5.31,5.715,5.31,5.625,5.625,5743.0
2020-08-14 04:00:00+00:00,5.5,5.52,5.46,5.46,5.46,11247.0
2020-08-17 04:00:00+00:00,5.555,5.925,5.535,5.71,5.71,9868.0
2020-08-18 04:00:00+00:00,5.78,6.09,5.78,5.83,5.83,5175.0
2020-08-19 04:00:00+00:00,6.185,6.44,6.185,6.415,6.415,4202.0
2020-08-20 04:00:00+00:00,6.31,6.45,6.215,6.445,6.445,4842.0
2020-08-21 04:00:00+00:00,6.25,6.25,5.87,5.92,5.92,4716.0
2020-08-24 04:00:00+00:00,5.8,5.8,5.58,5.72,5.72,688.0
2020-08-25 04:00:00+00:00,5.9,6.08,5.885,6.05,6.05,4242.0
2020-08-26 04:00:00+00:00,6.16,6.23,6.16,6.23,6.23,880.0
2020-08-27 04:00:00+00:00,6.11,6.11,5.56,5.56,5.56,3899.0
2020-08-28 04:00:00+00:00,5.635,5.68,5.49,5.575,5.575,9636.0
2020-08-31 04:00:00+00:00,5.635,5.635,5.53,5.53,5.53,3901.0
2020-09-01 04:00:00+00:00,5.63,5.63,5.395,5.42,5.42,4876.0
2020-09-02 04:00:00+00:00,5.445,5.465,5.39,5.39,5.39,15708.0
2020-09-03 04:00:00+00:00,5.39,5.415,5.28,5.365,5.365,3692.0
2020-09-04 04:00:00+00:00,5.245,5.255,5.135,5.135,5.135,1235.0
2020-09-08 04:00:00+00:00,5.15,5.34,5.115,5.34,5.34,1315.0
2020-09-09 04:00:00+00:00,5.26,5.29,5.13,5.13,5.13,1927.0
2020-09-10 04:00:00+00:00,4.935,5.13,4.935,5.09,5.09,1116.0
2020-09-11 04:00:00+00:00,5.0,5.15,4.835,5.09,5.09,1172.0
2020-09-14 04:00:00+00:00,4.82,4.88,4.8,4.86,4.86,704.0
2020-09-15 04:00:00+00:00,5.075,5.3,5.075,5.29,5.29,878.0
2020-09-16 04:00:00+00:00,5.32,5.59,5.32,5.415,5.415,1214.0
2020-09-17 04:00:00+00:00,5.34,5.45,5.27,5.45,5.45,974.0
2020-09-18 04:00:00+00:00,5.645,5.71,5.645,5.71,5.71,520.0
2020-09-21 04:00:00+00:00,5.46,5.46,5.165,5.28,5.28,3169.0
2020-09-22 04:00:00+00:00,5.12,5.21,5.04,5.155,5.155,706.0
2020-09-23 04:00:00+00:00,5.08,5.08,4.93,4.93,4.93,964.0
2020-09-24 04:00:00+00:00,4.99,5.0,4.9,5.0,5.0,822.0
2020-09-25 04:00:00+00:00,5.05,5.155,5.05,5.155,5.155,746.0
2020-09-28 04:00:00+00:00,5.39,5.39,5.17,5.23,5.23,1288.0
2020-09-29 04:00:00+00:00,5.25,5.3,5.165,5.165,5.165,767.0
2020-09-30 04:00:00+00:00,5.38,5.38,5.12,5.19,5.19,722.0
2020-10-01 04:00:00+00:00,5.43,5.46,5.38,5.45,5.45,2034.0
2020-10-02 04:00:00+00:00,5.43,5.45,5.34,5.4,5.4,1036.0
2020-10-05 04:00:00+00:00,5.37,5.65,5.37,5.56,5.56,1767.0
2020-10-06 04:00:00+00:00,5.625,5.625,5.445,5.445,5.445,692.0
2020-10-07 04:00:00+00:00,5.51,5.57,5.5,5.54,5.54,1701.0
2020-10-08 04:00:00+00:00,5.57,5.59,5.5,5.5,5.5,2556.0
2020-10-09 04:00:00+00:00,5.59,5.63,5.41,5.54,5.54,3055.0
2020-10-12 04:00:00+00:00,5.52,5.85,5.52,5.7,5.7,6644.0
2020-10-13 04:00:00+00:00,5.8,6.0,5.8,5.9,5.9,6130.0
2020-10-14 04:00:00+00:00,5.89,5.89,5.73,5.8,5.8,2828.0
2020-10-15 04:00:00+00:00,5.84,6.04,5.84,6.04,6.04,235.0
2020-10-16 04:00:00+00:00,6.05,6.05,5.86,5.9,5.9,3547.0
2020-10-19 04:00:00+00:00,6.13,6.18,5.93,5.97,5.97,4921.0
2020-10-20 04:00:00+00:00,5.95,6.03,5.9,6.03,6.03,3073.0
2020-10-21 04:00:00+00:00,6.25,6.25,5.91,6.05,6.05,1991.0
2020-10-22 04:00:00+00:00,6.12,6.12,5.85,5.96,5.96,1584.0
2020-10-23 04:00:00+00:00,5.94,5.96,5.86,5.96,5.96,864.0
2020-10-26 04:00:00+00:00,5.895,5.895,5.28,5.595,5.595,2199.0
2020-10-27 04:00:00+00:00,5.5,5.525,5.42,5.42,5.42,1122.0
2020-10-28 04:00:00+00:00,5.3,5.3,5.12,5.29,5.29,1821.0
2020-10-29 04:00:00+00:00,5.13,5.48,5.12,5.48,5.48,676.0
2020-11-02 05:00:00+00:00,5.41,5.41,5.41,5.41,5.41,104.0
2020-11-03 05:00:00+00:00,5.54,5.54,5.41,5.49,5.49,907.0
2020-11-04 05:00:00+00:00,5.42,5.42,5.4,5.4,5.4,505.0
2020-11-05 05:00:00+00:00,5.4,5.65,5.4,5.57,5.57,3406.0
2020-11-06 05:00:00+00:00,5.63,5.63,5.55,5.575,5.575,1668.0
2020-11-09 05:00:00+00:00,5.69,5.87,5.5,5.5,5.5,1900.0
2020-11-10 05:00:00+00:00,5.455,5.66,5.39,5.39,5.39,1881.0
2020-11-11 05:00:00+00:00,5.53,5.53,5.21,5.39,5.39,2583.0
2020-11-12 05:00:00+00:00,5.23,6.26,5.23,5.365,5.365,16361.0
2020-11-13 05:00:00+00:00,5.49,5.55,5.36,5.45,5.45,2124.0
2020-11-16 05:00:00+00:00,5.41,5.475,5.25,5.29,5.29,2318.0
2020-11-17 05:00:00+00:00,5.3,5.6,5.3,5.48,5.48,7532.0
2020-11-18 05:00:00+00:00,5.55,5.55,5.28,5.36,5.36,1758.0
2020-11-19 05:00:00+00:00,5.4,5.48,5.375,5.48,5.48,10381.0
2020-11-20 05:00:00+00:00,5.43,5.465,5.23,5.385,5.385,2394.0
2020-11-23 05:00:00+00:00,5.39,5.41,5.32,5.32,5.32,2081.0
2020-11-24 05:00:00+00:00,5.34,5.41,5.29,5.32,5.32,4444.0
2020-11-25 05:00:00+00:00,5.41,5.41,5.31,5.31,5.31,1058.0
2020-11-27 05:00:00+00:00,5.27,5.36,5.26,5.26,5.26,1511.0
2020-11-30 05:00:00+00:00,5.41,5.45,5.3,5.39,5.39,3208.0
2020-12-01 05:00:00+00:00,5.53,5.53,5.32,5.39,5.39,1801.0
2020-12-02 05:00:00+00:00,5.39,5.42,5.32,5.4,5.4,1008.0
2020-12-03 05:00:00+00:00,5.38,5.42,5.31,5.33,5.33,1338.0
2020-12-04 05:00:00+00:00,5.52,5.78,5.52,5.61,5.61,4976.0
2020-12-07 05:00:00+00:00,5.73,5.75,5.4,5.43,5.43,3131.0
2020-12-08 05:00:00+00:00,5.4,5.56,5.36,5.45,5.45,2960.0
2020-12-09 05:00:00+00:00,5.41,5.45,5.3,5.4,5.4,3402.0
2020-12-10 05:00:00+00:00,5.35,5.4,5.34,5.4,5.4,1943.0
2020-12-11 05:00:00+00:00,5.4,5.42,5.3,5.42,5.42,1267.0
2020-12-14 05:00:00+00:00,5.36,5.4,5.3,5.31,5.31,2288.0
2020-12-15 05:00:00+00:00,5.36,5.64,5.35,5.42,5.42,4992.0
2020-12-16 05:00:00+00:00,5.23,5.4,5.22,5.37,5.37,2016.0
2020-12-17 05:00:00+00:00,5.31,5.32,5.18,5.2,5.2,6001.0
2020-12-18 05:00:00+00:00,5.28,5.42,5.19,5.42,5.42,4215.0
2020-12-21 05:00:00+00:00,5.25,5.34,5.22,5.34,5.34,900.0
2020-12-22 05:00:00+00:00,5.36,5.36,5.15,5.2,5.2,1975.0
2020-12-23 05:00:00+00:00,5.19,5.3,5.19,5.3,5.3,1680.0
2020-12-24 05:00:00+00:00,5.3,5.33,5.16,5.17,5.17,896.0
2020-12-28 05:00:00+00:00,5.19,5.25,5.13,5.19,5.19,3741.0
2020-12-29 05:00:00+00:00,5.16,5.21,5.12,5.185,5.185,2597.0
2020-12-30 05:00:00+00:00,5.31,5.38,5.22,5.38,5.38,1467.0
2020-12-31 05:00:00+00:00,5.25,5.55,5.23,5.28,5.28,3222.0
2021-01-04 05:00:00+00:00,5.86,6.41,5.73,5.95,5.95,29619.0
2021-01-05 05:00:00+00:00,6.14,6.42,6.05,6.305,6.305,58243.0
2021-01-06 05:00:00+00:00,6.64,6.74,6.09,6.22,6.22,16603.0
2021-01-07 05:00:00+00:00,6.27,6.27,5.89,5.98,5.98,8502.0
2021-01-08 05:00:00+00:00,5.92,6.11,5.91,6.11,6.11,3547.0
2021-01-11 05:00:00+00:00,6.11,6.19,6.04,6.08,6.08,5302.0
2021-01-12 05:00:00+00:00,6.01,6.01,5.91,5.95,5.95,2518.0
2021-01-13 05:00:00+00:00,5.96,6.1,5.96,6.055,6.055,1113.0
2021-01-14 05:00:00+00:00,6.18,6.485,6.14,6.47,6.47,1925.0
2021-01-15 05:00:00+00:00,6.42,6.42,6.14,6.23,6.23,4651.0
2021-01-19 05:00:00+00:00,6.12,6.49,6.1,6.35,6.35,12069.0
2021-01-20 05:00:00+00:00,6.4,6.4,6.02,6.33,6.33,3024.0
2021-01-21 05:00:00+00:00,6.33,6.33,6.03,6.1,6.1,5384.0
2021-01-22 05:00:00+00:00,6.09,6.31,6.09,6.2,6.2,3526.0
2021-01-25 05:00:00+00:00,6.3,6.3,6.06,6.215,6.215,3969.0
2021-01-26 05:00:00+00:00,6.2,6.2,6.0,6.1,6.1,6290.0
2021-01-27 05:00:00+00:00,5.92,6.0,5.78,5.91,5.91,3334.0
2021-01-28 05:00:00+00:00,5.91,6.09,5.83,5.94,5.94,6266.0
2021-01-29 05:00:00+00:00,5.97,6.09,5.8,5.86,5.86,7099.0
2021-02-01 05:00:00+00:00,5.94,5.96,5.84,5.92,5.92,5303.0
2021-02-02 05:00:00+00:00,5.97,6.04,5.9,5.9,5.9,1584.0
2021-02-03 05:00:00+00:00,5.95,6.05,5.92,5.98,5.98,4905.0
2021-02-04 05:00:00+00:00,6.0,6.22,5.97,6.22,6.22,1345.0
2021-02-05 05:00:00+00:00,6.325,6.43,6.16,6.355,6.355,9157.0
2021-02-08 05:00:00+00:00,6.5,7.18,6.425,7.12,7.12,6628.0
2021-02-09 05:00:00+00:00,7.07,7.23,6.83,7.21,7.21,5176.0
2021-02-10 05:00:00+00:00,6.94,6.96,6.51,6.77,6.77,6725.0
2021-02-11 05:00:00+00:00,6.51,6.61,6.28,6.425,6.425,7355.0
2021-02-12 05:00:00+00:00,6.41,6.45,6.16,6.24,6.24,10997.0
2021-02-16 05:00:00+00:00,6.63,7.06,6.51,6.74,6.74,18629.0
2021-02-17 05:00:00+00:00,6.6,6.79,6.49,6.68,6.68,9802.0
2021-02-18 05:00:00+00:00,6.63,6.63,6.35,6.35,6.35,4877.0
2021-02-19 05:00:00+00:00,6.72,7.03,6.62,6.75,6.75,28150.0
2021-02-22 05:00:00+00:00,6.82,7.175,6.76,6.79,6.79,11027.0
2021-02-23 05:00:00+00:00,6.55,6.55,6.11,6.28,6.28,9613.0
2021-02-24 05:00:00+00:00,6.32,6.67,6.16,6.16,6.16,6309.0
2021-02-25 05:00:00+00:00,6.24,6.33,6.0,6.02,6.02,4753.0
2021-02-26 05:00:00+00:00,6.01,6.06,5.65,5.94,5.94,8827.0
2021-03-01 05:00:00+00:00,6.13,6.38,5.77,5.77,5.77,8397.0
2021-03-02 05:00:00+00:00,5.86,5.91,5.7,5.845,5.845,5247.0
2021-03-03 05:00:00+00:00,5.8,5.93,5.77,5.83,5.83,5056.0
2021-03-04 05:00:00+00:00,5.74,5.74,5.32,5.4,5.4,4837.0
2021-03-05 05:00:00+00:00,5.6,5.72,5.01,5.63,5.63,9670.0
2021-03-08 05:00:00+00:00,5.71,5.79,5.55,5.58,5.58,2891.0
2021-03-09 05:00:00+00:00,5.72,5.87,5.68,5.69,5.69,3114.0
2021-03-10 05:00:00+00:00,5.74,5.87,5.71,5.71,5.71,2878.0
2021-03-11 05:00:00+00:00,5.86,6.24,5.86,6.24,6.24,5292.0
2021-03-12 05:00:00+00:00,6.155,6.19,6.03,6.1,6.1,4835.0
2021-03-15 04:00:00+00:00,6.14,6.32,6.1,6.195,6.195,2466.0
2021-03-16 04:00:00+00:00,6.2,6.35,6.14,6.18,6.18,15289.0
2021-03-17 04:00:00+00:00,6.15,6.29,6.15,6.28,6.28,3810.0
2021-03-18 04:00:00+00:00,6.325,6.4,6.07,6.07,6.07,1754.0
2021-03-19 04:00:00+00:00,6.025,6.55,5.86,5.86,5.86,15438.0
2021-03-22 04:00:00+00:00,6.125,6.125,5.61,5.645,5.645,4549.0
2021-03-23 04:00:00+00:00,5.84,5.84,5.43,5.48,5.48,4717.0
2021-03-24 04:00:00+00:00,5.57,5.61,5.23,5.23,5.23,3745.0
2021-03-25 04:00:00+00:00,5.1,5.35,5.1,5.32,5.32,5494.0
2021-03-26 04:00:00+00:00,5.605,5.605,5.21,5.33,5.33,7932.0
2021-03-29 04:00:00+00:00,5.29,5.29,5.05,5.135,5.135,8868.0
2021-03-30 04:00:00+00:00,5.1,5.27,5.09,5.23,5.23,9125.0
2021-03-31 04:00:00+00:00,5.19,5.525,5.17,5.52,5.52,5741.0
2021-04-01 04:00:00+00:00,5.6,5.65,5.38,5.56,5.56,2287.0
2021-04-05 04:00:00+00:00,5.7,5.84,5.7,5.82,5.82,2398.0
2021-04-06 04:00:00+00:00,5.94,5.96,5.7,5.85,5.85,4478.0
2021-04-07 04:00:00+00:00,5.84,5.95,5.71,5.735,5.735,4319.0
2021-04-08 04:00:00+00:00,5.58,6.12,5.57,6.05,6.05,15285.0
2021-04-09 04:00:00+00:00,5.96,6.08,5.935,5.96,5.96,3422.0
2021-04-12 04:00:00+00:00,5.88,5.88,5.53,5.53,5.53,1576.0
2021-04-13 04:00:00+00:00,5.51,5.51,5.2,5.45,5.45,2073.0
2021-04-14 04:00:00+00:00,5.56,5.58,5.48,5.53,5.53,2070.0
2021-04-15 04:00:00+00:00,5.55,5.55,5.19,5.47,5.47,6889.0
2021-04-16 04:00:00+00:00,5.24,5.51,5.16,5.51,5.51,3481.0
2021-04-19 04:00:00+00:00,5.16,5.32,5.1,5.32,5.32,3253.0
2021-04-20 04:00:00+00:00,5.3,5.3,5.05,5.23,5.23,4487.0
2021-04-21 04:00:00+00:00,5.15,5.245,5.13,5.2,5.2,7183.0
2021-04-22 04:00:00+00:00,5.29,5.42,5.29,5.31,5.31,1804.0
2021-04-23 04:00:00+00:00,5.36,5.53,5.24,5.53,5.53,4145.0
2021-04-26 04:00:00+00:00,5.59,5.63,5.45,5.59,5.59,4918.0
2021-04-27 04:00:00+00:00,5.61,5.61,5.34,5.455,5.455,6472.0
2021-04-28 04:00:00+00:00,5.59,6.11,5.59,6.1,6.1,6955.0
2021-04-29 04:00:00+00:00,6.24,6.26,5.925,6.07,6.07,11662.0
2021-04-30 04:00:00+00:00,6.12,6.145,5.93,6.145,6.145,7439.0
2021-05-03 04:00:00+00:00,6.2,6.2,5.65,5.73,5.73,21731.0
2021-05-04 04:00:00+00:00,5.575,5.64,5.385,5.4,5.4,16797.0
2021-05-05 04:00:00+00:00,5.48,5.53,5.29,5.29,5.29,9254.0
2021-05-06 04:00:00+00:00,5.23,5.26,4.98,5.26,5.26,11244.0
2021-05-07 04:00:00+00:00,5.22,5.25,5.085,5.16,5.16,8566.0
2021-05-10 04:00:00+00:00,5.08,5.18,4.87,5.01,5.01,11824.0
2021-05-11 04:00:00+00:00,5.1,5.28,4.98,5.17,5.17,4921.0
2021-05-12 04:00:00+00:00,5.09,5.22,5.05,5.15,5.15,5481.0
2021-05-13 04:00:00+00:00,5.37,5.37,4.85,4.97,4.97,25001.0
2021-05-14 04:00:00+00:00,5.135,5.135,4.91,5.01,5.01,8863.0
2021-05-17 04:00:00+00:00,4.81,5.095,4.73,4.98,4.98,6331.0
2021-05-18 04:00:00+00:00,4.975,5.16,4.91,5.05,5.05,8788.0
2021-05-19 04:00:00+00:00,4.95,5.04,4.95,5.02,5.02,4346.0
2021-05-20 04:00:00+00:00,5.15,5.26,5.03,5.12,5.12,3451.0
2021-05-21 04:00:00+00:00,5.17,5.22,5.12,5.12,5.12,6125.0
2021-05-24 04:00:00+00:00,5.13,5.13,4.95,4.95,4.95,4241.0
2021-05-25 04:00:00+00:00,5.04,5.04,4.91,4.97,4.97,5337.0
2021-05-26 04:00:00+00:00,5.035,5.075,4.96,4.99,4.99,3305.0
2021-05-27 04:00:00+00:00,5.08,5.09,4.98,4.98,4.98,5638.0
2021-05-28 04:00:00+00:00,5.055,5.055,4.81,4.93,4.93,9892.0
2021-06-01 04:00:00+00:00,4.92,4.99,4.84,4.91,4.91,4130.0
2021-06-02 04:00:00+00:00,4.945,5.02,4.88,5.01,5.01,7847.0
2021-06-03 04:00:00+00:00,4.935,5.01,4.635,4.715,4.715,10226.0
2021-06-04 04:00:00+00:00,4.8,4.93,4.76,4.92,4.92,9065.0
2021-06-07 04:00:00+00:00,4.91,4.98,4.89,4.91,4.91,4825.0
2021-06-08 04:00:00+00:00,4.97,5.24,4.97,5.24,5.24,5610.0
2021-06-09 04:00:00+00:00,5.19,5.36,5.19,5.27,5.27,2980.0
2021-06-10 04:00:00+00:00,5.33,5.42,5.17,5.28,5.28,5631.0
2021-06-11 04:00:00+00:00,5.34,5.49,5.27,5.49,5.49,6028.0
2021-06-14 04:00:00+00:00,5.5,5.58,5.45,5.45,5.45,1897.0
2021-06-15 04:00:00+00:00,5.43,5.575,5.3,5.37,5.37,11172.0
2021-06-16 04:00:00+00:00,5.39,5.47,5.22,5.31,5.31,3310.0
2021-06-17 04:00:00+00:00,5.38,5.38,5.15,5.35,5.35,4119.0
2021-06-18 04:00:00+00:00,5.34,5.34,5.12,5.15,5.15,5116.0
2021-06-21 04:00:00+00:00,5.2,5.2,5.035,5.05,5.05,7530.0
2021-06-22 04:00:00+00:00,5.77,6.27,5.66,6.15,6.15,66417.0
2021-06-23 04:00:00+00:00,5.95,6.15,5.895,6.08,6.08,9630.0
2021-06-24 04:00:00+00:00,6.24,6.745,6.21,6.63,6.63,110576.0
2021-06-25 04:00:00+00:00,6.68,7.16,6.56,7.11,7.11,62121.0
2021-06-28 04:00:00+00:00,7.21,7.3,6.63,7.03,7.03,14641.0
2021-06-29 04:00:00+00:00,7.02,7.04,6.56,6.67,6.67,13962.0
2021-06-30 04:00:00+00:00,6.55,6.55,6.405,6.465,6.465,7206.0
2021-07-01 04:00:00+00:00,6.43,6.45,6.29,6.29,6.29,5418.0
2021-07-02 04:00:00+00:00,6.3,6.3,6.165,6.3,6.3,6286.0
2021-07-06 04:00:00+00:00,6.27,6.27,6.07,6.07,6.07,7685.0
2021-07-07 04:00:00+00:00,6.26,6.26,5.87,5.9,5.9,5663.0
2021-07-08 04:00:00+00:00,5.91,6.1,5.875,6.02,6.02,9967.0
2021-07-09 04:00:00+00:00,6.02,6.395,6.01,6.26,6.26,8343.0
2021-07-12 04:00:00+00:00,6.22,6.805,6.22,6.67,6.67,6241.0
2021-07-13 04:00:00+00:00,6.52,6.8,6.44,6.78,6.78,10870.0
2021-07-14 04:00:00+00:00,6.54,6.98,6.53,6.605,6.605,12727.0
2021-07-15 04:00:00+00:00,6.56,6.75,6.43,6.62,6.62,16175.0
2021-07-16 04:00:00+00:00,6.47,6.52,6.34,6.35,6.35,6056.0
2021-07-19 04:00:00+00:00,6.35,6.64,6.28,6.64,6.64,2673.0
2021-07-20 04:00:00+00:00,6.73,7.15,6.73,6.95,6.95,17236.0
2021-07-21 04:00:00+00:00,7.055,9.2,7.05,8.38,8.38,36802.0
2021-07-22 04:00:00+00:00,8.82,8.97,7.89,8.15,8.15,18998.0
2021-07-23 04:00:00+00:00,7.94,8.15,7.94,7.995,7.995,2758.0
2021-07-26 04:00:00+00:00,7.935,7.935,7.08,7.11,7.11,6465.0
2021-07-27 04:00:00+00:00,7.21,8.13,7.21,7.8,7.8,4608.0
2021-07-28 04:00:00+00:00,7.86,7.94,7.57,7.81,7.81,7142.0
2021-07-29 04:00:00+00:00,7.7,7.84,7.67,7.67,7.67,2118.0
2021-07-30 04:00:00+00:00,7.42,7.83,7.41,7.83,7.83,928.0
2021-08-02 04:00:00+00:00,7.67,8.0,7.61,7.79,7.79,5903.0
2021-08-03 04:00:00+00:00,7.85,7.93,7.75,7.93,7.93,1468.0
2021-08-04 04:00:00+00:00,7.88,8.21,7.88,7.99,7.99,4681.0
2021-08-05 04:00:00+00:00,7.75,8.08,7.74,7.92,7.92,3751.0
2021-08-06 04:00:00+00:00,8.17,8.28,8.14,8.24,8.24,8096.0
2021-08-09 04:00:00+00:00,8.365,8.71,8.365,8.6,8.6,14096.0
2021-08-10 04:00:00+00:00,8.21,8.21,7.91,8.1,8.1,3999.0
2021-08-11 04:00:00+00:00,7.75,8.32,7.7,8.29,8.29,5459.0
2021-08-12 04:00:00+00:00,8.33,8.33,7.985,8.06,8.06,3778.0
2021-08-13 04:00:00+00:00,7.97,7.97,7.74,7.84,7.84,7582.0
2021-08-16 04:00:00+00:00,7.67,7.895,7.56,7.87,7.87,6220.0
2021-08-17 04:00:00+00:00,7.69,7.69,7.5,7.6,7.6,3029.0
2021-08-18 04:00:00+00:00,8.15,8.9,8.15,8.6,8.6,9474.0
2021-08-19 04:00:00+00:00,8.73,9.34,8.73,9.26,9.26,6805.0
2021-08-20 04:00:00+00:00,9.28,9.41,8.7,8.75,8.75,7981.0
2021-08-23 04:00:00+00:00,9.07,9.58,9.07,9.5,9.5,6548.0
2021-08-24 04:00:00+00:00,9.59,9.645,9.03,9.51,9.51,6993.0
2021-08-25 04:00:00+00:00,9.19,10.7,9.19,10.32,10.32,19947.0
2021-08-26 04:00:00+00:00,10.65,11.88,10.3,10.91,10.91,28937.0
2021-08-27 04:00:00+00:00,10.96,11.38,10.58,11.38,11.38,25505.0
2021-08-30 04:00:00+00:00,11.725,11.74,10.69,11.29,11.29,16997.0
2021-08-31 04:00:00+00:00,11.28,11.3,10.9,11.02,11.02,7827.0
2021-09-01 04:00:00+00:00,11.02,11.02,10.37,10.58,10.58,4407.0
2021-09-02 04:00:00+00:00,10.83,10.83,10.19,10.26,10.26,12039.0
2021-09-03 04:00:00+00:00,10.33,10.43,9.88,10.36,10.36,8301.0
2021-09-07 04:00:00+00:00,10.23,10.85,10.22,10.56,10.56,9641.0
2021-09-08 04:00:00+00:00,10.54,11.45,10.4,11.35,11.35,27097.0
2021-09-09 04:00:00+00:00,11.14,11.515,10.84,11.04,11.04,13399.0
2021-09-10 04:00:00+00:00,11.11,11.11,10.32,10.64,10.64,13688.0
2021-09-13 04:00:00+00:00,10.69,10.69,10.36,10.36,10.36,3452.0
2021-09-14 04:00:00+00:00,10.295,11.09,10.29,10.66,10.66,7992.0
2021-09-15 04:00:00+00:00,10.705,11.505,10.62,11.34,11.34,4898.0
2021-09-16 04:00:00+00:00,11.48,12.57,11.47,12.06,12.06,17805.0
2021-09-17 04:00:00+00:00,12.11,12.23,11.28,11.6,11.6,8595.0
2021-09-20 04:00:00+00:00,11.26,11.87,11.21,11.745,11.745,13918.0
2021-09-21 04:00:00+00:00,11.93,12.79,11.93,12.53,12.53,15100.0
2021-09-22 04:00:00+00:00,12.17,12.31,11.63,12.1,12.1,6519.0
2021-09-23 04:00:00+00:00,12.01,12.51,11.85,12.34,12.34,7193.0
2021-09-24 04:00:00+00:00,12.17,12.21,12.0,12.1,12.1,4257.0
2021-09-27 04:00:00+00:00,12.08,12.14,11.6,11.6,11.6,6811.0
2021-09-28 04:00:00+00:00,11.63,11.65,11.36,11.425,11.425,5514.0
2021-09-29 04:00:00+00:00,11.54,11.75,10.77,10.77,10.77,14807.0
2021-09-30 04:00:00+00:00,10.87,11.22,10.79,11.13,11.13,4977.0
2021-10-01 04:00:00+00:00,11.11,11.11,10.55,10.64,10.64,6832.0
2021-10-04 04:00:00+00:00,10.37,10.68,10.08,10.34,10.34,8287.0
2021-10-05 04:00:00+00:00,10.56,10.56,10.21,10.38,10.38,2710.0
2021-10-06 04:00:00+00:00,10.3,10.35,10.22,10.33,10.33,1332.0
2021-10-07 04:00:00+00:00,10.33,10.84,10.33,10.64,10.64,16031.0
2021-10-08 04:00:00+00:00,10.99,11.33,10.935,11.2,11.2,28184.0
2021-10-11 04:00:00+00:00,11.18,11.2,10.96,10.99,10.99,6850.0
2021-10-12 04:00:00+00:00,10.95,11.29,10.7,11.29,11.29,7974.0
2021-10-13 04:00:00+00:00,11.095,11.475,11.095,11.37,11.37,10094.0
2021-10-14 04:00:00+00:00,11.58,11.58,11.23,11.28,11.28,2306.0
2021-10-15 04:00:00+00:00,11.16,11.23,11.01,11.01,11.01,8679.0
2021-10-18 04:00:00+00:00,10.87,10.99,10.49,10.63,10.63,2468.0
2021-10-19 04:00:00+00:00,10.44,10.5,9.21,9.72,9.72,13447.0
2021-10-20 04:00:00+00:00,10.01,10.18,9.485,9.69,9.69,7824.0
2021-10-21 04:00:00+00:00,9.84,10.39,9.84,10.03,10.03,6675.0
2021-10-22 04:00:00+00:00,9.81,9.86,9.44,9.47,9.47,9315.0
2021-10-25 04:00:00+00:00,9.5,10.05,9.5,9.98,9.98,10240.0
2021-10-26 04:00:00+00:00,9.98,10.195,9.97,10.11,10.11,6852.0
2021-10-27 04:00:00+00:00,10.14,10.17,9.9,10.03,10.03,3190.0
2021-10-28 04:00:00+00:00,10.05,10.46,10.03,10.12,10.12,23456.0
2021-10-29 04:00:00+00:00,10.175,10.32,10.13,10.25,10.25,6467.0
2021-11-01 04:00:00+00:00,10.3,10.37,10.25,10.37,10.37,8957.0
2021-11-02 04:00:00+00:00,10.21,10.85,10.21,10.795,10.795,14228.0
2021-11-03 04:00:00+00:00,10.7,12.53,10.7,12.45,12.45,11272.0
2021-11-04 04:00:00+00:00,12.87,13.09,10.94,11.28,11.28,49183.0
2021-11-05 04:00:00+00:00,10.95,11.07,10.56,10.835,10.835,10700.0
2021-11-08 05:00:00+00:00,10.92,11.2,10.91,10.98,10.98,5168.0
2021-11-09 05:00:00+00:00,10.6,11.04,10.57,10.87,10.87,14224.0
2021-11-10 05:00:00+00:00,11.0,11.0,10.14,10.84,10.84,20287.0
2021-11-11 05:00:00+00:00,10.63,11.065,10.5,10.92,10.92,9608.0
2021-11-12 05:00:00+00:00,10.87,13.63,10.87,13.26,13.26,21062.0
2021-11-15 05:00:00+00:00,13.24,15.78,13.24,14.66,14.66,24892.0
2021-11-16 05:00:00+00:00,14.4,14.96,13.96,14.71,14.71,15988.0
2021-11-17 05:00:00+00:00,14.32,15.37,14.24,15.24,15.24,48415.0
2021-11-18 05:00:00+00:00,15.44,15.6,14.01,14.24,14.24,13342.0
2021-11-19 05:00:00+00:00,14.32,14.54,13.26,13.47,13.47,9975.0
2021-11-22 05:00:00+00:00,13.425,13.425,11.76,12.16,12.16,14692.0
2021-11-23 05:00:00+00:00,12.29,12.4,11.915,12.23,12.23,5354.0
2021-11-24 05:00:00+00:00,12.79,14.12,12.56,13.86,13.86,10248.0
2021-11-26 05:00:00+00:00,14.21,15.54,13.93,15.51,15.51,11474.0
2021-11-29 05:00:00+00:00,15.95,16.19,14.04,14.47,14.47,21179.0
2021-11-30 05:00:00+00:00,14.27,14.68,13.88,14.44,14.44,12013.0
2021-12-01 05:00:00+00:00,14.66,14.66,13.43,14.32,14.32,13863.0
2021-12-02 05:00:00+00:00,13.96,14.66,13.96,14.34,14.34,16158.0
2021-12-03 05:00:00+00:00,14.05,14.05,12.92,13.46,13.46,5848.0
2021-12-06 05:00:00+00:00,13.02,13.02,10.05,10.375,10.375,37067.0
2021-12-07 05:00:00+00:00,10.68,11.26,10.1,10.84,10.84,18477.0
2021-12-08 05:00:00+00:00,10.51,10.76,10.16,10.54,10.54,6874.0
2021-12-09 05:00:00+00:00,8.22,8.495,7.77,8.455,8.455,26260.0
2021-12-10 05:00:00+00:00,8.465,8.87,8.13,8.515,8.515,14371.0
2021-12-13 05:00:00+00:00,8.59,8.9,8.47,8.47,8.47,6039.0
2021-12-14 05:00:00+00:00,9.12,9.28,8.58,9.25,9.25,12019.0
2021-12-15 05:00:00+00:00,9.34,9.83,9.12,9.79,9.79,9263.0
2021-12-16 05:00:00+00:00,9.83,10.315,9.72,10.13,10.13,16395.0
2021-12-17 05:00:00+00:00,10.0,10.34,9.98,10.34,10.34,10533.0
2021-12-20 05:00:00+00:00,10.29,10.495,9.98,10.36,10.36,5791.0
2021-12-21 05:00:00+00:00,10.4,10.5,9.55,9.76,9.76,7643.0
2021-12-22 05:00:00+00:00,9.84,9.96,9.35,9.45,9.45,11317.0
2021-12-23 05:00:00+00:00,9.51,9.975,9.51,9.835,9.835,11387.0
2021-12-27 05:00:00+00:00,9.605,9.87,9.41,9.43,9.43,5811.0
2021-12-28 05:00:00+00:00,10.04,10.1,9.79,9.84,9.84,16520.0
2021-12-29 05:00:00+00:00,9.55,9.8,9.42,9.65,9.65,14246.0
2021-12-30 05:00:00+00:00,9.75,9.83,9.58,9.67,9.67,4142.0
2021-12-31 05:00:00+00:00,9.7,9.74,9.4,9.45,9.45,2635.0
2022-01-03 05:00:00+00:00,9.23,9.73,9.22,9.55,9.55,10589.0
2022-01-04 05:00:00+00:00,9.74,9.74,8.65,9.06,9.06,12998.0
2022-01-05 05:00:00+00:00,9.01,9.25,8.7,8.74,8.74,6326.0
2022-01-06 05:00:00+00:00,8.53,8.74,8.27,8.56,8.56,8460.0
2022-01-07 05:00:00+00:00,8.38,8.58,8.38,8.545,8.545,4244.0
2022-01-10 05:00:00+00:00,8.38,8.69,8.38,8.69,8.69,4710.0
2022-01-11 05:00:00+00:00,8.505,8.6,8.21,8.5,8.5,7417.0
2022-01-12 05:00:00+00:00,8.49,8.56,8.28,8.32,8.32,3238.0
2022-01-13 05:00:00+00:00,8.55,8.55,8.2,8.22,8.22,1770.0
2022-01-14 05:00:00+00:00,8.23,8.23,7.775,7.79,7.79,11257.0
2022-01-18 05:00:00+00:00,7.42,7.64,7.27,7.32,7.32,14680.0
2022-01-19 05:00:00+00:00,7.34,7.88,7.34,7.43,7.43,5534.0
2022-01-20 05:00:00+00:00,7.995,7.995,7.03,7.08,7.08,7104.0
2022-01-21 05:00:00+00:00,6.83,7.17,6.7,6.79,6.79,6578.0
2022-01-24 05:00:00+00:00,6.35,6.69,6.11,6.66,6.66,8478.0
2022-01-25 05:00:00+00:00,6.65,6.66,6.41,6.58,6.58,4958.0
2022-01-26 05:00:00+00:00,6.93,6.93,6.66,6.72,6.72,7131.0
2022-01-27 05:00:00+00:00,6.66,6.66,6.3,6.34,6.34,2773.0
2022-01-28 05:00:00+00:00,6.1,6.48,6.09,6.48,6.48,2793.0
2022-01-31 05:00:00+00:00,6.71,6.92,6.605,6.92,6.92,5374.0
2022-02-01 05:00:00+00:00,7.13,7.52,7.13,7.51,7.51,4727.0
2022-02-02 05:00:00+00:00,7.41,7.41,7.04,7.215,7.215,5816.0
2022-02-03 05:00:00+00:00,7.13,7.18,7.0,7.16,7.16,7987.0
2022-02-04 05:00:00+00:00,7.01,7.34,6.955,7.32,7.32,7879.0
2022-02-07 05:00:00+00:00,7.31,7.41,6.97,7.41,7.41,6373.0
2022-02-08 05:00:00+00:00,7.3,7.5,7.25,7.46,7.46,5889.0
2022-02-09 05:00:00+00:00,7.51,7.71,7.37,7.62,7.62,5448.0
2022-02-10 05:00:00+00:00,7.61,7.66,7.365,7.4,7.4,4990.0
2022-02-11 05:00:00+00:00,7.3,8.15,7.3,7.64,7.64,10097.0
2022-02-14 05:00:00+00:00,7.85,7.89,7.53,7.53,7.53,5012.0
2022-02-15 05:00:00+00:00,7.82,8.05,7.78,8.01,8.01,3349.0
2022-02-16 05:00:00+00:00,8.095,8.21,7.96,8.04,8.04,5665.0
2022-02-17 05:00:00+00:00,8.05,8.185,7.585,7.81,7.81,5753.0
2022-02-18 05:00:00+00:00,7.925,7.925,7.38,7.51,7.51,3162.0
2022-02-22 05:00:00+00:00,7.28,7.51,7.28,7.4,7.4,2232.0
2022-02-23 05:00:00+00:00,7.35,7.42,7.16,7.28,7.28,3909.0
2022-02-24 05:00:00+00:00,7.05,8.11,6.99,8.04,8.04,14557.0
2022-02-25 05:00:00+00:00,7.87,8.56,7.81,8.56,8.56,9889.0
2022-02-28 05:00:00+00:00,8.37,8.53,7.9,7.96,7.96,8264.0
2022-03-01 05:00:00+00:00,7.9,7.92,7.52,7.56,7.56,4025.0
2022-03-02 05:00:00+00:00,7.5,7.5,6.67,6.94,6.94,10813.0
2022-03-03 05:00:00+00:00,7.09,7.17,6.75,6.85,6.85,4645.0
2022-03-04 05:00:00+00:00,6.79,6.8,6.62,6.7,6.7,5011.0
2022-03-07 05:00:00+00:00,6.7,6.84,6.46,6.84,6.84,5344.0
2022-03-08 05:00:00+00:00,6.71,6.94,6.64,6.7,6.7,5241.0
2022-03-09 05:00:00+00:00,6.86,7.34,6.86,7.23,7.23,6031.0
2022-03-10 05:00:00+00:00,7.17,7.18,7.01,7.18,7.18,4680.0
2022-03-11 05:00:00+00:00,7.25,7.25,6.72,6.72,6.72,3758.0
2022-03-14 04:00:00+00:00,6.59,6.59,6.4,6.47,6.47,3201.0
2022-03-15 04:00:00+00:00,6.52,6.525,6.31,6.43,6.43,4954.0
2022-03-16 04:00:00+00:00,6.64,6.87,6.54,6.71,6.71,7746.0
2022-03-17 04:00:00+00:00,6.71,6.93,6.39,6.76,6.76,9853.0
2022-03-18 04:00:00+00:00,6.72,7.1,6.72,6.77,6.77,8066.0
2022-03-21 04:00:00+00:00,6.87,6.87,6.52,6.53,6.53,5841.0
2022-03-22 04:00:00+00:00,7.08,7.26,6.74,6.76,6.76,4455.0
2022-03-23 04:00:00+00:00,6.63,6.68,6.43,6.67,6.67,8598.0
2022-03-24 04:00:00+00:00,6.62,6.84,6.58,6.73,6.73,6771.0
2022-03-25 04:00:00+00:00,6.62,6.71,6.55,6.71,6.71,5544.0
2022-03-28 04:00:00+00:00,6.77,6.81,6.41,6.72,6.72,4423.0
2022-03-29 04:00:00+00:00,6.78,6.95,6.76,6.93,6.93,2598.0
2022-03-30 04:00:00+00:00,6.95,7.12,6.54,6.79,6.79,5409.0
2022-03-31 04:00:00+00:00,6.66,6.75,6.65,6.7,6.7,7430.0
2022-04-01 04:00:00+00:00,6.75,6.75,6.59,6.68,6.68,4852.0
2022-04-04 04:00:00+00:00,6.52,6.69,6.52,6.69,6.69,2861.0
2022-04-05 04:00:00+00:00,6.81,6.95,6.56,6.63,6.63,4399.0
2022-04-06 04:00:00+00:00,6.54,6.7,6.51,6.69,6.69,4929.0
2022-04-07 04:00:00+00:00,7.0,7.13,6.93,7.09,7.09,5288.0
2022-04-08 04:00:00+00:00,6.945,6.99,6.765,6.89,6.89,8740.0
2022-04-11 04:00:00+00:00,6.6,6.65,6.31,6.36,6.36,7575.0
2022-04-12 04:00:00+00:00,6.38,6.62,6.36,6.43,6.43,6706.0
2022-04-13 04:00:00+00:00,6.49,6.71,6.35,6.69,6.69,8464.0
2022-04-14 04:00:00+00:00,6.74,6.74,6.53,6.57,6.57,4049.0
2022-04-18 04:00:00+00:00,6.55,6.58,6.22,6.31,6.31,8392.0
2022-04-19 04:00:00+00:00,6.38,6.545,6.3,6.53,6.53,2615.0
2022-04-20 04:00:00+00:00,6.49,6.75,6.45,6.45,6.45,4578.0
2022-04-21 04:00:00+00:00,6.53,6.76,6.47,6.62,6.62,6739.0
2022-04-22 04:00:00+00:00,6.57,6.99,6.49,6.99,6.99,9856.0
2022-04-25 04:00:00+00:00,7.05,8.38,7.05,7.82,7.82,26138.0
2022-04-26 04:00:00+00:00,7.9,8.0,7.6,7.735,7.735,9244.0
2022-04-27 04:00:00+00:00,7.8,7.96,7.58,7.7,7.7,8394.0
2022-04-28 04:00:00+00:00,7.44,7.51,5.62,6.21,6.21,24232.0
2022-04-29 04:00:00+00:00,6.16,6.37,5.9,5.955,5.955,11371.0
2022-05-02 04:00:00+00:00,5.8,6.05,5.755,5.925,5.925,10451.0
2022-05-03 04:00:00+00:00,6.01,6.09,5.9,6.04,6.04,4805.0
2022-05-04 04:00:00+00:00,6.06,6.42,5.93,6.39,6.39,6220.0
2022-05-05 04:00:00+00:00,6.2,6.2,6.07,6.17,6.17,11593.0
2022-05-06 04:00:00+00:00,6.13,6.24,6.06,6.17,6.17,8317.0
2022-05-09 04:00:00+00:00,5.6,5.69,5.1,5.13,5.13,3958.0
2022-05-10 04:00:00+00:00,5.3,5.3,5.05,5.21,5.21,3423.0
2022-05-11 04:00:00+00:00,5.22,5.22,4.95,4.97,4.97,2372.0
2022-05-12 04:00:00+00:00,4.79,5.08,4.79,5.06,5.06,8022.0
2022-05-13 04:00:00+00:00,5.32,5.32,5.135,5.18,5.18,2663.0
2022-05-16 04:00:00+00:00,5.12,5.19,5.03,5.13,5.13,1211.0
2022-05-17 04:00:00+00:00,5.26,5.54,5.22,5.505,5.505,15325.0
2022-05-18 04:00:00+00:00,5.59,5.69,5.36,5.435,5.435,9687.0
2022-05-19 04:00:00+00:00,5.56,6.09,5.47,6.09,6.09,8843.0
2022-05-20 04:00:00+00:00,6.21,6.28,6.02,6.21,6.21,7994.0
2022-05-23 04:00:00+00:00,6.15,6.15,5.27,5.37,5.37,4059.0
2022-05-24 04:00:00+00:00,5.31,6.02,5.21,5.6,5.6,10524.0
2022-05-25 04:00:00+00:00,5.395,5.66,5.38,5.65,5.65,4836.0
2022-05-26 04:00:00+00:00,5.67,5.9,5.67,5.69,5.69,6673.0
2022-05-27 04:00:00+00:00,5.71,5.83,5.59,5.73,5.73,4311.0
2022-05-31 04:00:00+00:00,5.71,5.87,5.71,5.71,5.71,1994.0
2022-06-01 04:00:00+00:00,5.58,5.83,5.52,5.78,5.78,2176.0
2022-06-02 04:00:00+00:00,5.77,5.92,5.74,5.81,5.81,1989.0
2022-06-03 04:00:00+00:00,5.77,5.89,5.56,5.88,5.88,3074.0
2022-06-06 04:00:00+00:00,5.66,5.68,5.42,5.48,5.48,5651.0
2022-06-07 04:00:00+00:00,5.49,5.78,5.37,5.72,5.72,8676.0
2022-06-08 04:00:00+00:00,5.89,5.92,5.74,5.74,5.74,1795.0
2022-06-09 04:00:00+00:00,5.63,5.685,5.5,5.6,5.6,5661.0
2022-06-10 04:00:00+00:00,5.3,5.4,5.3,5.315,5.315,2685.0
2022-06-13 04:00:00+00:00,5.0,5.21,4.91,5.145,5.145,14708.0
2022-06-14 04:00:00+00:00,5.0,5.12,5.0,5.075,5.075,4240.0
2022-06-15 04:00:00+00:00,5.39,5.72,5.31,5.55,5.55,9458.0
2022-06-16 04:00:00+00:00,5.37,5.385,5.04,5.295,5.295,7069.0
2022-06-17 04:00:00+00:00,5.53,5.61,5.405,5.505,5.505,2425.0
2022-06-21 04:00:00+00:00,5.53,5.64,5.49,5.58,5.58,8419.0
2022-06-22 04:00:00+00:00,5.73,5.87,5.65,5.74,5.74,4473.0
2022-06-23 04:00:00+00:00,5.76,7.38,5.76,7.04,7.04,12060.0
2022-06-24 04:00:00+00:00,6.92,6.93,6.47,6.51,6.51,10775.0
2022-06-27 04:00:00+00:00,6.47,6.47,5.98,6.25,6.25,7051.0
2022-06-28 04:00:00+00:00,6.29,6.29,5.69,5.79,5.79,10467.0
2022-06-29 04:00:00+00:00,6.72,6.83,5.88,6.24,6.24,34663.0
2022-06-30 04:00:00+00:00,6.14,6.99,6.13,6.67,6.67,29582.0
2022-07-01 04:00:00+00:00,6.69,7.425,6.58,7.425,7.425,7444.0
2022-07-05 04:00:00+00:00,7.25,8.445,7.25,8.43,8.43,10095.0
2022-07-06 04:00:00+00:00,8.88,10.72,8.88,9.94,9.94,113627.0
2022-07-07 04:00:00+00:00,10.14,10.97,9.67,10.93,10.93,21284.0
2022-07-08 04:00:00+00:00,10.62,11.045,10.41,10.94,10.94,13033.0
2022-07-11 04:00:00+00:00,10.76,10.82,9.46,9.47,9.47,8494.0
2022-07-12 04:00:00+00:00,9.65,10.265,9.37,10.2,10.2,8371.0
2022-07-13 04:00:00+00:00,10.32,10.36,9.87,10.12,10.12,6558.0
2022-07-14 04:00:00+00:00,9.99,9.99,9.305,9.305,9.305,2805.0
2022-07-15 04:00:00+00:00,9.51,9.95,9.28,9.775,9.775,7373.0
2022-07-18 04:00:00+00:00,10.14,10.24,8.83,8.86,8.86,19065.0
2022-07-19 04:00:00+00:00,8.97,9.05,8.78,8.97,8.97,5756.0
2022-07-20 04:00:00+00:00,8.97,9.53,8.97,9.41,9.41,15094.0
2022-07-21 04:00:00+00:00,9.5,10.33,9.5,10.25,10.25,13025.0
2022-07-22 04:00:00+00:00,10.0,10.19,8.94,8.99,8.99,12659.0
2022-07-25 04:00:00+00:00,9.01,9.29,9.01,9.085,9.085,13066.0
2022-07-26 04:00:00+00:00,8.83,9.265,8.61,9.03,9.03,13479.0
2022-07-27 04:00:00+00:00,9.09,9.375,8.98,9.19,9.19,6705.0
2022-07-28 04:00:00+00:00,8.92,9.53,8.89,9.4,9.4,5312.0
2022-07-29 04:00:00+00:00,9.45,9.45,9.17,9.26,9.26,2768.0
2022-08-01 04:00:00+00:00,9.03,9.065,8.81,8.95,8.95,8376.0
2022-08-02 04:00:00+00:00,9.045,9.51,9.045,9.51,9.51,15028.0
2022-08-03 04:00:00+00:00,9.44,9.84,9.26,9.43,9.43,5216.0
2022-08-04 04:00:00+00:00,9.19,9.3,9.0,9.2,9.2,3358.0
2022-08-05 04:00:00+00:00,9.36,9.87,9.36,9.685,9.685,5565.0
2022-08-08 04:00:00+00:00,9.86,10.29,9.725,9.78,9.78,6583.0
2022-08-09 04:00:00+00:00,9.885,9.885,9.295,9.41,9.41,2418.0
2022-08-10 04:00:00+00:00,9.57,10.1,9.55,9.99,9.99,9613.0
2022-08-11 04:00:00+00:00,9.83,10.07,9.56,10.03,10.03,7469.0
2022-08-12 04:00:00+00:00,10.34,10.94,10.08,10.81,10.81,7089.0
2022-08-15 04:00:00+00:00,11.115,11.73,11.115,11.39,11.39,21381.0
2022-08-16 04:00:00+00:00,11.21,11.37,10.2,10.42,10.42,12494.0
2022-08-17 04:00:00+00:00,10.0,10.335,9.88,10.21,10.21,6780.0
2022-08-18 04:00:00+00:00,10.24,10.47,10.075,10.35,10.35,10273.0
2022-08-19 04:00:00+00:00,9.88,9.88,9.61,9.8,9.8,5455.0
2022-08-22 04:00:00+00:00,9.63,9.63,8.91,9.03,9.03,2476.0
2022-08-23 04:00:00+00:00,9.43,10.095,9.43,10.02,10.02,4663.0
2022-08-24 04:00:00+00:00,10.2,10.32,10.13,10.15,10.15,2161.0
2022-08-25 04:00:00+00:00,10.135,10.135,9.43,9.67,9.67,5121.0
2022-08-26 04:00:00+00:00,9.58,9.58,9.52,9.57,9.57,1530.0
2022-08-29 04:00:00+00:00,9.44,9.49,9.295,9.41,9.41,2687.0
2022-08-30 04:00:00+00:00,9.24,9.24,9.1,9.1,9.1,1648.0
2022-08-31 04:00:00+00:00,9.36,9.46,9.31,9.37,9.37,2805.0
2022-09-01 04:00:00+00:00,9.26,9.26,9.125,9.25,9.25,1050.0
2022-09-02 04:00:00+00:00,9.415,9.64,9.415,9.55,9.55,3720.0
2022-09-06 04:00:00+00:00,9.23,9.23,9.04,9.06,9.06,1635.0
2022-09-07 04:00:00+00:00,9.205,9.34,9.18,9.24,9.24,3555.0
2022-09-08 04:00:00+00:00,9.33,9.42,9.28,9.405,9.405,1368.0
2022-09-09 04:00:00+00:00,9.28,9.68,9.28,9.48,9.48,2029.0
2022-09-12 04:00:00+00:00,9.505,9.55,9.33,9.33,9.33,5316.0
2022-09-13 04:00:00+00:00,9.34,9.79,9.34,9.7,9.7,2383.0
2022-09-14 04:00:00+00:00,9.86,9.86,9.8,9.81,9.81,1186.0
2022-09-15 04:00:00+00:00,9.79,9.79,9.385,9.39,9.39,1542.0
2022-09-16 04:00:00+00:00,9.28,9.4,8.93,9.055,9.055,2712.0
2022-09-19 04:00:00+00:00,8.43,8.7,8.43,8.7,8.7,2910.0
2022-09-20 04:00:00+00:00,8.86,9.21,8.86,9.19,9.19,2724.0
2022-09-21 04:00:00+00:00,8.735,9.1,8.735,8.93,8.93,2995.0
2022-09-22 04:00:00+00:00,8.54,8.54,8.28,8.395,8.395,2954.0
2022-09-23 04:00:00+00:00,8.16,8.18,7.97,8.16,8.16,1520.0
2022-09-26 04:00:00+00:00,8.02,8.02,7.675,7.82,7.82,5415.0
2022-09-27 04:00:00+00:00,7.98,8.06,7.86,7.96,7.96,1478.0
2022-09-28 04:00:00+00:00,8.1,8.17,7.86,7.94,7.94,1601.0
2022-09-29 04:00:00+00:00,7.77,7.77,7.42,7.47,7.47,3467.0
2022-09-30 04:00:00+00:00,7.755,7.915,7.42,7.45,7.45,7161.0
2022-10-03 04:00:00+00:00,7.46,7.885,7.46,7.69,7.69,4885.0
2022-10-04 04:00:00+00:00,7.97,7.98,7.86,7.86,7.86,832.0
2022-10-05 04:00:00+00:00,7.795,8.045,7.67,7.97,7.97,1659.0
2022-10-06 04:00:00+00:00,7.71,7.71,7.53,7.6,7.6,1468.0
2022-10-07 04:00:00+00:00,7.365,7.55,7.16,7.22,7.22,3606.0
2022-10-10 04:00:00+00:00,7.1,7.1,6.775,6.79,6.79,3167.0
2022-10-11 04:00:00+00:00,6.72,6.72,6.5,6.59,6.59,18217.0
2022-10-12 04:00:00+00:00,6.4,6.57,6.385,6.41,6.41,5049.0
2022-10-13 04:00:00+00:00,6.23,6.3,6.16,6.21,6.21,11277.0
2022-10-14 04:00:00+00:00,6.26,6.26,5.72,5.82,5.82,11812.0
2022-10-17 04:00:00+00:00,5.97,6.05,5.96,6.04,6.04,9393.0
2022-10-18 04:00:00+00:00,6.2,8.0,6.14,7.9,7.9,21404.0
2022-10-19 04:00:00+00:00,7.7,7.74,6.34,6.34,6.34,24663.0
2022-10-20 04:00:00+00:00,6.5,7.2,6.46,6.83,6.83,8058.0
2022-10-21 04:00:00+00:00,6.72,6.88,6.72,6.86,6.86,3646.0
2022-10-24 04:00:00+00:00,6.77,7.325,6.77,7.18,7.18,8736.0
2022-10-25 04:00:00+00:00,7.47,7.54,7.21,7.325,7.325,5160.0
2022-10-26 04:00:00+00:00,7.5,7.62,7.07,7.28,7.28,12467.0
2022-10-27 04:00:00+00:00,7.15,7.19,6.71,6.74,6.74,3548.0
2022-10-28 04:00:00+00:00,6.675,6.96,6.675,6.93,6.93,2221.0
2022-10-31 04:00:00+00:00,6.92,6.92,6.735,6.795,6.795,4100.0
2022-11-01 04:00:00+00:00,6.83,6.87,6.76,6.83,6.83,3882.0
2022-11-02 04:00:00+00:00,6.64,6.86,6.46,6.47,6.47,4567.0
2022-11-03 04:00:00+00:00,6.35,7.17,6.35,6.965,6.965,4326.0
2022-11-04 04:00:00+00:00,6.8,6.8,6.2,6.62,6.62,3113.0
2022-11-07 05:00:00+00:00,6.555,6.72,6.54,6.56,6.56,5670.0
2022-11-08 05:00:00+00:00,6.37,6.63,6.37,6.63,6.63,1247.0
2022-11-09 05:00:00+00:00,6.54,6.68,5.21,5.455,5.455,12722.0
2022-11-10 05:00:00+00:00,5.88,5.88,5.56,5.64,5.64,1880.0
2022-11-11 05:00:00+00:00,6.04,6.295,6.04,6.2,6.2,2173.0
2022-11-14 05:00:00+00:00,6.39,6.4,5.89,5.89,5.89,4587.0
2022-11-15 05:00:00+00:00,6.03,6.39,6.01,6.2,6.2,5527.0
2022-11-16 05:00:00+00:00,6.11,6.17,5.96,6.08,6.08,2640.0
2022-11-17 05:00:00+00:00,6.01,6.01,5.58,5.7,5.7,2630.0
2022-11-18 05:00:00+00:00,5.795,6.1,5.77,5.83,5.83,4358.0
2022-11-21 05:00:00+00:00,6.46,6.56,6.07,6.095,6.095,9659.0
2022-11-22 05:00:00+00:00,6.02,6.15,5.79,6.04,6.04,4434.0
2022-11-23 05:00:00+00:00,6.06,6.08,5.97,5.98,5.98,1589.0
2022-11-25 05:00:00+00:00,6.045,6.045,5.94,5.96,5.96,1268.0
2022-11-28 05:00:00+00:00,5.86,5.87,5.63,5.76,5.76,3940.0
2022-11-29 05:00:00+00:00,5.735,5.815,5.66,5.725,5.725,1589.0
2022-11-30 05:00:00+00:00,5.67,5.79,5.62,5.71,5.71,4465.0
2022-12-01 05:00:00+00:00,6.05,6.38,5.78,6.03,6.03,6613.0
2022-12-02 05:00:00+00:00,6.05,6.27,6.045,6.27,6.27,4305.0
2022-12-05 05:00:00+00:00,6.09,6.1,5.775,5.97,5.97,7925.0
2022-12-06 05:00:00+00:00,5.78,5.91,5.73,5.73,5.73,2056.0
2022-12-07 05:00:00+00:00,5.75,6.0,5.75,5.83,5.83,2067.0
2022-12-08 05:00:00+00:00,5.81,5.93,5.81,5.88,5.88,1853.0
2022-12-09 05:00:00+00:00,5.71,5.88,5.69,5.775,5.775,4277.0
2022-12-12 05:00:00+00:00,6.085,6.28,5.82,5.99,5.99,5547.0
2022-12-13 05:00:00+00:00,6.16,6.41,6.065,6.405,6.405,2714.0
2022-12-14 05:00:00+00:00,6.46,6.5,6.3,6.5,6.5,5078.0
2022-12-15 05:00:00+00:00,6.37,6.38,6.18,6.21,6.21,3136.0
2022-12-16 05:00:00+00:00,6.165,6.24,5.92,6.15,6.15,7522.0
2022-12-19 05:00:00+00:00,5.965,5.965,5.83,5.88,5.88,3703.0
2022-12-20 05:00:00+00:00,5.995,5.995,5.92,5.92,5.92,1365.0
2022-12-21 05:00:00+00:00,6.26,6.26,6.12,6.13,6.13,1192.0
2022-12-22 05:00:00+00:00,6.07,6.64,6.07,6.54,6.54,3711.0
2022-12-23 05:00:00+00:00,6.31,6.31,6.18,6.245,6.245,2253.0
2022-12-27 05:00:00+00:00,6.03,6.12,5.87,5.91,5.91,2773.0
2022-12-28 05:00:00+00:00,5.96,5.98,5.84,5.94,5.94,3113.0
2022-12-29 05:00:00+00:00,5.99,6.5,5.99,6.425,6.425,3972.0
2022-12-30 05:00:00+00:00,6.46,6.61,6.46,6.485,6.485,1268.0
2023-01-03 05:00:00+00:00,6.51,6.51,6.19,6.31,6.31,7049.0
2023-01-04 05:00:00+00:00,6.265,6.57,6.255,6.44,6.44,3707.0
2023-01-05 05:00:00+00:00,6.26,6.31,6.09,6.09,6.09,3080.0
2023-01-06 05:00:00+00:00,6.18,6.31,5.95,6.09,6.09,3800.0
2023-01-09 05:00:00+00:00,6.1,6.15,5.91,5.92,5.92,6759.0
2023-01-10 05:00:00+00:00,6.14,6.145,6.04,6.105,6.105,2341.0
2023-01-11 05:00:00+00:00,6.12,6.12,5.975,5.98,5.98,3149.0
2023-01-12 05:00:00+00:00,5.97,6.6,5.96,6.57,6.57,6991.0
2023-01-13 05:00:00+00:00,6.515,7.07,6.515,6.87,6.87,6908.0
2023-01-17 05:00:00+00:00,6.71,6.85,6.68,6.83,6.83,6599.0
2023-01-18 05:00:00+00:00,6.81,7.18,6.77,6.99,6.99,12355.0
2023-01-19 05:00:00+00:00,7.03,7.13,6.67,6.73,6.73,6627.0
2023-01-20 05:00:00+00:00,6.92,6.96,6.72,6.79,6.79,6055.0
2023-01-23 05:00:00+00:00,6.62,6.69,6.33,6.39,6.39,7676.0
2023-01-24 05:00:00+00:00,6.39,6.39,6.25,6.34,6.34,4129.0
2023-01-25 05:00:00+00:00,6.395,6.66,6.395,6.64,6.64,2859.0
2023-01-26 05:00:00+00:00,6.65,6.65,6.47,6.475,6.475,1839.0
2023-01-27 05:00:00+00:00,6.49,6.63,6.49,6.61,6.61,3347.0
2023-01-30 05:00:00+00:00,6.51,6.67,6.465,6.48,6.48,5142.0
2023-01-31 05:00:00+00:00,6.58,6.66,6.37,6.48,6.48,3147.0
2023-02-01 05:00:00+00:00,6.66,6.7,6.48,6.59,6.59,2549.0
2023-02-02 05:00:00+00:00,6.67,6.87,6.62,6.7,6.7,3098.0
2023-02-03 05:00:00+00:00,6.915,7.23,6.84,7.22,7.22,9056.0
2023-02-06 05:00:00+00:00,7.18,7.71,7.04,7.48,7.48,8276.0
2023-02-07 05:00:00+00:00,7.44,7.59,7.22,7.56,7.56,7554.0
2023-02-08 05:00:00+00:00,7.49,7.49,7.07,7.11,7.11,1583.0
2023-02-09 05:00:00+00:00,7.27,7.325,6.56,6.675,6.675,8815.0
2023-02-10 05:00:00+00:00,6.25,6.54,5.62,6.11,6.11,17151.0
2023-02-13 05:00:00+00:00,6.155,6.735,6.14,6.735,6.735,11596.0
2023-02-14 05:00:00+00:00,6.52,6.71,6.14,6.2,6.2,4912.0
2023-02-15 05:00:00+00:00,6.21,6.245,6.145,6.18,6.18,1963.0
2023-02-16 05:00:00+00:00,6.08,6.23,6.02,6.095,6.095,12013.0
2023-02-17 05:00:00+00:00,6.04,6.17,5.98,6.09,6.09,3669.0
2023-02-21 05:00:00+00:00,5.95,5.99,5.53,5.88,5.88,9455.0
2023-02-22 05:00:00+00:00,5.94,6.01,5.81,5.93,5.93,10052.0
2023-02-23 05:00:00+00:00,5.97,5.97,5.775,5.85,5.85,1364.0
2023-02-24 05:00:00+00:00,5.835,5.835,5.67,5.75,5.75,1589.0
2023-02-27 05:00:00+00:00,5.86,6.03,5.86,6.0,6.0,4549.0
2023-02-28 05:00:00+00:00,6.04,6.175,6.025,6.095,6.095,6395.0
2023-03-01 05:00:00+00:00,6.07,6.07,5.96,5.97,5.97,2529.0
2023-03-02 05:00:00+00:00,5.845,5.845,5.775,5.83,5.83,896.0
2023-03-03 05:00:00+00:00,5.83,5.9,5.76,5.85,5.85,2616.0
2023-03-06 05:00:00+00:00,5.74,5.74,5.61,5.64,5.64,1588.0
2023-03-07 05:00:00+00:00,5.67,6.215,5.67,6.09,6.09,4221.0
2023-03-08 05:00:00+00:00,5.93,6.025,5.87,5.99,5.99,9824.0
2023-03-09 05:00:00+00:00,6.0,6.09,5.9,5.91,5.91,4188.0
2023-03-10 05:00:00+00:00,6.2,6.2,5.93,5.99,5.99,16365.0
2023-03-13 04:00:00+00:00,5.97,6.46,5.94,6.38,6.38,17569.0
2023-03-14 04:00:00+00:00,6.34,6.92,6.34,6.79,6.79,11317.0
2023-03-15 04:00:00+00:00,6.57,6.83,6.375,6.475,6.475,11485.0
2023-03-16 04:00:00+00:00,6.51,6.85,6.495,6.79,6.79,8137.0
2023-03-17 04:00:00+00:00,6.62,6.64,6.335,6.47,6.47,8683.0
2023-03-20 04:00:00+00:00,6.44,6.57,6.44,6.44,6.44,7053.0
2023-03-21 04:00:00+00:00,6.62,6.89,6.62,6.81,6.81,5778.0
2023-03-22 04:00:00+00:00,6.77,6.975,6.69,6.69,6.69,13162.0
2023-03-23 04:00:00+00:00,6.67,6.92,6.15,6.29,6.29,9694.0
2023-03-24 04:00:00+00:00,6.195,6.195,5.86,6.155,6.155,4248.0
2023-03-27 04:00:00+00:00,6.29,6.33,6.15,6.16,6.16,1574.0
2023-03-28 04:00:00+00:00,6.34,6.44,6.21,6.29,6.29,11308.0
2023-03-29 04:00:00+00:00,6.39,6.425,6.28,6.4,6.4,5169.0
2023-03-30 04:00:00+00:00,6.525,6.86,6.43,6.545,6.545,16653.0
2023-03-31 04:00:00+00:00,6.76,7.01,6.53,6.74,6.74,14464.0
2023-04-03 04:00:00+00:00,6.74,6.79,6.65,6.72,6.72,7749.0
2023-04-04 04:00:00+00:00,6.85,7.16,6.71,6.95,6.95,15604.0
2023-04-05 04:00:00+00:00,6.81,6.82,6.63,6.665,6.665,11077.0
2023-04-06 04:00:00+00:00,6.61,6.64,6.5,6.62,6.62,5369.0
2023-04-10 04:00:00+00:00,6.54,6.62,6.485,6.5,6.5,21380.0
2023-04-11 04:00:00+00:00,6.58,6.64,6.51,6.535,6.535,7463.0
2023-04-12 04:00:00+00:00,6.59,6.59,6.205,6.205,6.205,6297.0
2023-04-13 04:00:00+00:00,6.29,6.31,6.125,6.22,6.22,10706.0
2023-04-14 04:00:00+00:00,6.06,6.15,6.04,6.06,6.06,7942.0
2023-04-17 04:00:00+00:00,6.06,6.4,6.06,6.305,6.305,6966.0
2023-04-18 04:00:00+00:00,6.29,6.32,6.05,6.16,6.16,6561.0
2023-04-19 04:00:00+00:00,6.2,6.2,5.9,5.94,5.94,12974.0
2023-04-20 04:00:00+00:00,5.96,6.0,5.69,5.695,5.695,11195.0
2023-04-21 04:00:00+00:00,5.72,5.85,5.69,5.785,5.785,7822.0
2023-04-24 04:00:00+00:00,5.81,5.82,5.615,5.8,5.8,16369.0
2023-04-25 04:00:00+00:00,5.825,5.825,5.65,5.73,5.73,14782.0
2023-04-26 04:00:00+00:00,5.69,5.69,5.515,5.54,5.54,4290.0
2023-04-27 04:00:00+00:00,5.575,5.795,5.54,5.775,5.775,13020.0
2023-04-28 04:00:00+00:00,5.65,5.855,5.645,5.84,5.84,10135.0
2023-05-01 04:00:00+00:00,5.86,6.065,5.86,5.95,5.95,5423.0
2023-05-02 04:00:00+00:00,5.9,5.9,5.785,5.785,5.785,3415.0
2023-05-03 04:00:00+00:00,5.84,5.98,5.75,5.915,5.915,5448.0
2023-05-04 04:00:00+00:00,5.86,5.86,5.78,5.82,5.82,1342.0
2023-05-05 04:00:00+00:00,5.84,5.91,5.77,5.78,5.78,3266.0
2023-05-08 04:00:00+00:00,5.71,5.71,5.55,5.55,5.55,3727.0
2023-05-09 04:00:00+00:00,5.44,5.825,5.44,5.71,5.71,13238.0
2023-05-10 04:00:00+00:00,5.82,5.82,5.54,5.66,5.66,10937.0
2023-05-11 04:00:00+00:00,5.59,5.65,5.59,5.6,5.6,1949.0
2023-05-12 04:00:00+00:00,5.53,5.59,5.52,5.57,5.57,5314.0
2023-05-15 04:00:00+00:00,5.62,5.65,5.57,5.57,5.57,1294.0
2023-05-16 04:00:00+00:00,5.5,5.52,5.34,5.36,5.36,12449.0
2023-05-17 04:00:00+00:00,5.33,5.615,5.33,5.615,5.615,5734.0
2023-05-18 04:00:00+00:00,5.67,6.09,5.67,5.69,5.69,3180.0
2023-05-19 04:00:00+00:00,5.85,5.85,5.76,5.79,5.79,3588.0
2023-05-22 04:00:00+00:00,5.86,5.88,5.75,5.75,5.75,5004.0
2023-05-23 04:00:00+00:00,5.7,6.015,5.66,5.66,5.66,4774.0
2023-05-24 04:00:00+00:00,5.56,5.595,5.47,5.515,5.515,4039.0
2023-05-25 04:00:00+00:00,5.44,5.44,5.225,5.29,5.29,8440.0
2023-05-26 04:00:00+00:00,5.325,5.325,5.11,5.13,5.13,3021.0
2023-05-30 04:00:00+00:00,5.17,5.26,5.145,5.255,5.255,3073.0
2023-05-31 04:00:00+00:00,5.27,5.315,5.24,5.25,5.25,6491.0
2023-06-01 04:00:00+00:00,5.24,5.3,5.21,5.3,5.3,7018.0
2023-06-02 04:00:00+00:00,5.285,5.34,5.225,5.33,5.33,5512.0
2023-06-05 04:00:00+00:00,5.54,5.6,5.44,5.48,5.48,1700.0
2023-06-06 04:00:00+00:00,5.65,5.66,5.56,5.59,5.59,1294.0
2023-06-07 04:00:00+00:00,5.78,5.78,5.54,5.715,5.715,2824.0
2023-06-08 04:00:00+00:00,5.77,6.005,5.77,5.96,5.96,4227.0
2023-06-09 04:00:00+00:00,6.15,6.15,5.89,5.89,5.89,3854.0
2023-06-12 04:00:00+00:00,5.91,5.91,5.68,5.76,5.76,2571.0
2023-06-13 04:00:00+00:00,5.885,5.94,5.815,5.875,5.875,3127.0
2023-06-14 04:00:00+00:00,6.01,6.01,5.66,5.73,5.73,2528.0
2023-06-15 04:00:00+00:00,6.01,6.13,5.94,5.99,5.99,17194.0
2023-06-16 04:00:00+00:00,6.03,6.3,5.95,6.07,6.07,25762.0
2023-06-20 04:00:00+00:00,6.25,6.33,6.16,6.175,6.175,8733.0
2023-06-21 04:00:00+00:00,6.09,6.13,5.86,5.98,5.98,11939.0
2023-06-22 04:00:00+00:00,5.6,5.735,5.43,5.71,5.71,15811.0
2023-06-23 04:00:00+00:00,4.605,4.76,3.95,4.605,4.605,187977.0
2023-06-26 04:00:00+00:00,4.68,4.79,4.26,4.515,4.515,23431.0
2023-06-27 04:00:00+00:00,4.58,4.805,4.53,4.77,4.77,28242.0
2023-06-28 04:00:00+00:00,4.66,4.725,4.545,4.645,4.645,7587.0
2023-06-29 04:00:00+00:00,4.6,4.6,4.51,4.58,4.58,15556.0
2023-06-30 04:00:00+00:00,4.545,4.59,4.24,4.25,4.25,14265.0
2023-07-03 04:00:00+00:00,4.15,4.15,4.02,4.02,4.02,4647.0
2023-07-05 04:00:00+00:00,3.99,4.15,3.855,4.075,4.075,12248.0
2023-07-06 04:00:00+00:00,4.11,4.11,3.97,4.075,4.075,14653.0
2023-07-07 04:00:00+00:00,4.09,4.135,4.01,4.08,4.08,3937.0
2023-07-10 04:00:00+00:00,4.23,4.235,4.105,4.125,4.125,6069.0
2023-07-11 04:00:00+00:00,4.185,4.19,4.18,4.18,4.18,2249.0
2023-07-12 04:00:00+00:00,4.225,4.225,4.08,4.08,4.08,4252.0
2023-07-13 04:00:00+00:00,4.095,4.095,3.965,3.965,3.965,3990.0
2023-07-14 04:00:00+00:00,3.935,3.935,3.72,3.775,3.775,5846.0
2023-07-17 04:00:00+00:00,3.79,3.88,3.77,3.795,3.795,7791.0
2023-07-18 04:00:00+00:00,3.85,4.0,3.85,3.9,3.9,4154.0
2023-07-19 04:00:00+00:00,3.95,4.14,3.925,4.14,4.14,5844.0
2023-07-20 04:00:00+00:00,4.03,4.13,4.03,4.09,4.09,4278.0
2023-07-21 04:00:00+00:00,3.92,4.06,3.9,3.92,3.92,7400.0
2023-07-24 04:00:00+00:00,3.76,3.825,3.685,3.685,3.685,5216.0
2023-07-25 04:00:00+00:00,3.69,3.69,3.48,3.495,3.495,4354.0
2023-07-26 04:00:00+00:00,3.48,3.535,3.425,3.435,3.435,7146.0
2023-07-27 04:00:00+00:00,3.35,3.38,3.22,3.22,3.22,3948.0
2023-07-28 04:00:00+00:00,3.495,3.63,3.355,3.47,3.47,17790.0
2023-07-31 04:00:00+00:00,3.57,3.745,3.57,3.62,3.62,8769.0
2023-08-01 04:00:00+00:00,3.545,3.545,3.405,3.47,3.47,7378.0
2023-08-02 04:00:00+00:00,3.36,3.43,3.3,3.41,3.41,2821.0
2023-08-03 04:00:00+00:00,3.395,3.48,3.285,3.285,3.285,4679.0
2023-08-04 04:00:00+00:00,3.255,3.295,3.23,3.275,3.275,11906.0
2023-08-07 04:00:00+00:00,3.19,3.255,3.19,3.22,3.22,7264.0
2023-08-08 04:00:00+00:00,3.23,3.7,3.23,3.66,3.66,15547.0
2023-08-09 04:00:00+00:00,3.775,3.775,3.62,3.665,3.665,15080.0
2023-08-10 04:00:00+00:00,3.64,3.68,3.61,3.635,3.635,12025.0
2023-08-11 04:00:00+00:00,3.63,3.88,3.62,3.64,3.64,19124.0
2023-08-14 04:00:00+00:00,3.57,3.595,3.415,3.58,3.58,11802.0
2023-08-15 04:00:00+00:00,3.53,3.53,3.25,3.25,3.25,7003.0
2023-08-16 04:00:00+00:00,3.22,3.22,3.0,3.0,3.0,8569.0
2023-08-17 04:00:00+00:00,2.995,2.995,2.64,2.655,2.655,8040.0
2023-08-18 04:00:00+00:00,2.57,2.715,2.57,2.675,2.675,3603.0
2023-08-21 04:00:00+00:00,2.7,2.79,2.615,2.77,2.77,10531.0
2023-08-22 04:00:00+00:00,2.725,2.73,2.645,2.65,2.65,8568.0
2023-08-23 04:00:00+00:00,3.08,3.08,2.78,2.78,2.78,13580.0
2023-08-24 04:00:00+00:00,2.72,2.825,2.72,2.775,2.775,5648.0
2023-08-25 04:00:00+00:00,2.76,2.76,2.67,2.735,2.735,10494.0
2023-08-28 04:00:00+00:00,2.7,2.81,2.7,2.77,2.77,7513.0
2023-08-29 04:00:00+00:00,2.795,2.825,2.79,2.825,2.825,6124.0
2023-08-30 04:00:00+00:00,3.05,3.34,3.05,3.24,3.24,7003.0
2023-08-31 04:00:00+00:00,3.32,3.33,3.045,3.05,3.05,6050.0
2023-09-01 04:00:00+00:00,3.035,3.185,3.035,3.17,3.17,4877.0
2023-09-05 04:00:00+00:00,3.07,3.19,3.055,3.125,3.125,7169.0
2023-09-06 04:00:00+00:00,3.15,3.205,3.145,3.17,3.17,4690.0
2023-09-07 04:00:00+00:00,3.2,3.24,3.09,3.19,3.19,6177.0
2023-09-08 04:00:00+00:00,3.135,3.19,3.13,3.15,3.15,3974.0
2023-09-11 04:00:00+00:00,3.205,3.255,3.16,3.16,3.16,6401.0
2023-09-12 04:00:00+00:00,3.245,3.245,3.195,3.195,3.195,3451.0
2023-09-13 04:00:00+00:00,3.15,3.15,3.1,3.115,3.115,7834.0
2023-09-14 04:00:00+00:00,3.18,3.21,3.14,3.14,3.14,7865.0
2023-09-15 04:00:00+00:00,2.985,3.04,2.985,3.035,3.035,7445.0
2023-09-18 04:00:00+00:00,2.875,2.95,2.78,2.78,2.78,6229.0
2023-09-19 04:00:00+00:00,2.725,3.03,2.725,2.96,2.96,8660.0
2023-09-20 04:00:00+00:00,3.05,3.07,2.82,2.83,2.83,4620.0
2023-09-21 04:00:00+00:00,2.82,2.88,2.79,2.79,2.79,7629.0
2023-09-22 04:00:00+00:00,2.8,2.8,2.64,2.64,2.64,6007.0
2023-09-25 04:00:00+00:00,2.59,2.63,2.54,2.575,2.575,6412.0
2023-09-26 04:00:00+00:00,2.64,2.68,2.53,2.53,2.53,8361.0
2023-09-27 04:00:00+00:00,2.61,2.61,2.475,2.49,2.49,5416.0
2023-09-28 04:00:00+00:00,2.5,2.52,2.44,2.44,2.44,10799.0
2023-09-29 04:00:00+00:00,2.44,2.44,2.31,2.31,2.31,4454.0
2023-10-02 04:00:00+00:00,2.29,2.29,2.14,2.145,2.145,4383.0
2023-10-03 04:00:00+00:00,2.105,2.15,2.08,2.12,2.12,15088.0
2023-10-04 04:00:00+00:00,2.115,2.195,2.115,2.155,2.155,6322.0
2023-10-05 04:00:00+00:00,2.215,2.375,2.215,2.35,2.35,4774.0
2023-10-06 04:00:00+00:00,2.265,2.415,2.265,2.41,2.41,5715.0
2023-10-09 04:00:00+00:00,2.44,2.545,2.36,2.375,2.375,4429.0
2023-10-10 04:00:00+00:00,2.395,2.56,2.385,2.41,2.41,7936.0
2023-10-11 04:00:00+00:00,2.325,2.365,2.19,2.205,2.205,2691.0
2023-10-12 04:00:00+00:00,2.23,2.24,2.155,2.23,2.23,2945.0
2023-10-13 04:00:00+00:00,2.22,2.235,2.21,2.235,2.235,1375.0
2023-10-16 04:00:00+00:00,2.29,2.29,2.22,2.25,2.25,2322.0
2023-10-17 04:00:00+00:00,2.405,2.5,2.405,2.44,2.44,3296.0
2023-10-18 04:00:00+00:00,2.305,2.325,2.27,2.28,2.28,3173.0
2023-10-19 04:00:00+00:00,2.32,2.32,2.16,2.2,2.2,4501.0
2023-10-20 04:00:00+00:00,2.17,2.355,2.17,2.295,2.295,3932.0
2023-10-23 04:00:00+00:00,2.27,2.315,2.205,2.31,2.31,7199.0
2023-10-24 04:00:00+00:00,2.38,2.38,2.265,2.265,2.265,3929.0
2023-10-25 04:00:00+00:00,2.245,2.29,2.195,2.225,2.225,7562.0
2023-10-26 04:00:00+00:00,2.18,2.285,2.18,2.21,2.21,4466.0
2023-10-27 04:00:00+00:00,2.18,2.215,2.13,2.215,2.215,4126.0
2023-10-30 04:00:00+00:00,2.26,2.28,2.24,2.255,2.255,5215.0
2023-10-31 04:00:00+00:00,2.28,2.36,2.27,2.325,2.325,1503.0
2023-11-01 04:00:00+00:00,2.325,2.345,2.28,2.33,2.33,4774.0
2023-11-02 04:00:00+00:00,2.38,2.47,2.38,2.47,2.47,7740.0
2023-11-03 04:00:00+00:00,2.57,2.57,2.3,2.3,2.3,2633.0
2023-11-06 05:00:00+00:00,2.22,2.235,2.065,2.085,2.085,4238.0
2023-11-07 05:00:00+00:00,2.09,2.105,2.07,2.095,2.095,742.0
2023-11-08 05:00:00+00:00,1.95,2.0,1.95,2.0,2.0,2657.0
2023-11-09 05:00:00+00:00,2.06,2.07,1.94,1.94,1.94,9849.0
2023-11-10 05:00:00+00:00,1.94,2.07,1.94,2.045,2.045,1974.0
2023-11-13 05:00:00+00:00,2.095,2.095,2.025,2.05,2.05,2579.0
2023-11-14 05:00:00+00:00,1.51,1.555,1.19,1.365,1.365,24848.0
2023-11-15 05:00:00+00:00,1.62,1.955,1.59,1.715,1.715,34911.0
2023-11-16 05:00:00+00:00,1.72,1.72,1.5,1.575,1.575,9032.0
2023-11-17 05:00:00+00:00,1.59,1.59,1.495,1.51,1.51,2404.0
2023-11-20 05:00:00+00:00,1.56,1.63,1.495,1.58,1.58,24763.0
2023-11-21 05:00:00+00:00,1.56,1.6,1.52,1.575,1.575,13992.0
2023-11-22 05:00:00+00:00,1.68,1.76,1.65,1.695,1.695,15929.0
2023-11-24 05:00:00+00:00,1.65,1.65,1.6,1.615,1.615,1404.0
2023-11-27 05:00:00+00:00,1.6,1.61,1.58,1.59,1.59,8609.0
2023-11-28 05:00:00+00:00,1.55,1.56,1.505,1.53,1.53,3266.0
2023-11-29 05:00:00+00:00,1.61,1.655,1.57,1.575,1.575,6102.0
2023-11-30 05:00:00+00:00,1.62,1.67,1.58,1.58,1.58,4565.0
2023-12-01 05:00:00+00:00,1.55,1.68,1.55,1.66,1.66,5736.0
2023-12-04 05:00:00+00:00,1.67,1.69,1.55,1.56,1.56,7847.0
2023-12-05 05:00:00+00:00,1.585,1.585,1.495,1.495,1.495,3057.0
2023-12-06 05:00:00+00:00,1.55,1.55,1.48,1.485,1.485,2874.0
2023-12-07 05:00:00+00:00,1.5,1.51,1.445,1.45,1.45,3300.0
2023-12-08 05:00:00+00:00,1.46,1.46,1.43,1.455,1.455,597.0
2023-12-11 05:00:00+00:00,1.46,1.46,1.405,1.405,1.405,956.0
2023-12-12 05:00:00+00:00,1.385,1.54,1.385,1.505,1.505,7142.0
2023-12-13 05:00:00+00:00,1.55,1.57,1.48,1.545,1.545,5237.0
2023-12-14 05:00:00+00:00,1.57,1.62,1.57,1.57,1.57,3160.0
2023-12-15 05:00:00+00:00,1.6,1.68,1.53,1.575,1.575,15152.0
2023-12-18 05:00:00+00:00,1.57,1.68,1.57,1.665,1.665,15776.0
2023-12-19 05:00:00+00:00,1.705,1.73,1.695,1.72,1.72,5575.0
2023-12-20 05:00:00+00:00,2.07,2.1,1.9,1.9,1.9,32323.0
2023-12-21 05:00:00+00:00,1.97,2.17,1.97,2.135,2.135,30361.0
2023-12-22 05:00:00+00:00,2.245,2.245,2.055,2.125,2.125,13660.0
2023-12-26 05:00:00+00:00,2.195,2.23,2.06,2.12,2.12,13460.0
2023-12-27 05:00:00+00:00,2.31,2.32,2.14,2.185,2.185,25905.0
2023-12-28 05:00:00+00:00,2.145,2.145,2.005,2.075,2.075,6651.0
2023-12-29 05:00:00+00:00,2.005,2.005,1.885,1.95,1.95,4293.0
2024-01-02 05:00:00+00:00,1.965,2.07,1.915,1.98,1.98,6778.0
2024-01-03 05:00:00+00:00,1.92,1.945,1.81,1.81,1.81,6522.0
2024-01-04 05:00:00+00:00,1.79,1.83,1.75,1.775,1.775,7196.0
2024-01-05 05:00:00+00:00,1.8,1.8,1.73,1.77,1.77,2557.0
2024-01-08 05:00:00+00:00,1.73,1.79,1.705,1.75,1.75,9778.0
2024-01-09 05:00:00+00:00,1.77,1.775,1.735,1.74,1.74,6924.0
2024-01-10 05:00:00+00:00,1.74,1.74,1.68,1.715,1.715,2747.0
2024-01-11 05:00:00+00:00,1.665,1.665,1.62,1.645,1.645,2825.0
2024-01-12 05:00:00+00:00,1.64,1.665,1.61,1.66,1.66,4032.0
2024-01-16 05:00:00+00:00,1.65,1.65,1.57,1.57,1.57,4482.0
2024-01-17 05:00:00+00:00,1.52,1.52,1.41,1.41,1.41,1800.0
2024-01-18 05:00:00+00:00,1.32,1.325,1.32,1.325,1.325,624.0
2024-01-19 05:00:00+00:00,1.22,1.305,1.185,1.3,1.3,2545.0
2024-01-22 05:00:00+00:00,1.355,1.475,1.355,1.475,1.475,1148.0
2024-01-23 05:00:00+00:00,1.41,1.44,1.4,1.43,1.43,774.0
2024-01-24 05:00:00+00:00,1.48,1.48,1.48,1.48,1.48,374.0
2024-01-25 05:00:00+00:00,1.37,1.37,1.33,1.33,1.33,389.0
2024-01-26 05:00:00+00:00,1.34,1.425,1.34,1.42,1.42,3488.0
2024-01-29 05:00:00+00:00,1.37,1.585,1.37,1.585,1.585,6324.0
2024-01-30 05:00:00+00:00,1.565,1.73,1.565,1.715,1.715,29260.0
2024-01-31 05:00:00+00:00,1.65,1.78,1.61,1.69,1.69,9747.0
2024-02-01 05:00:00+00:00,1.695,1.885,1.695,1.81,1.81,21100.0
2024-02-02 05:00:00+00:00,1.73,1.77,1.71,1.76,1.76,1402.0
2024-02-05 05:00:00+00:00,1.68,1.77,1.67,1.71,1.71,5700.0
2024-02-06 05:00:00+00:00,1.73,1.84,1.705,1.81,1.81,6470.0
2024-02-07 05:00:00+00:00,1.83,1.945,1.77,1.81,1.81,8968.0
2024-02-08 05:00:00+00:00,1.79,1.795,1.745,1.755,1.755,3555.0
2024-02-09 05:00:00+00:00,1.755,1.925,1.755,1.89,1.89,1616.0
2024-02-12 05:00:00+00:00,1.94,2.16,1.94,2.145,2.145,5375.0
2024-02-13 05:00:00+00:00,1.88,1.88,1.715,1.785,1.785,3196.0
2024-02-14 05:00:00+00:00,1.7,1.88,1.7,1.845,1.845,2348.0
2024-02-15 05:00:00+00:00,1.96,2.075,1.96,2.04,2.04,8755.0
2024-02-16 05:00:00+00:00,2.08,2.1,1.91,1.935,1.935,11917.0
2024-02-20 05:00:00+00:00,1.945,2.03,1.89,1.98,1.98,7033.0
2024-02-21 05:00:00+00:00,1.94,1.94,1.795,1.795,1.795,680.0
2024-02-22 05:00:00+00:00,1.87,1.87,1.815,1.865,1.865,4286.0
2024-02-23 05:00:00+00:00,1.77,1.815,1.755,1.755,1.755,8785.0
2024-02-26 05:00:00+00:00,1.78,1.85,1.755,1.82,1.82,2454.0
2024-02-27 05:00:00+00:00,1.89,1.945,1.87,1.935,1.935,4803.0
2024-02-28 05:00:00+00:00,1.98,2.075,1.94,2.06,2.06,10839.0
2024-02-29 05:00:00+00:00,2.04,2.07,2.0,2.04,2.04,4167.0
2024-03-01 05:00:00+00:00,2.02,2.02,1.94,1.97,1.97,7265.0
2024-03-04 05:00:00+00:00,1.94,1.99,1.85,1.98,1.98,6376.0
2024-03-05 05:00:00+00:00,1.91,1.91,1.79,1.835,1.835,1839.0
2024-03-06 05:00:00+00:00,1.765,1.765,1.665,1.665,1.665,1292.0
2024-03-07 05:00:00+00:00,1.76,1.76,1.695,1.71,1.71,1235.0
2024-03-08 05:00:00+00:00,1.76,1.83,1.75,1.75,1.75,4166.0
2024-03-11 04:00:00+00:00,1.75,1.765,1.73,1.735,1.735,2754.0
2024-03-12 04:00:00+00:00,1.705,1.705,1.625,1.625,1.625,3276.0
2024-03-13 04:00:00+00:00,1.665,1.665,1.62,1.62,1.62,1087.0
2024-03-14 04:00:00+00:00,1.555,1.555,1.435,1.495,1.495,1320.0
2024-03-15 04:00:00+00:00,1.53,1.55,1.45,1.545,1.545,5965.0
2024-03-18 04:00:00+00:00,1.56,1.65,1.53,1.625,1.625,3008.0
2024-03-19 04:00:00+00:00,1.61,1.61,1.51,1.54,1.54,3518.0
2024-03-20 04:00:00+00:00,1.46,1.55,1.46,1.53,1.53,6203.0
2024-03-21 04:00:00+00:00,1.535,1.63,1.535,1.625,1.625,3882.0
2024-03-22 04:00:00+00:00,1.6,1.61,1.56,1.56,1.56,1568.0
2024-03-25 04:00:00+00:00,1.61,1.69,1.565,1.69,1.69,5474.0
2024-03-26 04:00:00+00:00,1.72,1.72,1.64,1.68,1.68,6738.0
2024-03-27 04:00:00+00:00,1.685,1.745,1.685,1.745,1.745,2125.0
2024-03-28 04:00:00+00:00,1.71,1.765,1.71,1.73,1.73,6630.0
2024-04-01 04:00:00+00:00,1.7,1.7,1.57,1.57,1.57,2791.0
2024-04-02 04:00:00+00:00,1.58,1.585,1.54,1.585,1.585,1413.0
2024-04-03 04:00:00+00:00,1.6,1.605,1.58,1.58,1.58,3437.0
2024-04-04 04:00:00+00:00,1.6,1.67,1.6,1.625,1.625,2470.0
2024-04-05 04:00:00+00:00,1.6,1.68,1.595,1.62,1.62,798.0
2024-04-08 04:00:00+00:00,1.6,1.66,1.6,1.63,1.63,1436.0
2024-04-09 04:00:00+00:00,1.625,1.68,1.625,1.67,1.67,3190.0
2024-04-10 04:00:00+00:00,1.645,1.645,1.565,1.575,1.575,4302.0
2024-04-11 04:00:00+00:00,1.605,1.605,1.505,1.505,1.505,6047.0
2024-04-12 04:00:00+00:00,1.46,1.465,1.43,1.43,1.43,2757.0
2024-04-15 04:00:00+00:00,1.39,1.405,1.285,1.295,1.295,6577.0
2024-04-16 04:00:00+00:00,1.305,1.34,1.255,1.325,1.325,970.0
2024-04-17 04:00:00+00:00,1.3,1.3,1.26,1.28,1.28,2963.0
2024-04-18 04:00:00+00:00,1.26,1.27,1.145,1.175,1.175,2877.0
2024-04-19 04:00:00+00:00,1.17,1.255,1.17,1.215,1.215,3138.0
2024-04-22 04:00:00+00:00,1.245,1.42,1.165,1.24,1.24,15453.0
2024-04-23 04:00:00+00:00,1.19,1.275,1.18,1.21,1.21,7457.0
2024-04-24 04:00:00+00:00,1.215,1.31,1.195,1.31,1.31,3739.0
2024-04-25 04:00:00+00:00,1.23,1.23,1.15,1.16,1.16,4240.0
2024-04-26 04:00:00+00:00,1.205,1.215,1.155,1.16,1.16,4701.0
2024-04-29 04:00:00+00:00,1.17,1.185,1.075,1.075,1.075,4141.0
2024-04-30 04:00:00+00:00,1.09,1.13,1.08,1.09,1.09,3464.0
2024-05-01 04:00:00+00:00,1.11,1.2,1.11,1.14,1.14,4617.0
2024-05-02 04:00:00+00:00,1.12,1.2,1.12,1.2,1.2,3208.0
2024-05-03 04:00:00+00:00,1.27,1.27,1.27,1.27,1.27,714.0
2024-05-06 04:00:00+00:00,1.25,1.25,1.165,1.25,1.25,6565.0
2024-05-07 04:00:00+00:00,1.25,1.28,1.205,1.275,1.275,11056.0
2024-05-08 04:00:00+00:00,1.29,1.38,1.275,1.29,1.29,18271.0
2024-05-09 04:00:00+00:00,1.295,1.295,1.18,1.185,1.185,4949.0
2024-05-10 04:00:00+00:00,1.185,1.185,1.12,1.15,1.15,4351.0
2024-05-13 04:00:00+00:00,1.2,1.21,1.12,1.12,1.12,2397.0
2024-05-14 04:00:00+00:00,1.13,1.14,1.125,1.13,1.13,2949.0
2024-05-15 04:00:00+00:00,1.15,1.24,1.14,1.21,1.21,9596.0
2024-05-16 04:00:00+00:00,1.23,1.415,1.23,1.39,1.39,9002.0
2024-05-17 04:00:00+00:00,1.33,1.365,1.325,1.35,1.35,3387.0
2024-05-20 04:00:00+00:00,1.31,1.34,1.235,1.305,1.305,14262.0
2024-05-21 04:00:00+00:00,1.285,1.305,1.275,1.28,1.28,6126.0
2024-05-22 04:00:00+00:00,1.275,1.28,1.175,1.2,1.2,3730.0
2024-05-23 04:00:00+00:00,1.23,1.23,1.075,1.095,1.095,6140.0
2024-05-24 04:00:00+00:00,1.08,1.12,1.065,1.105,1.105,21777.0
2024-05-28 04:00:00+00:00,1.115,1.24,1.09,1.205,1.205,12551.0
2024-05-29 04:00:00+00:00,1.16,1.235,1.16,1.2,1.2,5951.0
2024-05-30 04:00:00+00:00,1.185,1.265,1.185,1.23,1.23,3502.0
2024-05-31 04:00:00+00:00,1.265,1.28,1.22,1.27,1.27,4006.0
2024-06-03 04:00:00+00:00,1.25,1.265,1.16,1.17,1.17,9850.0
2024-06-04 04:00:00+00:00,1.19,1.195,1.18,1.195,1.195,1758.0
2024-06-05 04:00:00+00:00,1.185,1.245,1.18,1.245,1.245,3200.0
2024-06-06 04:00:00+00:00,1.24,1.24,1.17,1.175,1.175,5138.0
2024-06-07 04:00:00+00:00,1.2,1.205,1.18,1.18,1.18,5233.0
2024-06-10 04:00:00+00:00,1.19,1.33,1.155,1.25,1.25,16356.0
2024-06-11 04:00:00+00:00,1.25,1.31,1.25,1.275,1.275,1631.0
2024-06-12 04:00:00+00:00,1.3,1.305,1.24,1.25,1.25,12150.0
2024-06-13 04:00:00+00:00,1.27,1.27,1.23,1.23,1.23,10280.0
2024-06-14 04:00:00+00:00,1.25,1.3,1.24,1.25,1.25,4031.0
2024-06-17 04:00:00+00:00,1.21,1.31,1.21,1.3,1.3,18001.0
2024-06-18 04:00:00+00:00,1.3,1.315,1.25,1.27,1.27,10006.0
2024-06-20 04:00:00+00:00,1.29,1.335,1.29,1.315,1.315,4799.0
2024-06-21 04:00:00+00:00,1.31,1.36,1.25,1.25,1.25,10045.0
2024-06-24 04:00:00+00:00,1.31,1.48,1.275,1.35,1.35,20256.0
2024-06-25 04:00:00+00:00,0.9501,0.9501,0.6464,0.658,0.658,83333.0
2024-06-26 04:00:00+00:00,0.6114,0.6415,0.6114,0.6362,0.6362,15687.0
2024-06-27 04:00:00+00:00,0.6238,0.6383,0.5614,0.58,0.58,59604.0
2024-06-28 04:00:00+00:00,0.5804,0.5804,0.5351,0.543,0.543,30419.0
2024-07-01 04:00:00+00:00,0.5486,0.6385,0.5486,0.629,0.629,37444.0
2024-07-02 04:00:00+00:00,0.5912,0.603,0.5867,0.6003,0.6003,8050.0
2024-07-03 04:00:00+00:00,0.5989,0.6073,0.5813,0.5903,0.5903,77368.0
2024-07-05 04:00:00+00:00,0.5989,0.5989,0.5746,0.5794,0.5794,10235.0
2024-07-08 04:00:00+00:00,0.581,0.581,0.553,0.5663,0.5663,13289.0
2024-07-09 04:00:00+00:00,0.55,0.5648,0.5291,0.563,0.563,13284.0
2024-07-10 04:00:00+00:00,0.5562,0.59,0.5562,0.59,0.59,3856.0
2024-07-11 04:00:00+00:00,0.5885,0.5974,0.5817,0.5974,0.5974,2725.0
2024-07-12 04:00:00+00:00,0.5942,0.596,0.5559,0.5591,0.5591,8777.0
2024-07-15 04:00:00+00:00,0.56,0.5739,0.5566,0.562,0.562,8391.0
2024-07-16 04:00:00+00:00,0.5673,0.57,0.5602,0.5655,0.5655,4906.0
2024-07-17 04:00:00+00:00,0.57,0.57,0.5505,0.5505,0.5505,6300.0
2024-07-18 04:00:00+00:00,0.5502,0.5701,0.545,0.545,0.545,8979.0
2024-07-19 04:00:00+00:00,0.5457,0.5599,0.5457,0.5598,0.5598,2650.0
2024-07-22 04:00:00+00:00,0.5426,0.5535,0.5412,0.55,0.55,4076.0
2024-07-23 04:00:00+00:00,0.547,0.5819,0.547,0.5762,0.5762,7182.0
2024-07-24 04:00:00+00:00,0.57,0.579,0.5617,0.579,0.579,1178.0
2024-07-25 04:00:00+00:00,0.563,0.6284,0.563,0.6229,0.6229,3323.0
2024-07-26 04:00:00+00:00,0.6229,0.6541,0.613,0.64,0.64,3553.0
2024-07-29 04:00:00+00:00,0.6263,0.6263,0.61,0.622,0.622,1558.0
2024-07-30 04:00:00+00:00,0.6172,0.6172,0.5721,0.5721,0.5721,1126.0
2024-07-31 04:00:00+00:00,0.599,0.628,0.5801,0.5801,0.5801,5338.0
2024-08-01 04:00:00+00:00,0.5682,0.58,0.5449,0.5449,0.5449,2574.0
2024-08-02 04:00:00+00:00,0.532,0.532,0.532,0.532,0.532,444.0
2024-08-05 04:00:00+00:00,0.483,0.549,0.483,0.5,0.5,6461.0
2024-08-06 04:00:00+00:00,0.5686,0.5686,0.5035,0.5094,0.5094,3778.0
2024-08-07 04:00:00+00:00,0.5328,0.54,0.4213,0.4213,0.4213,3870.0
2024-08-08 04:00:00+00:00,0.421,0.445,0.4201,0.4201,0.4201,4215.0
2024-08-09 04:00:00+00:00,0.4523,0.525,0.4299,0.4303,0.4303,5906.0
2024-08-12 04:00:00+00:00,0.455,0.455,0.4307,0.4307,0.4307,4404.0
2024-08-13 04:00:00+00:00,0.447,0.447,0.419,0.4201,0.4201,1000.0
2024-08-14 04:00:00+00:00,0.394,0.4,0.38,0.383,0.383,1804.0
2024-08-15 04:00:00+00:00,0.4003,0.4003,0.362,0.3695,0.3695,11662.0
2024-08-16 04:00:00+00:00,0.429,0.4663,0.427,0.4663,0.4663,12430.0
2024-08-19 04:00:00+00:00,0.452,0.52,0.452,0.496,0.496,11300.0
2024-08-20 04:00:00+00:00,0.5,0.5032,0.4901,0.4967,0.4967,7111.0
2024-08-21 04:00:00+00:00,0.467,0.4738,0.455,0.463,0.463,1920.0
2024-08-22 04:00:00+00:00,0.449,0.449,0.435,0.435,0.435,329.0
2024-08-23 04:00:00+00:00,0.4202,0.4587,0.4129,0.4587,0.4587,3525.0
2024-08-26 04:00:00+00:00,0.456,0.456,0.4401,0.4451,0.4451,4986.0
2024-08-27 04:00:00+00:00,0.4399,0.4405,0.42,0.431,0.431,7584.0
2024-08-28 04:00:00+00:00,0.419,0.42,0.4176,0.418,0.418,1565.0
2024-08-29 04:00:00+00:00,0.4039,0.409,0.4,0.409,0.409,1921.0
2024-08-30 04:00:00+00:00,0.445,0.445,0.4406,0.4406,0.4406,1240.0
2024-09-03 04:00:00+00:00,0.415,0.427,0.415,0.427,0.427,1001.0
2024-09-04 04:00:00+00:00,0.403,0.403,0.403,0.403,0.403,502.0
2024-09-05 04:00:00+00:00,0.3974,0.4326,0.3974,0.4309,0.4309,1347.0
2024-09-06 04:00:00+00:00,0.4309,0.4309,0.4309,0.4309,0.4309,0.0
2024-09-09 04:00:00+00:00,0.4,0.4,0.4,0.4,0.4,377.0
2024-09-10 04:00:00+00:00,0.4,0.4,0.4,0.4,0.4,0.0
2024-09-11 04:00:00+00:00,0.3879,0.3879,0.3858,0.3858,0.3858,808.0
2024-09-12 04:00:00+00:00,0.4011,0.4011,0.4,0.4,0.4,1264.0
2024-09-13 04:00:00+00:00,0.4,0.4,0.4,0.4,0.4,0.0
2024-09-16 04:00:00+00:00,0.4,0.4,0.4,0.4,0.4,0.0
2024-09-17 04:00:00+00:00,0.4,0.4,0.4,0.4,0.4,0.0
2024-09-18 04:00:00+00:00,0.4026,0.4056,0.4026,0.4056,0.4056,500.0
2024-09-19 04:00:00+00:00,0.3802,0.389,0.3802,0.386,0.386,2244.0
2024-09-20 04:00:00+00:00,0.3959,0.397,0.3815,0.3927,0.3927,2609.0
2024-09-23 04:00:00+00:00,0.3954,0.3997,0.3777,0.378,0.378,8357.0
2024-09-24 04:00:00+00:00,0.3782,0.3782,0.3782,0.3782,0.3782,321.0
2024-09-25 04:00:00+00:00,0.3739,0.3739,0.3698,0.3698,0.3698,984.0
2024-09-26 04:00:00+00:00,0.3588,0.371,0.3588,0.371,0.371,1525.0
2024-09-27 04:00:00+00:00,0.3694,0.37,0.3329,0.353,0.353,3662.0
2024-09-30 04:00:00+00:00,0.3845,0.3863,0.3845,0.3863,0.3863,356.0
2024-10-01 04:00:00+00:00,0.3811,0.3811,0.2961,0.31,0.31,21040.0
2024-10-02 04:00:00+00:00,0.3475,0.3886,0.3121,0.3331,0.3331,28025.0
2024-10-03 04:00:00+00:00,0.3257,0.388,0.3207,0.388,0.388,4881.0
2024-10-04 04:00:00+00:00,0.3933,0.443,0.3812,0.428,0.428,17606.0
2024-10-07 04:00:00+00:00,0.435,0.435,0.3901,0.3956,0.3956,9232.0
2024-10-08 04:00:00+00:00,0.364,0.364,0.3331,0.357,0.357,8577.0
2024-10-09 04:00:00+00:00,0.376,0.421,0.35,0.3575,0.3575,11306.0
2024-10-10 04:00:00+00:00,0.336,0.3379,0.3235,0.332,0.332,7096.0
2024-10-11 04:00:00+00:00,0.3369,0.3494,0.3111,0.342,0.342,5910.0
2024-10-14 04:00:00+00:00,0.355,0.355,0.3052,0.3143,0.3143,18965.0
2024-10-15 04:00:00+00:00,0.321,0.335,0.321,0.3299,0.3299,4510.0
2024-10-16 04:00:00+00:00,0.336,0.336,0.3297,0.3317,0.3317,4465.0
2024-10-17 04:00:00+00:00,0.3309,0.3393,0.3247,0.3393,0.3393,2847.0
2024-10-18 04:00:00+00:00,0.3432,0.3432,0.3274,0.3323,0.3323,2215.0
2024-10-21 04:00:00+00:00,0.339,0.3567,0.339,0.351,0.351,1681.0
2024-10-22 04:00:00+00:00,0.358,0.3889,0.358,0.3889,0.3889,700.0
2024-10-23 04:00:00+00:00,0.3889,0.3889,0.3889,0.3889,0.3889,0.0
2024-10-24 04:00:00+00:00,0.3987,0.3987,0.3962,0.398,0.398,1684.0
2024-10-25 04:00:00+00:00,0.382,0.405,0.382,0.405,0.405,2076.0
2024-10-28 04:00:00+00:00,0.401,0.4394,0.401,0.43,0.43,10460.0
2024-10-29 04:00:00+00:00,0.431,0.4808,0.431,0.4718,0.4718,8486.0
2024-10-30 04:00:00+00:00,0.491,0.5758,0.49,0.5175,0.5175,18422.0
2024-10-31 04:00:00+00:00,0.5358,0.5767,0.521,0.5679,0.5679,3830.0
2024-11-01 04:00:00+00:00,0.589,0.59,0.48,0.48,0.48,5550.0
2024-11-04 05:00:00+00:00,0.4801,0.4801,0.4801,0.4801,0.4801,1700.0
2024-11-05 05:00:00+00:00,0.4519,0.4519,0.4366,0.4366,0.4366,610.0
2024-11-06 05:00:00+00:00,0.459,0.48,0.4451,0.48,0.48,1103.0
2024-11-07 05:00:00+00:00,0.4901,0.5161,0.4901,0.5109,0.5109,1601.0
2024-11-08 05:00:00+00:00,0.5001,0.5001,0.4696,0.4739,0.4739,4587.0
2024-11-11 05:00:00+00:00,0.5,0.5116,0.4832,0.509,0.509,2119.0
2024-11-12 05:00:00+00:00,0.439,0.5,0.439,0.4974,0.4974,4283.0
2024-11-13 05:00:00+00:00,0.4836,0.4873,0.4836,0.4873,0.4873,1157.0
2024-11-14 05:00:00+00:00,0.481,0.5598,0.481,0.5321,0.5321,8539.0
2024-11-15 05:00:00+00:00,0.54,0.54,0.5005,0.501,0.501,9178.0
2024-11-18 05:00:00+00:00,0.538,0.538,0.5074,0.5088,0.5088,3489.0
2024-11-19 05:00:00+00:00,0.509,0.529,0.509,0.5246,0.5246,1479.0
2024-11-20 05:00:00+00:00,0.5128,0.5128,0.493,0.493,0.493,1949.0
2024-11-21 05:00:00+00:00,0.503,0.5193,0.4998,0.5098,0.5098,3383.0
2024-11-22 05:00:00+00:00,0.5344,0.557,0.525,0.532,0.532,2102.0
2024-11-25 05:00:00+00:00,0.5598,0.5623,0.551,0.559,0.559,3692.0
2024-11-26 05:00:00+00:00,0.5645,0.6739,0.5645,0.6671,0.6671,31422.0
2024-11-27 05:00:00+00:00,0.6112,0.6112,0.5412,0.5839,0.5839,225173.0
2024-11-29 05:00:00+00:00,0.55,0.55,0.51,0.5151,0.5151,10979.0
2024-12-02 05:00:00+00:00,0.52,0.52,0.491,0.505,0.505,7814.0
2024-12-03 05:00:00+00:00,0.5,0.5517,0.5,0.5517,0.5517,6547.0
2024-12-04 05:00:00+00:00,0.54,0.54,0.4991,0.5,0.5,11151.0
2024-12-05 05:00:00+00:00,0.5028,0.5101,0.4998,0.4998,0.4998,2328.0
2024-12-06 05:00:00+00:00,0.464,0.4934,0.46,0.4934,0.4934,1013.0
2024-12-09 05:00:00+00:00,0.5,0.5,0.495,0.495,0.495,3039.0
2024-12-10 05:00:00+00:00,0.4596,0.4845,0.456,0.47,0.47,3485.0
2024-12-11 05:00:00+00:00,0.4872,0.4939,0.4797,0.4923,0.4923,1499.0
2024-12-12 05:00:00+00:00,0.46,0.4996,0.45,0.4784,0.4784,11689.0
2024-12-13 05:00:00+00:00,0.488,0.488,0.4642,0.4725,0.4725,4391.0
2024-12-16 05:00:00+00:00,0.461,0.48,0.461,0.479,0.479,3058.0
2024-12-17 05:00:00+00:00,0.4675,0.47,0.461,0.47,0.47,4838.0
2024-12-18 05:00:00+00:00,0.468,0.468,0.4361,0.4361,0.4361,3400.0
2024-12-19 05:00:00+00:00,0.4129,0.43,0.4129,0.429,0.429,2014.0
2024-12-20 05:00:00+00:00,0.426,0.429,0.426,0.429,0.429,606.0
2024-12-23 05:00:00+00:00,0.4235,0.4235,0.4235,0.4235,0.4235,117.0
2024-12-24 05:00:00+00:00,0.4451,0.4451,0.4451,0.4451,0.4451,400.0
2024-12-26 05:00:00+00:00,0.4801,0.4801,0.446,0.446,0.446,2378.0
2024-12-27 05:00:00+00:00,0.4587,0.544,0.43,0.4336,0.4336,322860.0
2024-12-30 05:00:00+00:00,0.39,0.4,0.327,0.3713,0.3713,24493.0
2024-12-31 05:00:00+00:00,0.387,0.387,0.33,0.3562,0.3562,10953.0
2025-01-02 05:00:00+00:00,0.376,0.376,0.3553,0.3556,0.3556,4242.0
2025-01-03 05:00:00+00:00,0.3451,0.355,0.3451,0.355,0.355,3559.0
2025-01-06 05:00:00+00:00,0.342,0.3815,0.342,0.375,0.375,18725.0
2025-01-07 05:00:00+00:00,0.389,0.425,0.3875,0.405,0.405,30216.0
2025-01-08 05:00:00+00:00,0.416,0.416,0.3736,0.3873,0.3873,7777.0
2025-01-10 05:00:00+00:00,0.3724,0.3977,0.3637,0.3803,0.3803,15150.0
2025-01-13 05:00:00+00:00,0.3777,0.3777,0.3636,0.3636,0.3636,1022.0
2025-01-14 05:00:00+00:00,0.377,0.377,0.3552,0.3597,0.3597,1863.0
2025-01-15 05:00:00+00:00,0.3489,0.359,0.3419,0.3579,0.3579,4832.0
2025-01-16 05:00:00+00:00,0.357,0.3596,0.357,0.3596,0.3596,595.0
2025-01-17 05:00:00+00:00,0.4011,0.4601,0.401,0.4147,0.4147,35340.0
2025-01-21 05:00:00+00:00,0.45,0.4668,0.421,0.4336,0.4336,5757.0
2025-01-22 05:00:00+00:00,0.421,0.44,0.383,0.3929,0.3929,8337.0
2025-01-23 05:00:00+00:00,0.4063,0.42,0.4062,0.4176,0.4176,6810.0
2025-01-24 05:00:00+00:00,0.4279,0.44,0.4249,0.4273,0.4273,4824.0
2025-01-27 05:00:00+00:00,0.4199,0.4295,0.3937,0.4052,0.4052,3512.0
2025-01-28 05:00:00+00:00,0.384,0.39,0.38,0.3842,0.3842,2054.0
2025-01-29 05:00:00+00:00,0.381,0.388,0.3701,0.388,0.388,4203.0
2025-01-30 05:00:00+00:00,0.3891,0.3891,0.381,0.3824,0.3824,630.0
2025-01-31 05:00:00+00:00,0.3751,0.3936,0.3751,0.3855,0.3855,9016.0
2025-02-03 05:00:00+00:00,0.35,0.3795,0.3325,0.3659,0.3659,37145.0
2025-02-04 05:00:00+00:00,0.37,0.3988,0.37,0.3915,0.3915,5210.0
2025-02-05 05:00:00+00:00,0.423,0.4282,0.3816,0.41,0.41,15209.0
2025-02-06 05:00:00+00:00,0.41,0.4449,0.3903,0.4011,0.4011,41746.0
2025-02-07 05:00:00+00:00,0.435,0.435,0.4,0.417,0.417,21384.0
2025-02-10 05:00:00+00:00,0.4452,0.4476,0.42,0.4368,0.4368,73328.0
2025-02-11 05:00:00+00:00,0.4555,0.514,0.391,0.4098,0.4098,35534.0
2025-02-12 05:00:00+00:00,0.37,0.4036,0.37,0.371,0.371,12411.0
2025-02-13 05:00:00+00:00,0.363,0.3793,0.363,0.3712,0.3712,2952.0
2025-02-14 05:00:00+00:00,0.361,0.3955,0.34,0.3955,0.3955,15158.0
2025-02-18 05:00:00+00:00,0.374,0.3871,0.3626,0.3628,0.3628,20011.0
2025-02-19 05:00:00+00:00,0.371,0.3959,0.3601,0.377,0.377,14081.0
2025-02-20 05:00:00+00:00,0.3716,0.379,0.3556,0.3556,0.3556,17337.0
2025-02-21 05:00:00+00:00,0.3557,0.364,0.344,0.3535,0.3535,8830.0
2025-02-24 05:00:00+00:00,0.3403,0.35,0.3208,0.3225,0.3225,18003.0
2025-02-25 05:00:00+00:00,0.314,0.3223,0.3,0.3203,0.3203,19691.0
2025-02-26 05:00:00+00:00,0.325,0.325,0.3,0.3032,0.3032,7468.0
2025-02-27 05:00:00+00:00,0.2949,0.3101,0.2609,0.2953,0.2953,19922.0
2025-02-28 05:00:00+00:00,0.29,0.2929,0.28,0.2841,0.2841,6409.0
2025-03-03 05:00:00+00:00,0.2737,0.2738,0.26,0.26,0.26,3772.0
2025-03-04 05:00:00+00:00,0.251,0.2871,0.251,0.277,0.277,33780.0
2025-03-05 05:00:00+00:00,0.2917,0.2917,0.2748,0.2748,0.2748,1601.0
2025-03-06 05:00:00+00:00,0.2601,0.2601,0.2601,0.2601,0.2601,100.0
2025-03-07 05:00:00+00:00,0.2655,0.2683,0.2601,0.2601,0.2601,980.0
2025-03-10 04:00:00+00:00,0.2555,0.26,0.2432,0.2462,0.2462,11445.0
2025-03-11 04:00:00+00:00,0.2545,0.2569,0.2476,0.25,0.25,12319.0
2025-03-12 04:00:00+00:00,0.264,0.264,0.25,0.2573,0.2573,5776.0
2025-03-13 04:00:00+00:00,0.258,0.258,0.249,0.25,0.25,11150.0
2025-03-14 04:00:00+00:00,0.2582,0.2702,0.2582,0.2695,0.2695,6947.0
2025-03-17 04:00:00+00:00,0.2875,0.32,0.2869,0.2982,0.2982,37601.0
2025-03-18 04:00:00+00:00,0.2999,0.2999,0.267,0.2837,0.2837,15694.0
2025-03-19 04:00:00+00:00,0.286,0.2875,0.2681,0.2793,0.2793,37480.0
2025-03-20 04:00:00+00:00,0.2724,0.2829,0.2658,0.2748,0.2748,27102.0
2025-03-21 04:00:00+00:00,0.272,0.272,0.2609,0.2686,0.2686,20021.0
2025-03-24 04:00:00+00:00,0.2802,0.2877,0.28,0.2867,0.2867,8813.0
2025-03-25 04:00:00+00:00,0.3001,0.304,0.291,0.3003,0.3003,7887.0
2025-03-26 04:00:00+00:00,0.3049,0.3091,0.29,0.295,0.295,10811.0
2025-03-27 04:00:00+00:00,0.28,0.2884,0.2761,0.2809,0.2809,1790.0
2025-03-28 04:00:00+00:00,0.2714,0.273,0.2553,0.273,0.273,4842.0
2025-03-31 04:00:00+00:00,0.2622,0.28,0.2622,0.2757,0.2757,15238.0
2025-04-01 04:00:00+00:00,0.2585,0.267,0.2473,0.2509,0.2509,15210.0
2025-04-02 04:00:00+00:00,0.253,0.2574,0.2465,0.2505,0.2505,5831.0
2025-04-03 04:00:00+00:00,0.242,0.2504,0.2417,0.2456,0.2456,4328.0
2025-04-04 04:00:00+00:00,0.2493,0.2493,0.2228,0.2417,0.2417,3587.0
